annulus_fraction,annulus_inner_kx,annulus_inner_ky,annulus_outer_kx,annulus_outer_ky,kx,ky,omega_aniso
0.14999999999999999,0.68358472146579041,0,0.92484991727724575,0,-0.92484991727724575,-0.92484991727724575,3.0436296196253578
0.14999999999999999,0.68355510648829532,0.0063630036333086476,0.92480984995475235,0.0086087696215352283,-0.8508619238950661,-0.92484991727724575,3.0047821007349409
0.14999999999999999,0.68346626412183253,0.012725455937122985,0.92468965145894988,0.017216793326695803,-0.77687393051288645,-0.92484991727724575,2.972217362271496
0.14999999999999999,0.68331820206424732,0.019086805629719258,0.92448933220456986,0.025823325263737817,-0.70288593713070679,-0.92484991727724575,2.9454512367651819
0.14999999999999999,0.68311093314454052,0.025446501524910684,0.92420890954849599,0.034427619710173274,-0.62889794374852714,-0.92484991727724575,2.9238983221958423
0.14999999999999999,0.68284447532175729,0.031803992579805589,0.92384840778825972,0.04302893113738402,-0.55490995036634749,-0.92484991727724575,2.9069183291482847
0.14999999999999999,0.68251885168343041,0.038158727942553101,0.9234078581599352,0.051626514275218895,-0.48092195698416773,-0.92484991727724575,2.8938554703912103
0.14999999999999999,0.68213409044358064,0.044510157000072402,0.92288729883543263,0.060219624176568544,-0.40693396360198808,-0.92484991727724575,2.8840695717044444
0.14999999999999999,0.68169022494027176,0.050857729425761083,0.9222867749191912,0.068807516281912048,-0.33294597021980843,-0.92484991727724575,2.8769604980425809
0.14999999999999999,0.68118729363272157,0.057200895227178923,0.9216063384442702,0.07738944648383031,-0.25895797683762878,-0.92484991727724575,2.8719884944788734
0.14999999999999999,0.68062534009796993,0.063539104793702533,0.92084604836784156,0.08596467119147988,-0.18496998345544913,-0.92484991727724575,2.8686925602168034
0.14999999999999999,0.68000441302710302,0.069871808944146935,0.92000597056608047,0.094532447395022312,-0.11098199007326948,-0.92484991727724575,2.8667076811004151
0.14999999999999999,0.67932456622103443,0.07619845897435007,0.91908617782845814,0.10309203273000302,-0.036993996691089714,-0.92484991727724575,2.8657802924348768
0.14999999999999999,0.6785858585858433,0.082518506704715819,0.9180867498514349,0.11164268554167434,0.036993996691089936,-0.92484991727724575,2.8657802924348732
0.14999999999999999,0.67778835412767036,0.088831404527711669,0.91700777323155391,0.12018366494925695,0.11098199007326959,-0.92484991727724575,2.8667076811002712
0.14999999999999999,0.67693212194717256,0.095136605455316658,0.91584934145793928,0.12871423091013429,0.18496998345544924,-0.92484991727724575,2.868692560216858
0.14999999999999999,0.67601723623353493,0.10143356316641595,0.91461155490419421,0.13723364428397453,0.25895797683762889,-0.92484991727724575,2.8719884944789253
0.14999999999999999,0.67504377625804302,0.10772173205413728,0.91329452081970519,0.14574116689677397,0.33294597021980854,-0.92484991727724575,2.8769604980423344
0.14999999999999999,0.67401182636721435,0.11400056727312571,0.91189835332034863,0.15423606160481712,0.40693396360198819,-0.92484991727724575,2.8840695717049756
0.14999999999999999,0.67292147597548935,0.12026952478675239,0.91042317337860312,0.16271759235854732,0.48092195698416784,-0.92484991727724575,2.8938554703915202
0.14999999999999999,0.67177281955748502,0.12652806141425316,0.90886910881306782,0.17118502426634247,0.55490995036634749,-0.92484991727724575,2.9069183291482847
0.14999999999999999,0.67056595663980822,0.13277563487779306,0.9072362942773875,0.17963762365819058,0.62889794374852714,-0.92484991727724575,2.9238983221958423
0.14999999999999999,0.66930099179243285,0.13901170384945263,0.90552487124858561,0.18807465814925944,0.70288593713070679,-0.92484991727724575,2.9454512367651819
0.14999999999999999,0.66797803461963845,0.14523572799813192,0.90373498801480479,0.19649539670335495,0.77687393051288645,-0.92484991727724575,2.972217362271496
0.14999999999999999,0.66659719975051379,0.15144716803636787,0.90186679966245975,0.20489910969626238,0.85086192389506632,-0.92484991727724575,3.0047821007346736
0.14999999999999999,0.66515860682902495,0.15764548576706169,0.89992046806279835,0.21328506897896579,0.92484991727724575,-0.92484991727724575,3.0436296196253578
0.14999999999999999,0.66366238050364823,0.1638301441301114,0.89789616185787691,0.22165254794073894,-0.92484991727724575,-0.8508619238950661,3.0047821007348485
0.14999999999999999,0.66210865041657008,0.17000060724894611,0.89579405644594767,0.23000082157210353,-0.8508619238950661,-0.8508619238950661,2.9693639180208211
0.14999999999999999,0.66049755119245412,0.17615634047695752,0.89361433396626133,0.23832916652764841,-0.77687393051288645,-0.8508619238950661,2.9403445570412323
0.14999999999999999,0.658829222426776,0.18229681044382506,0.89135718328328517,0.24663686118870448,-0.70288593713070679,-0.8508619238950661,2.9171275110778399
0.14999999999999999,0.65710380867372908,0.18842148510173035,0.88902279997033917,0.25492318572587042,-0.62889794374852714,-0.8508619238950661,2.8990327728497984
0.14999999999999999,0.65532145943369779,0.19452983377145699,0.88661138629264979,0.26318742216138297,-0.55490995036634749,-0.8508619238950661,2.8853427946515273
0.14999999999999999,0.65348232914030546,0.20062132718837189,0.88412315118982499,0.27142885443132664,-0.48092195698416773,-0.8508619238950661,2.875337387351228
0.14999999999999999,0.6515865771470325,0.20669543754828404,0.88155831025774967,0.27964676844767838,-0.40693396360198808,-0.8508619238950661,2.8683191993516894
0.14999999999999999,0.64963436771340899,0.21275163855317672,0.87891708572990623,0.28784045216018023,-0.33294597021980843,-0.8508619238950661,2.8636336726930951
0.14999999999999999,0.64762586999078287,0.21878940545680892,0.87619970645811784,0.29600919561803557,-0.25895797683762878,-0.8508619238950661,2.8606874431112801
0.14999999999999999,0.64556125800766273,0.22480821511018287,0.87340640789272006,0.30415229103142383,-0.18496998345544913,-0.8508619238950661,2.8589677867397536
0.14999999999999999,0.64344071065463959,0.23080754600687275,0.87053743206215928,0.31226903283282781,-0.11098199007326948,-0.8508619238950661,2.858063596725974
0.14999999999999999,0.64126441166888659,0.23678687832821116,0.86759302755202294,0.32035871773816804,-0.036993996691089714,-0.8508619238950661,2.8576861306382657
0.14999999999999999,0.63903254961823863,0.24274569398832926,0.86457344948349923,0.32842064480773958,0.036993996691089936,-0.8508619238950661,2.8576861306380628
0.14999999999999999,0.63674531788485422,0.24868347667904725,0.86147895949127318,0.33645411550694626,0.11098199007326959,-0.8508619238950661,2.8580635967259309
0.14999999999999999,0.63440291464845888,0.25459971191461012,0.85830982570085601,0.34445843376682544,0.18496998345544924,-0.8508619238950661,2.8589677867400449
0.14999999999999999,0.63200554286917432,0.26049388707626603,0.85506632270535343,0.35243290604435989,0.25895797683762889,-0.8508619238950661,2.8606874431113787
0.14999999999999999,0.62955341026993272,0.26636549145668259,0.85174873154167352,0.36037684138257053,0.33294597021980854,-0.8508619238950661,2.863633672693644
0.14999999999999999,0.6270467293184776,0.27221401630419789,0.84835733966617555,0.36828955147038533,0.40693396360198819,-0.8508619238950661,2.8683191993517401
0.14999999999999999,0.62448571720895529,0.27803895486690144,0.84489244092976301,0.37617035070227839,0.48092195698416784,-0.8508619238950661,2.8753373873514216
0.14999999999999999,0.62187059584309545,0.28383980243654283,0.84135433555242323,0.38401855623767556,0.55490995036634749,-0.8508619238950661,2.8853427946515273
0.14999999999999999,0.61920159181098389,0.28961605639226218,0.83774333009721336,0.39183348806011936,0.62889794374852714,-0.8508619238950661,2.8990327728497984
0.14999999999999999,0.61647893637142981,0.29536721624414053,0.83405973744369899,0.39961446903619008,0.70288593713070679,-0.8508619238950661,2.9171275110778399
0.14999999999999999,0.61370286543192809,0.3010927836765655,0.83030387676084372,0.40736082497417675,0.77687393051288645,-0.8508619238950661,2.9403445570412323
0.14999999999999999,0.61087361952821861,0.30679226259140802,0.82647607347935459,0.41507188468249312,0.85086192389506632,-0.8508619238950661,2.9693639180210933
0.14999999999999999,0.60799144380344505,0.31246515915100764,0.82257665926348444,0.42274698002783384,0.92484991727724575,-0.8508619238950661,3.0047821007348485
0.14999999999999999,0.60505658798691397,0.31811098182096142,0.81860597198229534,0.43038544599306544,-0.92484991727724575,-0.77687393051288645,2.972217362271337
0.14999999999999999,0.6020693063724567,0.32372924141271375,0.81456435568038255,0.43798662073484801,-0.8508619238950661,-0.77687393051288645,2.9403445570410356
0.14999999999999999,0.59902985779639606,0.32931945112594224,0.81045216054806513,0.4455498456409806,-0.77687393051288645,-0.77687393051288645,2.9149343987312255
0.14999999999999999,0.59593850561511874,0.33488112659073721,0.80626974289104292,0.45307446538746798,-0.70288593713070679,-0.77687393051288645,2.8952955498598647
0.14999999999999999,0.59279551768225702,0.34041378590957094,0.8020174650995241,0.46055982799530176,-0.62889794374852714,-0.77687393051288645,2.8806734337685969
0.14999999999999999,0.58960116632547999,0.34591694969905118,0.79769569561682574,0.46800528488695159,-0.55490995036634749,-0.77687393051288645,2.8702911554390158
0.14999999999999999,0.5863557283228974,0.35139014113145922,0.79330480890744937,0.47541019094256237,-0.48092195698416773,-0.77687393051288645,2.8633767739009639
0.14999999999999999,0.58305948487907799,0.35683288597606366,0.78884518542463489,0.48277390455585079,-0.40693396360198808,-0.77687393051288645,2.8591815128301485
0.14999999999999999,0.57971272160068432,0.36224471264021196,0.78431721157739631,0.49009578768969847,-0.33294597021980843,-0.77687393051288645,2.8569948042137794
0.14999999999999999,0.57631572847172574,0.36762515221019126,0.77972127969704064,0.49737520593143519,-0.25895797683762878,-0.77687393051288645,2.8561613578737224
0.14999999999999999,0.57286879982843275,0.3729737384918585,0.77505778800317371,0.50461152854780844,-0.18496998345544913,-0.77687393051288645,2.8561034347420882
0.14999999999999999,0.56937223433375395,0.37829000805103352,0.77032714056919649,0.51180412853963353,-0.11098199007326948,-0.77687393051288645,2.8563485317554136
0.14999999999999999,0.56582633495147749,0.38357350025365511,0.76552974728729295,0.51895238269612154,-0.036993996691089714,-0.77687393051288645,2.8565592460157876
0.14999999999999999,0.56223140891998091,0.38882375730569169,0.76066602383291526,0.52605567164887701,0.036993996691089936,-0.77687393051288645,2.8565592460159084
0.14999999999999999,0.55858776772561047,0.3940403242928085,0.75573639162876693,0.5331133799255644,0.11098199007326959,-0.77687393051288645,2.8563485317557094
0.14999999999999999,0.55489572707569113,0.39922274921978379,0.75074127780828781,0.54012489600323677,0.18496998345544924,-0.77687393051288645,2.8561034347424852
0.14999999999999999,0.55115560687117249,0.40437058304967216,0.7456811151786451,0.54708961236132103,0.25895797683762889,-0.77687393051288645,2.8561613578735168
0.14999999999999999,0.54736773117891047,0.40948337974271221,0.74055634218323174,0.55400692553425768,0.33294597021980854,-0.77687393051288645,2.8569948042138695
0.14999999999999999,0.54353242820358794,0.41456069629497405,0.73536740286367774,0.56087623616378834,0.40693396360198819,-0.77687393051288645,2.8591815128306455
0.14999999999999999,0.53965003025927727,0.41960209277674415,0.730114746821375,0.56769694905088908,0.48092195698416784,-0.77687393051288645,2.8633767739007925
0.14999999999999999,0.53572087374064647,0.42460713237064274,0.72479882917852168,0.57446847320734007,0.55490995036634749,-0.77687393051288645,2.8702911554390158
0.14999999999999999,0.5317452990938123,0.42957538140947327,0.71942011053868715,0.58119022190693437,0.62889794374852714,-0.77687393051288645,2.8806734337685969
0.14999999999999999,0.52772365078684125,0.43450640941379715,0.71397905694690267,0.58786161273631377,0.70288593713070679,-0.77687393051288645,2.8952955498598647
0.14999999999999999,0.52365627727990316,0.43939978912923416,0.7084761398492806,0.59448206764543432,0.77687393051288645,-0.77687393051288645,2.9149343987312255
0.14999999999999999,0.51954353099507866,0.44425509656348117,0.70291183605216512,0.60105101299765085,0.85086192389506632,-0.77687393051288645,2.9403445570413824
0.14999999999999999,0.51538576828582294,0.44907191102305016,0.69728662768081928,0.60756787961942071,0.92484991727724575,-0.77687393051288645,2.972217362271337
0.14999999999999999,0.51118334940608878,0.45384981514971973,0.69160100213764952,0.61403210284962073,-0.92484991727724575,-0.70288593713070679,2.9454512367654715
0.14999999999999999,0.50693663847911286,0.45858839495669695,0.68585545205997611,0.62044312258847234,-0.8508619238950661,-0.70288593713070679,2.9171275110778168
0.14999999999999999,0.50264600346586463,0.46328723986448866,0.68005047527734619,0.6268003833460728,-0.77687393051288645,-0.70288593713070679,2.8952955498600947
0.14999999999999999,0.49831181613316516,0.46794594273647555,0.67418657476839983,0.63310333429052568,-0.70288593713070679,-0.70288593713070679,2.8791917418420319
0.14999999999999999,0.49393445202147429,0.47256409991418963,0.66826425861728866,0.63935142929566824,-0.62889794374852714,-0.70288593713070679,2.8680086280087624
0.14999999999999999,0.48951429041235167,0.47714131125228942,0.66228403996965213,0.64554412698839148,-0.55490995036634749,-0.70288593713070679,2.8609272197748621
0.14999999999999999,0.48505171429559341,0.48167718015323108,0.65624643698815566,0.65168089079554792,-0.48092195698416773,-0.70288593713070679,2.8571345265294252
0.14999999999999999,0.4805471103360478,0.48617131360163213,0.65015197280759396,0.65776118899044334,-0.40693396360198808,-0.70288593713070679,2.8558332724793769
0.14999999999999999,0.47600086884011189,0.49062332219832439,0.64400117548956304,0.66378449473890933,-0.33294597021980843,-0.70288593713070679,2.8562513481955665
0.14999999999999999,0.47141338372191333,0.49503282019409417,0.63779457797670613,0.66975028614495091,-0.25895797683762878,-0.70288593713070679,2.8576576220312009
0.14999999999999999,0.4667850524691789,0.49939942552310584,0.6315327180465361,0.6756580462959666,-0.18496998345544913,-0.70288593713070679,2.8593885605652858
0.14999999999999999,0.46211627610879413,0.50372275983600634,0.62521613826483902,0.68150726330753797,-0.11098199007326948,-0.70288593713070679,2.8608862862378226
0.14999999999999999,0.45740745917205555,0.50800244853270793,0.61884538593866334,0.68729743036778135,-0.036993996691089714,-0.70288593713070679,2.8617432520089925
0.14999999999999999,0.45265900965961975,0.51223812079484532,0.61242101306889729,0.6930280457812612,0.036993996691089936,-0.70288593713070679,2.8617432520089601
0.14999999999999999,0.44787133900615189,0.51642940961790584,0.60594357630244067,0.69869861301246083,0.11098199007326959,-0.70288593713070679,2.8608862862384763
0.14999999999999999,0.44304486204467597,0.52057595184302963,0.59941363688397331,0.70430864072880472,0.18496998345544924,-0.70288593713070679,2.8593885605647933
0.14999999999999999,0.43817999697063192,0.52467738818847465,0.59283176060732545,0.70985764284323027,0.25895797683762889,-0.70288593713070679,2.8576576220306125
0.14999999999999999,0.43327716530563992,0.52873336328074805,0.58619851776645393,0.7153451385563061,0.33294597021980854,-0.70288593713070679,2.8562513481953604
0.14999999999999999,0.42833679186097745,0.53274352568539762,0.57951448310602827,0.72077065239789073,0.40693396360198819,-0.70288593713070679,2.8558332724792725
0.14999999999999999,0.42335930470077121,0.53670752793746224,0.57278023577163162,0.72613371426833118,0.48092195698416784,-0.70288593713070679,2.8571345265294577
0.14999999999999999,0.41834513510490673,0.54062502657157818,0.5659963592595797,0.73143385947919393,0.55490995036634749,-0.70288593713070679,2.8609272197748621
0.14999999999999999,0.41329471753165997,0.54449568215173905,0.55916344136636342,0.73667062879352929,0.62889794374852714,-0.70288593713070679,2.8680086280087624
0.14999999999999999,0.40820848958005274,0.54831915930070707,0.55228207413771835,0.74184356846566246,0.70288593713070679,-0.70288593713070679,2.8791917418420319
0.14999999999999999,0.40308689195193703,0.55209512672907168,0.54535285381732646,0.74695223028050872,0.77687393051288645,-0.70288593713070679,2.8952955498600947
0.14999999999999999,0.3979303684138093,0.55582325726395465,0.53837638079515371,0.75199617159240906,0.85086192389506632,-0.70288593713070679,2.9171275110778767
0.14999999999999999,0.39273936575836049,0.55950322787735818,0.53135325955542878,0.75697495536348447,0.92484991727724575,-0.70288593713070679,2.9454512367654715
0.14999999999999999,0.3875143337657625,0.56313471971415463,0.52428409862426684,0.76188815020150324,-0.92484991727724575,-0.62889794374852714,2.9238983221958303
0.14999999999999999,0.38225572516469714,0.5667174181197131,0.51716951051694315,0.76673533039725883,-0.8508619238950661,-0.62889794374852714,2.8990327728502279
0.14999999999999999,0.37696399559312832,0.57025101266716416,0.51001011168482058,0.77151607596145722,-0.77687393051288645,-0.62889794374852714,2.8806734337686257
0.14999999999999999,0.37163960355882331,0.57373519718429589,0.50280652246193736,0.77622997266110616,-0.70288593713070679,-0.62889794374852714,2.8680086280084929
0.14999999999999999,0.36628301039962452,0.57716966978008366,0.49555936701125669,0.78087661205540715,-0.62889794374852714,-0.62889794374852714,2.8601993624507998
0.14999999999999999,0.36089468024347676,0.5805541328708469,0.48826927327058611,0.78545559153114564,-0.55490995036634749,-0.62889794374852714,2.8564008780913559
0.14999999999999999,0.35547507996821159,0.58388829320603419,0.48093687289816855,0.78996651433757559,-0.48092195698416773,-0.62889794374852714,2.8557690527860062
0.14999999999999999,0.35002467916109503,0.58717186189363224,0.47356280121795208,0.79440898962079642,-0.40693396360198808,-0.62889794374852714,2.8574601856560289
0.14999999999999999,0.34454395007813909,0.59040455442519668,0.46614769716454102,0.79878263245761905,-0.33294597021980843,-0.62889794374852714,2.8606330703564544
0.14999999999999999,0.33903336760318298,0.59358609070050417,0.45869220322783577,0.80308706388891737,-0.25895797683762878,-0.62889794374852714,2.8644620367961395
0.14999999999999999,0.33349340920674608,0.59671619505182205,0.45119696539736232,0.80732191095246497,-0.18496998345544913,-0.62889794374852714,2.8681682789426306
0.14999999999999999,0.32792455490465683,0.59979459626779319,0.44366263310630033,0.81148680671524942,-0.11098199007326948,-0.62889794374852714,2.8710724808552128
0.14999999999999999,0.32232728721646142,0.60282102761693623,0.43608985917521248,0.81558139030526666,-0.036993996691089714,-0.62889794374852714,2.8726630443841299
0.14999999999999999,0.31670209112361575,0.60579522687075638,0.4284792997554801,0.81960530694278799,0.036993996691089936,-0.62889794374852714,2.8726630443840291
0.14999999999999999,0.31104945402746281,0.60871693632646662,0.42083161427244964,0.8235582079711018,0.11098199007326959,-0.62889794374852714,2.8710724808551271
0.14999999999999999,0.3053698657070017,0.61158590282931635,0.41314746536829638,0.82743975088672195,0.18496998345544924,-0.62889794374852714,2.8681682789427336
0.14999999999999999,0.29966381827645061,0.61440187779452671,0.40542751884460965,0.83124959936906551,0.25895797683762889,-0.62889794374852714,2.8644620367966485
0.14999999999999999,0.29393180614260622,0.61716461722882943,0.3976724436047025,0.83498742330959275,0.33294597021980854,-0.62889794374852714,2.860633070356438
0.14999999999999999,0.28817432596200576,0.61987388175160751,0.38988291159565486,0.83865289884041005,0.40693396360198819,-0.62889794374852714,2.8574601856559605
0.14999999999999999,0.28239187659789355,0.62252943661563698,0.38205959775009124,0.84224570836233226,0.48092195698416784,-0.62889794374852714,2.8557690527860609
0.14999999999999999,0.27658495907699671,0.62513105172742645,0.37420317992770136,0.8457655405724005,0.55490995036634749,-0.62889794374852714,2.8564008780913559
0.14999999999999999,0.2707540765461125,0.62767850166715455,0.36631433885650511,0.849212090490856,0.62889794374852714,-0.62889794374852714,2.8601993624507998
0.14999999999999999,0.26489973422851332,0.63017156570820088,0.35839375807387092,0.8525850594875658,0.70288593713070679,-0.62889794374852714,2.8680086280084929
0.14999999999999999,0.25902243938017044,0.63261002783627152,0.3504421238672894,0.85588415530789663,0.77687393051288645,-0.62889794374852714,2.8806734337686257
0.14999999999999999,0.25312270124580311,0.63499367676811569,0.34246012521491004,0.85910909209803876,0.85086192389506632,-0.62889794374852714,2.8990327728497114
0.14999999999999999,0.24720103101475335,0.63732230596983286,0.33444845372584275,0.86225959042977374,0.92484991727724575,-0.62889794374852714,2.9238983221958303
0.14999999999999999,0.24125794177669416,0.63959571367476775,0.32640780358023325,0.86533537732468568,-0.92484991727724575,-0.55490995036634749,2.9069183291482728
0.14999999999999999,0.23529394847717247,0.64181370290099293,0.31833887146911566,0.86833618627781384,-0.8508619238950661,-0.55490995036634749,2.8853427946515424
0.14999999999999999,0.22930956787299028,0.64397608146837626,0.31024235653404564,0.87126175728074418,-0.77687393051288645,-0.55490995036634749,2.8702911554389878
0.14999999999999999,0.22330531848743043,0.64608266201523279,0.30211896030652352,0.8741118368441384,-0.70288593713070679,-0.55490995036634749,2.8609272197750402
0.14999999999999999,0.21728172056532805,0.64813326201455901,0.29396938664720851,0.87688617801969737,-0.62889794374852714,-0.55490995036634749,2.8564008780915753
0.14999999999999999,0.21123929602799418,0.65012770378984752,0.28579434168493328,0.87958454042155831,-0.55490995036634749,-0.55490995036634749,2.8558580530668172
0.14999999999999999,0.20517856842799231,0.65206581453048285,0.27759453375551896,0.88220669024712373,-0.48092195698416773,-0.55490995036634749,2.85843506005099
0.14999999999999999,0.1991000629037751,0.65394742630671399,0.2693706733404016,0.88475240029731872,-0.40693396360198808,-0.55490995036634749,2.8632463770830969
0.14999999999999999,0.19300430613418321,0.65577237608420558,0.26112347300507138,0.88722144999627806,-0.33294597021980843,-0.55490995036634749,2.8693756228175005
0.14999999999999999,0.18689182629281073,0.65754050573816381,0.25285364733733212,0.88961362541045674,-0.25895797683762878,-0.55490995036634749,2.875881230217197
0.14999999999999999,0.18076315300224063,0.659251662067037,0.24456191288538437,0.89192871926716766,-0.18496998345544913,-0.55490995036634749,2.8818297317190851
0.14999999999999999,0.17461881728815506,0.66090569680579103,0.23624898809573919,0.89416653097254073,-0.11098199007326948,-0.55490995036634749,2.8863665954310584
0.14999999999999999,0.16845935153332467,0.66250246663875445,0.22791559325096866,0.89632686662890304,-0.036993996691089714,-0.55490995036634749,2.8888214877389613
0.14999999999999999,0.1622852894314788,0.66404183321203747,0.21956245040729483,0.89840953905157994,0.036993996691089936,-0.55490995036634749,2.8888214877392095
0.14999999999999999,0.1560971659410636,0.66552366314551903,0.21119028333202719,0.90041436778511386,0.11098199007326959,-0.55490995036634749,2.8863665954307485
0.14999999999999999,0.14989551723888961,0.66694782804440411,0.20279981744085063,0.90234117911889955,0.18496998345544924,-0.55490995036634749,2.8818297317188724
0.14999999999999999,0.14368088067367482,0.66831420451034818,0.19439177973497179,0.90418980610223565,0.25895797683762889,-0.55490995036634749,2.8758812302174981
0.14999999999999999,0.13745379471948452,0.66962267415214971,0.18596689873812608,0.90596008855879073,0.33294597021980854,-0.55490995036634749,2.8693756228172815
0.14999999999999999,0.1312147989290752,0.67087312359600793,0.17752590443345467,0.90765187310048123,0.40693396360198819,-0.55490995036634749,2.8632463770830774
0.14999999999999999,0.12496443388714422,0.67206544449534666,0.16906952820025392,0.90926501314076302,0.48092195698416784,-0.55490995036634749,2.8584350600509612
0.14999999999999999,0.11870324116349071,0.67319953354020112,0.16059850275060505,0.91079936890733082,0.55490995036634749,-0.55490995036634749,2.8558580530668172
0.14999999999999999,0.11243176326608988,0.67427529246617079,0.1521135620658863,0.91225480745423104,0.62889794374852714,-0.55490995036634749,2.8564008780915753
0.14999999999999999,0.10615054359408715,0.67529262806293244,0.14361544133317672,0.91363120267337916,0.70288593713070679,-0.55490995036634749,2.8609272197750402
0.14999999999999999,0.099860126390715273,0.67625145218231708,0.13510487688155595,0.91492843530548762,0.77687393051288645,-0.55490995036634749,2.8702911554389878
0.14999999999999999,0.093561056696136818,0.6771516817459472,0.12658260611830274,0.91614639295039901,0.85086192389506632,-0.55490995036634749,2.8853427946516965
0.14999999999999999,0.087253880300219175,0.67799323875243567,0.1180493674650024,0.91728497007682464,0.92484991727724575,-0.55490995036634749,2.9069183291482728
0.14999999999999999,0.080939143695243729,0.67877605028414412,0.10950590029356502,0.91834406803148894,-0.92484991727724575,-0.48092195698416773,2.8938554703913208
0.14999999999999999,0.074617394028554981,0.67950004851350054,0.10095294486216261,0.91932359504767713,-0.8508619238950661,-0.48092195698416773,2.8753373873513173
0.14999999999999999,0.068289179055151472,0.68016517070887694,0.092391242251087288,0.92022346625318641,-0.77687393051288645,-0.48092195698416773,2.8633767739010141
0.14999999999999999,0.061955047090225583,0.6807713592400243,0.083821534298540487,0.92104360367767979,-0.70288593713070679,-0.48092195698416773,2.8571345265293377
0.14999999999999999,0.055615546961653779,0.68131856158306614,0.0752445635363551,0.92178393625944233,-0.62889794374852714,-0.48092195698416773,2.8557690527858224
0.14999999999999999,0.04927122796244348,0.68180673032504979,0.066661073125658818,0.92244439985153792,-0.55490995036634749,-0.48092195698416773,2.8584350600503927
0.14999999999999999,0.042922639803138062,0.68223582316805409,0.058071806792480897,0.92302493722736711,-0.48092195698416773,-0.48092195698416773,2.864265539924395
0.14999999999999999,0.036570332564186944,0.68260580293285456,0.049477508763311744,0.92352549808562667,-0.40693396360198808,-0.48092195698416773,2.8723449705697672
0.14999999999999999,0.030214856648283838,0.68291663756214482,0.040878923700619303,0.92394603905466643,-0.33294597021980843,-0.48092195698416773,2.8816831437750627
0.14999999999999999,0.023856762732675472,0.68316830012331453,0.032276796638325632,0.92428652369624897,-0.25895797683762878,-0.48092195698416773,2.8912037837091424
0.14999999999999999,0.017496601721448238,0.68336076881078212,0.023671872917253499,0.92454692250870518,-0.18496998345544913,-0.48092195698416773,2.8997698550461233
0.14999999999999999,0.011134924697794158,0.68349402694788541,0.015064898120545036,0.92472721292949189,-0.11098199007326948,-0.48092195698416773,2.9062716439497458
0.14999999999999999,0.0047722828762622772,0.6835680629883254,0.0064566180090607278,0.92482737933714598,-0.036993996691089714,-0.48092195698416773,2.9097886342614898
0.14999999999999999,-0.0015907724450028259,0.68358287051716737,-0.0021522215432391171,0.92484741305263807,0.036993996691089936,-0.48092195698416773,2.9097886342610648
0.14999999999999999,-0.0079536899320282826,0.68353844825139676,-0.010760874613920616,0.9247873123401249,0.11098199007326959,-0.48092195698416773,2.9062716439496104
0.14999999999999999,-0.014315918262784175,0.68343480004002988,-0.019368595296708001,0.92464708240709903,0.18496998345544924,-0.48092195698416773,2.8997698550459279
0.14999999999999999,-0.020676906174952842,0.68327193486378057,-0.027974637766112663,0.92442673540393838,0.25895797683762889,-0.48092195698416773,2.8912037837091202
0.14999999999999999,-0.02703610251369451,0.6830498668342827,-0.036578256342057275,0.92412629042285288,0.33294597021980854,-0.48092195698416773,2.8816831437750423
0.14999999999999999,-0.033392956279402281,0.68276861519286625,-0.045178705554485429,0.92374577349623066,0.40693396360198819,-0.48092195698416773,2.8723449705697228
0.14999999999999999,-0.039746916675443618,0.68242820430889106,-0.053775240207953129,0.92328521759438198,0.48092195698416784,-0.48092195698416773,2.8642655399244554
0.14999999999999999,-0.046097433155885686,0.68202866367763526,-0.062367115446198274,0.92274466262268295,0.55490995036634749,-0.48092195698416773,2.8584350600503927
0.14999999999999999,-0.052443955473197343,0.68157002791773902,-0.070953586816678751,0.92212415541811743,0.62889794374852714,-0.48092195698416773,2.8557690527858224
0.14999999999999999,-0.058785933725926318,0.68105233676820554,-0.079533910335076771,0.92142374974521923,0.70288593713070679,-0.48092195698416773,2.8571345265293377
0.14999999999999999,-0.065122818406345359,0.68047563508495768,-0.088107342549761353,0.92064350629141323,0.77687393051288645,-0.48092195698416773,2.8633767739010141
0.14999999999999999,-0.071454060448065904,0.67983997283695108,-0.096673140606206812,0.9197834926617573,0.85086192389506632,-0.48092195698416773,2.8753373873508519
0.14999999999999999,-0.077779111273611923,0.67914540510184518,-0.10523056231135729,0.91884378337308459,0.92484991727724575,-0.48092195698416773,2.8938554703913208
0.14999999999999999,-0.084097422841952291,0.67839199206123013,-0.11377886619793544,0.91782445984754657,-0.92484991727724575,-0.40693396360198808,2.8840695717050533
0.14999999999999999,-0.090408447695985855,0.6775797989954131,-0.12231731158868674,0.91672561040555878,-0.8508619238950661,-0.40693396360198808,2.8683191993515731
0.14999999999999999,-0.096711639009977327,0.67670889627776143,-0.13084515866055754,0.91554733025814772,-0.77687393051288645,-0.40693396360198808,2.8591815128303071
0.14999999999999999,-0.10300645063693717,0.67577935936860523,-0.13936166850879733,0.91428972149870114,-0.70288593713070679,-0.40693396360198808,2.8558332724794226
0.14999999999999999,-0.10929233715594265,0.67479126880869911,-0.1478661032109812,0.9129528930941222,-0.62889794374852714,-0.40693396360198808,2.8574601856559201
0.14999999999999999,-0.11556875391939737,0.67374471021224347,-0.15635772589094937,0.91153696087538816,-0.55490995036634749,-0.40693396360198808,2.8632463770831142
0.14999999999999999,-0.12183515710022225,0.67263977425946675,-0.16483580078265361,0.91004204752751372,-0.48092195698416773,-0.40693396360198808,2.8723449705698059
0.14999999999999999,-0.12809100373897619,0.67147655668876771,-0.17329959329390895,0.90846828257892087,-0.40693396360198808,-0.40693396360198808,2.8838349653533371
0.14999999999999999,-0.13433575179090113,0.67025515828842053,-0.18174837007004266,0.90681580239021586,-0.33294597021980843,-0.40693396360198808,2.8966705190221171
0.14999999999999999,-0.14056886017288858,0.66897568488784198,-0.19018139905743747,0.90508475014237422,-0.25895797683762878,-0.40693396360198808,2.9096361959256036
0.14999999999999999,-0.14678978881036214,0.66763824734842114,-0.19859794956696053,0.90327527582433431,-0.18496998345544913,-0.40693396360198808,2.9213398601256624
0.14999999999999999,-0.15299799868407293,0.66624296155391438,-0.20699729233727512,0.90138753622000178,-0.11098199007326948,-0.40693396360198808,2.9303002570604892
0.14999999999999999,-0.15919295187680305,0.66478994840040428,-0.21537869959802761,0.8994216948946645,-0.036993996691089714,-0.40693396360198808,2.9351873494395697
0.14999999999999999,-0.16537411161997478,0.66327933378582382,-0.22374144513290703,0.89737792218082046,0.036993996691089936,-0.40693396360198808,2.9351873494400351
0.14999999999999999,-0.17154094234015912,0.66171124859904906,-0.2320848043425682,0.89525639516341915,0.11098199007326959,-0.40693396360198808,2.9303002570603618
0.14999999999999999,-0.17769290970548079,0.6600858287085567,-0.24040805430741516,0.8930572976645178,0.18496998345544924,-0.40693396360198808,2.9213398601255589
0.14999999999999999,-0.18382948067191665,0.6584032149506529,-0.24871047385024014,0.89078082022735383,0.25895797683762889,-0.40693396360198808,2.9096361959260988
0.14999999999999999,-0.18995012352948148,0.65666355311726943,-0.25699134359871018,0.88842716009983502,0.33294597021980854,-0.40693396360198808,2.8966705190223605
0.14999999999999999,-0.19605430794829887,0.65486699394333192,-0.26524994604769841,0.88599652121744887,0.40693396360198819,-0.40693396360198808,2.8838349653538211
0.14999999999999999,-0.20214150502455161,0.65301369309369883,-0.27348556562145215,0.88348911418559239,0.48092195698416784,-0.40693396360198808,2.8723449705696509
0.14999999999999999,-0.20821118732631003,0.65110381114967419,-0.28169748873559586,0.88090515626132371,0.55490995036634749,-0.40693396360198808,2.8632463770831142
0.14999999999999999,-0.21426282893923143,0.64913751359509331,-0.2898850038589601,0.87824487133453788,0.62889794374852714,-0.40693396360198808,2.8574601856559201
0.14999999999999999,-0.22029590551212819,0.64711497080198488,-0.29804740157523218,0.87550848990856767,0.70288593713070679,-0.40693396360198808,2.8558332724794226
0.14999999999999999,-0.22630989430240156,0.64503635801580839,-0.30618397464442559,0.87269624908021126,0.77687393051288645,-0.40693396360198808,2.8591815128303071
0.14999999999999999,-0.23230427422133476,0.64290185534026978,-0.31429401806415874,0.8698083925191884,0.85086192389506632,-0.40693396360198808,2.8683191993515762
0.14999999999999999,-0.23827852587924334,0.64071164772171663,-0.32237682913074095,0.86684517044702825,0.92484991727724575,-0.40693396360198808,2.8840695717050533
0.14999999999999999,-0.24423213163047813,0.63846592493311272,-0.33043170750005862,0.86380683961538762,-0.92484991727724575,-0.33294597021980843,2.8769604980424694
0.14999999999999999,-0.25016457561827765,0.63616488155759532,-0.33845795524825795,0.86069366328380537,-0.8508619238950661,-0.33294597021980843,2.8636336726936453
0.14999999999999999,-0.25607534381946467,0.63380871697161534,-0.34645487693221688,0.85750591119689124,-0.77687393051288645,-0.33294597021980843,2.8569948042142257
0.14999999999999999,-0.26196392408898489,0.63139763532766169,-0.35442177964980304,0.85424385956095394,-0.70288593713070679,-0.33294597021980843,2.8562513481960434
0.14999999999999999,-0.26782980620428115,0.62893184553657278,-0.36235797309990969,0.85090779102006897,-0.62889794374852714,-0.33294597021980843,2.8606330703562528
0.14999999999999999,-0.27367248190950361,0.62641156124943498,-0.37026276964226951,0.84749799463158848,-0.55490995036634749,-0.33294597021980843,2.8693756228171541
0.14999999999999999,-0.27949144495954753,0.62383700083907057,-0.37813548435703481,0.84401476584109536,-0.48092195698416773,-0.33294597021980843,2.8816831437755543
0.14999999999999999,-0.2852861911639169,0.6212083873811165,-0.3859754351041228,0.84045840645680459,-0.40693396360198808,-0.33294597021980843,2.8966705190220443
0.14999999999999999,-0.29105621843041179,0.61852594863469601,-0.3937819425823218,0.83682922462341225,-0.33294597021980843,-0.33294597021980843,2.9132836175518753
0.14999999999999999,-0.2968010268086313,0.61578991702268426,-0.4015543303881482,0.83312753479539625,-0.25895797683762878,-0.33294597021980843,2.930201011788014
0.14999999999999999,-0.30252011853329391,0.61300052961156903,-0.40929192507445644,0.82935365770976976,-0.18496998345544913,-0.33294597021980843,2.9457471074449737
0.14999999999999999,-0.30821299806736491,0.6101580280909108,-0.41699405620878777,0.82550792035829101,-0.11098199007326948,-0.33294597021980843,2.9579142307880399
0.14999999999999999,-0.31387917214499511,0.60726265875240082,-0.42466005643146393,0.82159065595913039,-0.036993996691089714,-0.33294597021980843,2.9646753296747805
0.14999999999999999,-0.31951814981425819,0.60431467246852077,-0.43228926151340807,0.81760220392799854,0.036993996691089936,-0.33294597021980843,2.964675329674956
0.14999999999999999,-0.32512944247969078,0.60131432467080614,-0.43988101041369926,0.81354290984873767,0.11098199007326959,-0.33294597021980843,2.9579142307879662
0.14999999999999999,-0.33071256394462822,0.59826187532771335,-0.44743464533684985,0.80941312544337685,0.18496998345544924,-0.33294597021980843,2.9457471074453512
0.14999999999999999,-0.33626703045332973,0.59515758892209525,-0.45494951178979898,0.80521320854165812,0.25895797683762889,-0.33294597021980843,2.9302010117879598
0.14999999999999999,-0.3417923607328951,0.59200173442828419,-0.46242495863862271,0.80094352305003147,0.33294597021980854,-0.33294597021980843,2.913283617551532
0.14999999999999999,-0.34728807603496559,0.5887945852887867,-0.46986033816495337,0.796604438920123,0.40693396360198819,-0.33294597021980843,2.8966705190220781
0.14999999999999999,-0.35275370017720437,0.58553641939059031,-0.47725500612209998,0.79219633211668095,0.48092195698416784,-0.33294597021980843,2.8816831437755139
0.14999999999999999,-0.35818875958455632,0.58222751904108683,-0.48460832179087021,0.7877195845849998,0.55490995036634749,-0.33294597021980843,2.8693756228171541
0.14999999999999999,-0.36359278333028239,0.57886817094361009,-0.49191964803508786,0.78317458421782526,0.62889794374852714,-0.33294597021980843,2.8606330703562528
0.14999999999999999,-0.36896530317676191,0.57545866617259533,-0.49918835135679546,0.77856172482174646,0.70288593713070679,-0.33294597021980843,2.8562513481960434
0.14999999999999999,-0.37430585361606522,0.57199930014835765,-0.50641380195114705,0.7738814060830721,0.77687393051288645,-0.33294597021980843,2.8569948042142257
0.14999999999999999,-0.37961397191028684,0.5684903726114966,-0.5135953737609763,0.7691340335332012,0.85086192389506632,-0.33294597021980843,2.8636336726933567
0.14999999999999999,-0.38488919813164024,0.56493218759692321,-0.52073244453104262,0.76432001851348419,0.92484991727724575,-0.33294597021980843,2.8769604980424694
0.14999999999999999,-0.39013107520230972,0.56132505340751726,-0.5278243958619484,0.75943977813958208,-0.92484991727724575,-0.25895797683762878,2.8719884944787903
0.14999999999999999,-0.39533914893405292,0.55766928258741388,-0.53487061326371865,0.75449373526532459,-0.8508619238950661,-0.25895797683762878,2.8606874431107445
0.14999999999999999,-0.40051296806755532,0.55396519189492366,-0.54187048620904543,0.74948231844607305,-0.77687393051288645,-0.25895797683762878,2.8561613578734821
0.14999999999999999,-0.40565208431153066,0.55021310227508491,-0.54882340818618847,0.74440596190158537,-0.70288593713070679,-0.25895797683762878,2.8576576220307079
0.14999999999999999,-0.4107560523815621,0.54641333883185694,-0.5557287767515251,0.73926510547839464,-0.62889794374852714,-0.25895797683762878,2.8644620367962816
0.14999999999999999,-0.41582443003868536,0.54256623079995014,-0.56258599358175077,0.73406019461169714,-0.55490995036634749,-0.25895797683762878,2.8758812302172947
0.14999999999999999,-0.42085677812770772,0.53867211151629868,-0.56939446452572218,0.72879168028675689,-0.48092195698416773,-0.25895797683762878,2.8912037837090341
0.14999999999999999,-0.42585266061525706,0.53473131839117949,-0.57615359965593593,0.72346001899983092,-0.40693396360198808,-0.25895797683762878,2.909636195926141
0.14999999999999999,-0.43081164462756483,0.53074419287897545,-0.5828628133196464,0.71806567271861377,-0.33294597021980843,-0.25895797683762878,2.9302010117878416
0.14999999999999999,-0.43573330048797093,0.52671108044859083,-0.58952152418960768,0.71260910884221107,-0.25895797683762878,-0.25895797683762878,2.9515764194436169
0.14999999999999999,-0.44061720175415425,0.52263233055351743,-0.59612915531444399,0.70709080016064119,-0.18496998345544913,-0.25895797683762878,2.9718670138941645
0.14999999999999999,-0.4454629252550833,0.51850829660155529,-0.602685134168642,0.70151122481386885,-0.11098199007326948,-0.25895797683762878,2.9883948472302255
0.14999999999999999,-0.45027005112768009,0.51433933592419179,-0.60918889270215537,0.69587086625037708,-0.036993996691089714,-0.25895797683762878,2.9979166442937757
0.14999999999999999,-0.45503816285320137,0.51012580974564081,-0.61563986738962528,0.6901702131852786,0.036993996691089936,-0.25895797683762878,2.9979166442935745
0.14999999999999999,-0.45976684729332828,0.50586808315154219,-0.62203749927920871,0.68440975955796879,0.11098199007326959,-0.25895797683762878,2.9883948472304906
0.14999999999999999,-0.46445569472596221,0.5015665250573309,-0.62838123404100754,0.67859000448932993,0.18496998345544924,-0.25895797683762878,2.9718670138943857
0.14999999999999999,-0.46910429888072597,0.49722150817627025,-0.63467052201509977,0.67271145223848328,0.25895797683762889,-0.25895797683762878,2.9515764194438088
0.14999999999999999,-0.47371225697416663,0.49283340898715805,-0.64090481825916656,0.66677461215909606,0.33294597021980854,-0.25895797683762878,2.9302010117881321
0.14999999999999999,-0.47827916974465323,0.48840260770170696,-0.6470835825957072,0.6607799986552505,0.40693396360198819,-0.25895797683762878,2.9096361959256907
0.14999999999999999,-0.48280464148697316,0.48392948823159931,-0.65320627965884603,0.65472813113686956,0.48092195698416784,-0.25895797683762878,2.8912037837091269
0.14999999999999999,-0.48728828008661695,0.479414438155224,-0.659272378940717,0.64861953397471472,0.55490995036634749,-0.25895797683762878,2.8758812302172947
0.14999999999999999,-0.49172969705375402,0.47485784868409364,-0.66528135483743178,0.6424547364549501,0.62889794374852714,-0.25895797683762878,2.8644620367962816
0.14999999999999999,-0.49612850755689458,0.47026011462894729,-0.67123268669462199,0.63623427273328159,0.70288593713070679,-0.25895797683762878,2.8576576220307079
0.14999999999999999,-0.50048433045623242,0.46562163436554249,-0.67712585885254972,0.62995868178867509,0.77687393051288645,-0.25895797683762878,2.8561613578734821
0.14999999999999999,-0.50479678833667008,0.46094280980013719,-0.68296036069078891,0.62362850737665609,0.85086192389506632,-0.25895797683762878,2.8606874431109639
0.14999999999999999,-0.50906550754052027,0.45622404633466518,-0.68873568667246854,0.61724429798219393,0.92484991727724575,-0.25895797683762878,2.8719884944787903
0.14999999999999999,-0.51329011819988168,0.45146575283161156,-0.6944513363880751,0.61080660677218024,-0.92484991727724575,-0.18496998345544913,2.8686925602170348
0.14999999999999999,-0.51747025426868631,0.44666834157858487,-0.70010681459881086,0.60431599154749716,-0.8508619238950661,-0.18496998345544913,2.8589677867399992
0.14999999999999999,-0.52160555355441718,0.44183222825259405,-0.70570163127950547,0.59777301469468591,-0.77687393051288645,-0.18496998345544913,2.8561034347420677
0.14999999999999999,-0.5256956577494889,0.43695783188403253,-0.71123530166107318,0.59117824313722045,-0.70288593713070679,-0.18496998345544913,2.8593885605650455
0.14999999999999999,-0.52974021246229597,0.43204557482036993,-0.71670734627251798,0.58453224828638284,-0.62889794374852714,-0.18496998345544913,2.8681682789426053
0.14999999999999999,-0.53373886724791697,0.427095882689558,-0.7221172909824759,0.57783560599175487,-0.55490995036634749,-0.18496998345544913,2.8818297317192281
0.14999999999999999,-0.53769127563848129,0.42210918436315148,-0.72746466704029822,0.57108889649132255,-0.48092195698416773,-0.18496998345544913,2.8997698550457467
0.14999999999999999,-0.54159709517318844,0.41708591191914712,-0.73274901111666657,0.56429270436119905,-0.40693396360198808,-0.18496998345544913,2.9213398601258747
0.14999999999999999,-0.5454559874279804,0.41202650060454749,-0.7379698653437381,0.55744761846497592,-0.33294597021980843,-0.18496998345544913,2.9457471074450687
0.14999999999999999,-0.54926761804486546,0.40693138879764734,-0.74312677735481791,0.55055423190269936,-0.25895797683762878,-0.18496998345544913,2.9718670138938288
0.14999999999999999,-0.55303165676088928,0.40180101797004969,-0.74821930032355599,0.54361314195947885,-0.18496998345544913,-0.18496998345544913,2.9978652036899067
0.14999999999999999,-0.55674777743675008,0.39663583264841479,-0.75324699300266185,0.53662495005373756,-0.11098199007326948,-0.18496998345544913,3.0205036899233551
0.14999999999999999,-0.56041565808505744,0.39143628037594347,-0.75820941976213652,0.52959026168509993,-0.036993996691089714,-0.18496998345544913,3.0345110364111303
0.14999999999999999,-0.56403498089823234,0.38620281167359849,-0.76310615062702014,0.5225096863819273,0.036993996691089936,-0.18496998345544913,3.0345110364110361
0.14999999999999999,-0.5676054322760421,0.38093588000106993,-0.76793676131464517,0.51538383764850637,0.11098199007326959,-0.18496998345544913,3.0205036899235171
0.14999999999999999,-0.57112670285277489,0.37563594171748321,-0.77270083327140116,0.50821333291188897,0.18496998345544924,-0.18496998345544913,2.9978652036898636
0.14999999999999999,-0.57459848752404286,0.37030345604185855,-0.777397953708999,0.50099879346839682,0.25895797683762889,-0.18496998345544913,2.9718670138941921
0.14999999999999999,-0.57802048547321927,0.36493888501332139,-0.78202771564023776,0.49374084442978772,0.33294597021980854,-0.18496998345544913,2.9457471074453605
0.14999999999999999,-0.58139240019750382,0.35954269345106693,-0.78658971791426968,0.48644011466909048,0.40693396360198819,-0.18496998345544913,2.9213398601257792
0.14999999999999999,-0.58471393953361184,0.35411534891408758,-0.79108356525135703,0.47909723676611843,0.48092195698416784,-0.18496998345544913,2.899769855046046
0.14999999999999999,-0.58798481568309025,0.34865732166065971,-0.79550886827712197,0.47171284695265719,0.55490995036634749,-0.18496998345544913,2.8818297317192281
0.14999999999999999,-0.59120474523725408,0.3431690846075966,-0.79986524355628486,0.46428758505733647,0.62889794374852714,-0.18496998345544913,2.8681682789426053
0.14999999999999999,-0.59437344920174218,0.33765111328927411,-0.80415231362588646,0.45682209445019434,0.70288593713070679,-0.18496998345544913,2.8593885605650455
0.14999999999999999,-0.59749065302069149,0.33210388581642636,-0.80836970702799427,0.44931702198692969,0.77687393051288645,-0.18496998345544913,2.8561034347420677
0.14999999999999999,-0.60055608660052606,0.32652788283471851,-0.81251705834188814,0.4417730179528544,0.85086192389506632,-0.18496998345544913,2.8589677867397163
0.14999999999999999,-0.60356948433335955,0.32092358748310268,-0.8165940082157217,0.43419073600655067,0.92484991727724575,-0.18496998345544913,2.8686925602170348
0.14999999999999999,-0.60653058512000946,0.31529148535195362,-0.82060020339765982,0.4265708331232313,-0.92484991727724575,-0.11098199007326948,2.8667076810999714
0.14999999999999999,-0.60943913239261982,0.30963206444099606,-0.82453529676648551,0.41891396953781818,-0.8508619238950661,-0.11098199007326948,2.8580635967254318
0.14999999999999999,-0.61229487413689176,0.30394581511702068,-0.82839894736167696,0.41122080868773381,-0.77687393051288645,-0.11098199007326948,2.8563485317553732
0.14999999999999999,-0.61509756291392081,0.29823323007139479,-0.83219082041295156,0.40349201715541649,-0.70288593713070679,-0.11098199007326948,2.8608862862382072
0.14999999999999999,-0.61784695588163463,0.29249480427737445,-0.83591058736927037,0.39572826461056543,-0.62889794374852714,-0.11098199007326948,2.871072480855053
0.14999999999999999,-0.62054281481583584,0.28673103494721591,-0.83955792592730727,0.38793022375211561,-0.55490995036634749,-0.11098199007326948,2.8863665954308608
0.14999999999999999,-0.62318490613084243,0.28094242148909321,-0.843132520059375,0.38009857024994959,-0.48092195698416773,-0.11098199007326948,2.9062716439495531
0.14999999999999999,-0.62577300089972743,0.27512946546382844,-0.84663406004080766,0.37223398268635605,-0.40693396360198808,-0.11098199007326948,2.9303002570605581
0.14999999999999999,-0.62830687487415415,0.26929267054143202,-0.85006224247679674,0.36433714249723154,-0.33294597021980843,-0.11098199007326948,2.9579142307881998
0.14999999999999999,-0.6307863085038069,0.26343254245746162,-0.85341677032867991,0.35640873391303629,-0.25895797683762878,-0.11098199007326948,2.9883948472303432
0.14999999999999999,-0.63321108695541395,0.25754958896920327,-0.85669735293967753,0.34844944389951021,-0.18496998345544913,-0.11098199007326948,3.0205036899235749
0.14999999999999999,-0.63558100013136176,0.2516443198116744,-0.85990370606007749,0.34045996209814766,-0.11098199007326948,-0.11098199007326948,3.0514361379854087
0.14999999999999999,-0.63789584268789945,0.24571724665345923,-0.86303555187186387,0.33244098076644485,-0.036993996691089714,-0.11098199007326948,3.0736932993400945
0.14999999999999999,-0.64015541405293086,0.23976888305237379,-0.86609261901278878,0.32439319471791744,0.036993996691089936,-0.11098199007326948,3.0736932993402344
0.14999999999999999,-0.64235951844339378,0.23379974441096707,-0.86907464259988554,0.31631730126189661,0.11098199007326959,-0.11098199007326948,3.051436137985688
0.14999999999999999,-0.64450796488222295,0.22781034793186547,-0.87198136425241912,0.30821400014311207,0.18496998345544924,-0.11098199007326948,3.0205036899234763
0.14999999999999999,-0.646600567214898,0.22180121257295801,-0.87481253211427368,0.3000839934810608,0.25895797683762889,-0.11098199007326948,2.9883948472306137
0.14999999999999999,-0.64863714412557327,0.2157728590024301,-0.87756790087577552,0.29192798570917011,0.33294597021980854,-0.11098199007326948,2.9579142307880884
0.14999999999999999,-0.65061751915278765,0.20972580955365111,-0.8802472317949479,0.28374668351376325,0.40693396360198819,-0.11098199007326948,2.930300257060046
0.14999999999999999,-0.65254152070475424,0.20366058817991553,-0.88285029271819671,0.27554079577282686,0.48092195698416784,-0.11098199007326948,2.9062716439495695
0.14999999999999999,-0.6544089820742286,0.19757772040904356,-0.88537685810042688,0.26731103349458835,0.55490995036634749,-0.11098199007326948,2.8863665954308608
0.14999999999999999,-0.65621974145295292,0.19147773329784812,-0.88782670902458327,0.25905810975591215,0.62889794374852714,-0.11098199007326948,2.871072480855053
0.14999999999999999,-0.65797364194567631,0.18536115538646519,-0.89019963322062079,0.25078273964051173,0.70288593713070679,-0.11098199007326948,2.8608862862382072
0.14999999999999999,-0.65967053158374844,0.1792285166525599,-0.8924954250838949,0.24248564017699278,0.77687393051288645,-0.11098199007326948,2.8563485317553732
0.14999999999999999,-0.66131026333828824,0.1730803484654051,-0.89471388569297816,0.23416753027672454,0.85086192389506632,-0.11098199007326948,2.858063596725525
0.14999999999999999,-0.66289269513292259,0.16691718353983942,-0.8968548228268951,0.22582913067154742,0.92484991727724575,-0.11098199007326948,2.8667076810999714
0.14999999999999999,-0.6644176898560965,0.16073955589011141,-0.89891805098177757,0.21747116385132714,-0.92484991727724575,-0.036993996691089714,2.8657802924345468
0.14999999999999999,-0.66588511537295392,0.15454800078360831,-0.90090339138693754,0.20909435400135237,-0.8508619238950661,-0.036993996691089714,2.8576861306379242
0.14999999999999999,-0.66729484453678634,0.14834305469447645,-0.90281067202035792,0.20069942693958576,-0.77687393051288645,-0.036993996691089714,2.8565592460157991
0.14999999999999999,-0.66864675520004968,0.14212525525713954,-0.90463972762359657,0.19228711005377699,-0.70288593713070679,-0.036993996691089714,2.8617432520088601
0.14999999999999999,-0.66994073022494782,0.13589514121971386,-0.9063903997161058,0.18385813223843636,-0.62889794374852714,-0.036993996691089714,2.8726630443838963
0.14999999999999999,-0.67117665749358213,0.12965325239732695,-0.90806253660896397,0.17541322383167759,-0.55490995036634749,-0.036993996691089714,2.8888214877387863
0.14999999999999999,-0.67235442991766614,0.12340012962534685,-0.90965599341801884,0.16695311655193984,-0.48092195698416773,-0.036993996691089714,2.909788634261147
0.14999999999999999,-0.67347394544780437,0.11713631471251842,-0.911170632076441,0.15847854343458373,-0.40693396360198808,-0.036993996691089714,2.9351873494395355
0.14999999999999999,-0.67453510708233411,0.11086235039401973,-0.91260632134668718,0.14999023876837964,-0.33294597021980843,-0.036993996691089714,2.9646753296749115
0.14999999999999999,-0.67553782287573072,0.1045787802844354,-0.9139629368318708,0.14148893803188317,-0.25895797683762878,-0.036993996691089714,2.9979166442937717
0.14999999999999999,-0.67648200594657415,0.098286148830653536,-0.91524036098654149,0.1329753778297077,-0.18496998345544913,-0.036993996691089714,3.0345110364111716
0.14999999999999999,-0.67736757448507723,0.091985001264693333,-0.91643848312686904,0.12445029582870273,-0.11098199007326948,-0.036993996691089714,3.073693299340067
0.14999999999999999,-0.67819445176017312,0.085675883556461968,-0.91755719944023417,0.11591443069403677,-0.036993996691089714,-0.036993996691089714,3.1116348513251144
0.14999999999999999,-0.67896256612616523,0.079359342366447524,-0.91859641299422345,0.10736852202519369,0.036993996691089936,-0.036993996691089714,3.1116348513249439
0.14999999999999999,-0.67967185102893357,0.073035924998354748,-0.9195560337450277,0.098813310291891721,0.11098199007326959,-0.036993996691089714,3.0736932993404684
0.14999999999999999,-0.68032224501170291,0.066706179351682521,-0.92043597854524495,0.090249536769923394,0.18496998345544924,-0.036993996691089714,3.034511036411164
0.14999999999999999,-0.6809136917203662,0.060370653874249426,-0.92123617115108347,0.081677943476925682,0.25895797683762889,-0.036993996691089714,2.9979166442935576
0.14999999999999999,-0.68144613990836866,0.054029897514675157,-0.92195654222896917,0.073099273108089918,0.33294597021980854,-0.036993996691089714,2.9646753296752664
0.14999999999999999,-0.68191954344114769,0.047684459674813766,-0.92259702936155263,0.064514268971806857,0.40693396360198819,-0.036993996691089714,2.9351873494395671
0.14999999999999999,-0.68233386130012996,0.041334890162152235,-0.92315757705311696,0.055923674925264781,0.48092195698416784,-0.036993996691089714,2.9097886342613761
0.14999999999999999,-0.68268905758628606,0.034981739142170919,-0.92363813673438688,0.047328235309995942,0.55490995036634749,-0.036993996691089714,2.8888214877387863
0.14999999999999999,-0.68298510152324032,0.028625557090672941,-0.92403866676673685,0.038728694887381031,0.62889794374852714,-0.036993996691089714,2.8726630443838963
0.14999999999999999,-0.68322196745993813,0.022266894746089394,-0.92435913244579859,0.03012579877412094,0.70288593713070679,-0.036993996691089714,2.8617432520088601
0.14999999999999999,-0.68339963487286837,0.015906303061759126,-0.92459950600446883,0.021520292377674111,0.77687393051288645,-0.036993996691089714,2.8565592460157991
0.14999999999999999,-0.683518088367841,0.0095443331581898522,-0.92475976661531423,0.012912921331668622,0.85086192389506632,-0.036993996691089714,2.8576861306378447
0.14999999999999999,-0.68357731768132213,0.0031815362753075263,-0.92483990039237685,0.004304431431298418,0.92484991727724575,-0.036993996691089714,2.8657802924345468
0.14999999999999999,-0.68357731768132213,-0.0031815362753073585,-0.92483990039237685,-0.0043044314312981908,-0.92484991727724575,0.036993996691089936,2.8657802924346272
0.14999999999999999,-0.683518088367841,-0.0095443331581896839,-0.92475976661531423,-0.012912921331668395,-0.8508619238950661,0.036993996691089936,2.8576861306382262
0.14999999999999999,-0.68339963487286837,-0.015906303061758654,-0.92459950600446883,-0.021520292377673472,-0.77687393051288645,0.036993996691089936,2.8565592460156815
0.14999999999999999,-0.68322196745993813,-0.022266894746089227,-0.92435913244579859,-0.030125798774120718,-0.70288593713070679,0.036993996691089936,2.8617432520088601
0.14999999999999999,-0.68298510152324032,-0.028625557090672774,-0.92403866676673685,-0.038728694887380809,-0.62889794374852714,0.036993996691089936,2.8726630443842258
0.14999999999999999,-0.68268905758628606,-0.034981739142170447,-0.92363813673438688,-0.04732823530999531,-0.55490995036634749,0.036993996691089936,2.8888214877387473
0.14999999999999999,-0.68233386130012996,-0.041334890162152069,-0.92315757705311696,-0.055923674925264552,-0.48092195698416773,0.036993996691089936,2.9097886342614108
0.14999999999999999,-0.68191954344114769,-0.047684459674813599,-0.92259702936155263,-0.064514268971806621,-0.40693396360198808,0.036993996691089936,2.9351873494400471
0.14999999999999999,-0.68144613990836866,-0.054029897514674685,-0.92195654222896928,-0.073099273108089266,-0.33294597021980843,0.036993996691089936,2.96467532967492
0.14999999999999999,-0.6809136917203662,-0.060370653874249253,-0.92123617115108347,-0.081677943476925446,-0.25895797683762878,0.036993996691089936,2.9979166442937824
0.14999999999999999,-0.68032224501170291,-0.06670617935168234,-0.92043597854524495,-0.090249536769923158,-0.18496998345544913,0.036993996691089936,3.0345110364112466
0.14999999999999999,-0.67967185102893357,-0.073035924998354596,-0.9195560337450277,-0.098813310291891499,-0.11098199007326948,0.036993996691089936,3.0736932993404285
0.14999999999999999,-0.67896256612616523,-0.079359342366447358,-0.91859641299422345,-0.10736852202519348,-0.036993996691089714,0.036993996691089936,3.1116348513251144
0.14999999999999999,-0.67819445176017323,-0.085675883556461496,-0.91755719944023428,-0.11591443069403613,0.036993996691089936,0.036993996691089936,3.1116348513249439
0.14999999999999999,-0.67736757448507723,-0.091985001264693167,-0.91643848312686904,-0.12445029582870251,0.11098199007326959,0.036993996691089936,3.073693299340547
0.14999999999999999,-0.67648200594657426,-0.098286148830653355,-0.9152403609865416,-0.13297537782970748,0.18496998345544924,0.036993996691089936,3.0345110364111432
0.14999999999999999,-0.67553782287573072,-0.10457878028443494,-0.91396293683187091,-0.14148893803188256,0.25895797683762889,0.036993996691089936,2.9979166442940159
0.14999999999999999,-0.67453510708233411,-0.11086235039401957,-0.91260632134668718,-0.14999023876837939,0.33294597021980854,0.036993996691089936,2.964675329674793
0.14999999999999999,-0.67347394544780437,-0.11713631471251824,-0.911170632076441,-0.15847854343458351,0.40693396360198819,0.036993996691089936,2.935187349439877
0.14999999999999999,-0.67235442991766625,-0.1234001296253464,-0.90965599341801895,-0.16695311655193923,0.48092195698416784,0.036993996691089936,2.909788634261373
0.14999999999999999,-0.67117665749358224,-0.12965325239732678,-0.90806253660896408,-0.17541322383167737,0.55490995036634749,0.036993996691089936,2.8888214877387473
0.14999999999999999,-0.66994073022494782,-0.13589514121971366,-0.9063903997161058,-0.18385813223843611,0.62889794374852714,0.036993996691089936,2.8726630443842258
0.14999999999999999,-0.66864675520004968,-0.14212525525713937,-0.90463972762359657,-0.19228711005377677,0.70288593713070679,0.036993996691089936,2.8617432520088601
0.14999999999999999,-0.66729484453678634,-0.14834305469447628,-0.90281067202035792,-0.20069942693958553,0.77687393051288645,0.036993996691089936,2.8565592460156815
0.14999999999999999,-0.66588511537295392,-0.15454800078360784,-0.90090339138693765,-0.20909435400135176,0.85086192389506632,0.036993996691089936,2.8576861306377648
0.14999999999999999,-0.6644176898560965,-0.16073955589011121,-0.89891805098177757,-0.21747116385132692,0.92484991727724575,0.036993996691089936,2.8657802924346272
0.14999999999999999,-0.66289269513292259,-0.16691718353983925,-0.89685482282689521,-0.2258291306715472,-0.92484991727724575,0.11098199007326959,2.8667076811002032
0.14999999999999999,-0.66131026333828835,-0.17308034846540463,-0.89471388569297827,-0.23416753027672388,-0.8508619238950661,0.11098199007326959,2.8580635967257337
0.14999999999999999,-0.65967053158374855,-0.17922851665255976,-0.89249542508389501,-0.24248564017699259,-0.77687393051288645,0.11098199007326959,2.8563485317552635
0.14999999999999999,-0.65797364194567631,-0.18536115538646505,-0.89019963322062079,-0.25078273964051151,-0.70288593713070679,0.11098199007326959,2.8608862862382072
0.14999999999999999,-0.65621974145295314,-0.19147773329784765,-0.88782670902458349,-0.25905810975591154,-0.62889794374852714,0.11098199007326959,2.8710724808553172
0.14999999999999999,-0.65440898207422871,-0.19757772040904342,-0.88537685810042699,-0.26731103349458812,-0.55490995036634749,0.11098199007326959,2.8863665954309004
0.14999999999999999,-0.65254152070475424,-0.20366058817991539,-0.88285029271819671,-0.27554079577282664,-0.48092195698416773,0.11098199007326959,2.9062716439495317
0.14999999999999999,-0.65061751915278765,-0.20972580955365094,-0.8802472317949479,-0.28374668351376303,-0.40693396360198808,0.11098199007326959,2.9303002570603316
0.14999999999999999,-0.64863714412557327,-0.21577285900242993,-0.87756790087577552,-0.29192798570916989,-0.33294597021980843,0.11098199007326959,2.9579142307880466
0.14999999999999999,-0.64660056721489811,-0.2218012125729576,-0.87481253211427379,-0.30008399348106024,-0.25895797683762878,0.11098199007326959,2.9883948472301656
0.14999999999999999,-0.64450796488222295,-0.2278103479318653,-0.87198136425241912,-0.30821400014311184,-0.18496998345544913,0.11098199007326959,3.0205036899234345
0.14999999999999999,-0.64235951844339378,-0.23379974441096693,-0.86907464259988565,-0.31631730126189639,-0.11098199007326948,0.11098199007326959,3.0514361379855681
0.14999999999999999,-0.64015541405293108,-0.23976888305237334,-0.866092619012789,-0.32439319471791683,-0.036993996691089714,0.11098199007326959,3.0736932993400679
0.14999999999999999,-0.63789584268789945,-0.24571724665345909,-0.86303555187186387,-0.33244098076644463,0.036993996691089936,0.11098199007326959,3.0736932993400865
0.14999999999999999,-0.63558100013136176,-0.25164431981167423,-0.8599037060600776,-0.3404599620981475,0.11098199007326959,0.11098199007326959,3.0514361379856507
0.14999999999999999,-0.63321108695541406,-0.25754958896920277,-0.85669735293967775,-0.3484494438995096,0.18496998345544924,0.11098199007326959,3.0205036899235416
0.14999999999999999,-0.63078630850380701,-0.26343254245746145,-0.85341677032868002,-0.35640873391303607,0.25895797683762889,0.11098199007326959,2.9883948472299244
0.14999999999999999,-0.62830687487415426,-0.26929267054143191,-0.85006224247679685,-0.36433714249723137,0.33294597021980854,0.11098199007326959,2.9579142307881385
0.14999999999999999,-0.62577300089972754,-0.27512946546382827,-0.84663406004080777,-0.37223398268635582,0.40693396360198819,0.11098199007326959,2.9303002570601255
0.14999999999999999,-0.62318490613084254,-0.28094242148909304,-0.84313252005937511,-0.38009857024994942,0.48092195698416784,0.11098199007326959,2.9062716439498026
0.14999999999999999,-0.62054281481583595,-0.28673103494721547,-0.83955792592730738,-0.387930223752115,0.55490995036634749,0.11098199007326959,2.8863665954309004
0.14999999999999999,-0.61784695588163474,-0.29249480427737429,-0.83591058736927049,-0.39572826461056521,0.62889794374852714,0.11098199007326959,2.8710724808553172
0.14999999999999999,-0.61509756291392081,-0.29823323007139468,-0.83219082041295167,-0.40349201715541627,0.70288593713070679,0.11098199007326959,2.8608862862382072
0.14999999999999999,-0.61229487413689199,-0.30394581511702023,-0.8283989473616773,-0.4112208086877332,0.77687393051288645,0.11098199007326959,2.8563485317552635
0.14999999999999999,-0.60943913239261982,-0.30963206444099595,-0.82453529676648563,-0.41891396953781795,0.85086192389506632,0.11098199007326959,2.8580635967253656
0.14999999999999999,-0.60653058512000957,-0.31529148535195345,-0.82060020339765993,-0.42657083312323113,0.92484991727724575,0.11098199007326959,2.8667076811002032
0.14999999999999999,-0.60356948433335977,-0.32092358748310229,-0.81659400821572203,-0.43419073600655006,-0.92484991727724575,0.18496998345544924,2.8686925602170348
0.14999999999999999,-0.60055608660052617,-0.32652788283471834,-0.81251705834188825,-0.44177301795285417,-0.8508619238950661,0.18496998345544924,2.8589677867399992
0.14999999999999999,-0.59749065302069149,-0.33210388581642619,-0.80836970702799427,-0.44931702198692952,-0.77687393051288645,0.18496998345544924,2.8561034347420677
0.14999999999999999,-0.59437344920174229,-0.337651113289274,-0.80415231362588657,-0.45682209445019412,-0.70288593713070679,0.18496998345544924,2.8593885605652076
0.14999999999999999,-0.59120474523725419,-0.34316908460759643,-0.79986524355628497,-0.46428758505733631,-0.62889794374852714,0.18496998345544924,2.8681682789426053
0.14999999999999999,-0.58798481568309025,-0.34865732166065955,-0.79550886827712208,-0.47171284695265697,-0.55490995036634749,0.18496998345544924,2.8818297317191055
0.14999999999999999,-0.58471393953361184,-0.35411534891408741,-0.79108356525135715,-0.47909723676611826,-0.48092195698416773,0.18496998345544924,2.899769855045943
0.14999999999999999,-0.58139240019750382,-0.35954269345106676,-0.78658971791426979,-0.48644011466909026,-0.40693396360198808,0.18496998345544924,2.9213398601257854
0.14999999999999999,-0.57802048547321949,-0.36493888501332095,-0.7820277156402381,-0.49374084442978711,-0.33294597021980843,0.18496998345544924,2.9457471074449435
0.14999999999999999,-0.57459848752404286,-0.37030345604185838,-0.77739795370899911,-0.5009987934683966,-0.25895797683762878,0.18496998345544924,2.9718670138944838
0.14999999999999999,-0.571126702852775,-0.37563594171748305,-0.77270083327140138,-0.50821333291188875,-0.18496998345544913,0.18496998345544924,2.9978652036896642
0.14999999999999999,-0.56760543227604243,-0.38093588000106954,-0.76793676131464561,-0.51538383764850582,-0.11098199007326948,0.18496998345544924,3.0205036899234043
0.14999999999999999,-0.56403498089823245,-0.38620281167359832,-0.76310615062702025,-0.52250968638192707,-0.036993996691089714,0.18496998345544924,3.0345110364111303
0.14999999999999999,-0.56041565808505756,-0.39143628037594336,-0.75820941976213663,-0.52959026168509971,0.036993996691089936,0.18496998345544924,3.03451103641099
0.14999999999999999,-0.55674777743675019,-0.39663583264841462,-0.75324699300266196,-0.53662495005373734,0.11098199007326959,0.18496998345544924,3.0205036899231898
0.14999999999999999,-0.55303165676088939,-0.40180101797004952,-0.7482193003235561,-0.54361314195947874,0.18496998345544924,0.18496998345544924,2.9978652036895341
0.14999999999999999,-0.54926761804486557,-0.40693138879764723,-0.74312677735481802,-0.55055423190269914,0.25895797683762889,0.18496998345544924,2.9718670138939443
0.14999999999999999,-0.54545598742798052,-0.41202650060454737,-0.73796986534373821,-0.55744761846497581,0.33294597021980854,0.18496998345544924,2.9457471074448769
0.14999999999999999,-0.54159709517318844,-0.41708591191914696,-0.73274901111666668,-0.56429270436119883,0.40693396360198819,0.18496998345544924,2.9213398601256508
0.14999999999999999,-0.53769127563848162,-0.42210918436315109,-0.72746466704029855,-0.571088896491322,0.48092195698416784,0.18496998345544924,2.8997698550458613
0.14999999999999999,-0.53373886724791719,-0.42709588268955784,-0.72211729098247612,-0.57783560599175465,0.55490995036634749,0.18496998345544924,2.8818297317191055
0.14999999999999999,-0.52974021246229597,-0.43204557482036976,-0.71670734627251809,-0.58453224828638262,0.62889794374852714,0.18496998345544924,2.8681682789426053
0.14999999999999999,-0.52569565774948923,-0.43695783188403214,-0.71123530166107363,-0.59117824313721989,0.70288593713070679,0.18496998345544924,2.8593885605652076
0.14999999999999999,-0.52160555355441729,-0.44183222825259388,-0.70570163127950558,-0.5977730146946858,0.77687393051288645,0.18496998345544924,2.8561034347420677
0.14999999999999999,-0.51747025426868642,-0.4466683415785847,-0.70010681459881097,-0.60431599154749693,0.85086192389506632,0.18496998345544924,2.8589677867397163
0.14999999999999999,-0.5132901181998818,-0.45146575283161139,-0.69445133638807532,-0.61080660677218002,0.92484991727724575,0.18496998345544924,2.8686925602170348
0.14999999999999999,-0.50906550754052038,-0.45622404633466507,-0.68873568667246865,-0.61724429798219393,-0.92484991727724575,0.25895797683762889,2.8719884944784075
0.14999999999999999,-0.50479678833667019,-0.46094280980013702,-0.68296036069078891,-0.62362850737665587,-0.8508619238950661,0.25895797683762889,2.8606874431109639
0.14999999999999999,-0.50048433045623264,-0.46562163436554233,-0.67712585885254994,-0.62995868178867487,-0.77687393051288645,0.25895797683762889,2.8561613578732645
0.14999999999999999,-0.49612850755689469,-0.47026011462894712,-0.6712326866946221,-0.63623427273328137,-0.70288593713070679,0.25895797683762889,2.8576576220307079
0.14999999999999999,-0.4917296970537543,-0.47485784868409336,-0.66528135483743223,-0.64245473645494977,-0.62889794374852714,0.25895797683762889,2.8644620367963536
0.14999999999999999,-0.48728828008661701,-0.47941443815522383,-0.65927237894071711,-0.6486195339747145,-0.55490995036634749,0.25895797683762889,2.8758812302175381
0.14999999999999999,-0.48280464148697327,-0.48392948823159915,-0.65320627965884603,-0.65472813113686945,-0.48092195698416773,0.25895797683762889,2.8912037837092632
0.14999999999999999,-0.47827916974465351,-0.48840260770170663,-0.64708358259570764,-0.66077999865525006,-0.40693396360198808,0.25895797683762889,2.9096361959257768
0.14999999999999999,-0.47371225697416675,-0.49283340898715794,-0.64090481825916668,-0.66677461215909595,-0.33294597021980843,0.25895797683762889,2.9302010117875472
0.14999999999999999,-0.46910429888072608,-0.49722150817627009,-0.63467052201509988,-0.67271145223848305,-0.25895797683762878,0.25895797683762889,2.9515764194444238
0.14999999999999999,-0.46445569472596226,-0.50156652505733068,-0.62838123404100765,-0.67859000448932971,-0.18496998345544913,0.25895797683762889,2.9718670138940229
0.14999999999999999,-0.4597668472933284,-0.50586808315154208,-0.62203749927920893,-0.68440975955796868,-0.11098199007326948,0.25895797683762889,2.9883948472301833
0.14999999999999999,-0.45503816285320148,-0.51012580974564059,-0.61563986738962551,-0.69017021318527838,-0.036993996691089714,0.25895797683762889,2.9979166442939471
0.14999999999999999,-0.4502700511276802,-0.51433933592419179,-0.60918889270215548,-0.69587086625037697,0.036993996691089936,0.25895797683762889,2.9979166442941327
0.14999999999999999,-0.44546292525508335,-0.51850829660155517,-0.60268513416864211,-0.70151122481386863,0.11098199007326959,0.25895797683762889,2.988394847230246
0.14999999999999999,-0.44061720175415464,-0.52263233055351721,-0.59612915531444444,-0.70709080016064085,0.18496998345544924,0.25895797683762889,2.9718670138939873
0.14999999999999999,-0.43573330048797076,-0.52671108044859094,-0.58952152418960746,-0.71260910884221118,0.25895797683762889,0.25895797683762889,2.9515764194440326
0.14999999999999999,-0.43081164462756499,-0.53074419287897534,-0.58286281331964662,-0.71806567271861355,0.33294597021980854,0.25895797683762889,2.9302010117878026
0.14999999999999999,-0.42585266061525739,-0.53473131839117916,-0.57615359965593638,-0.72346001899983059,0.40693396360198819,0.25895797683762889,2.9096361959259873
0.14999999999999999,-0.42085677812770811,-0.53867211151629835,-0.56939446452572262,-0.72879168028675656,0.48092195698416784,0.25895797683762889,2.8912037837091429
0.14999999999999999,-0.41582443003868552,-0.54256623079995003,-0.56258599358175088,-0.73406019461169703,0.55490995036634749,0.25895797683762889,2.8758812302175381
0.14999999999999999,-0.41075605238156226,-0.54641333883185683,-0.55572877675152532,-0.73926510547839441,0.62889794374852714,0.25895797683762889,2.8644620367963536
0.14999999999999999,-0.40565208431153105,-0.55021310227508458,-0.54882340818618902,-0.74440596190158503,0.70288593713070679,0.25895797683762889,2.8576576220307079
0.14999999999999999,-0.40051296806755549,-0.55396519189492355,-0.54187048620904565,-0.74948231844607294,0.77687393051288645,0.25895797683762889,2.8561613578732645
0.14999999999999999,-0.39533914893405309,-0.55766928258741388,-0.53487061326371876,-0.75449373526532448,0.85086192389506632,0.25895797683762889,2.860687443111142
0.14999999999999999,-0.39013107520231005,-0.56132505340751693,-0.52782439586194885,-0.75943977813958163,0.92484991727724575,0.25895797683762889,2.8719884944784075
0.14999999999999999,-0.3848891981316403,-0.5649321875969231,-0.52073244453104273,-0.76432001851348408,-0.92484991727724575,0.33294597021980854,2.8769604980424694
0.14999999999999999,-0.37961397191028695,-0.56849037261149649,-0.51359537376097641,-0.76913403353320109,-0.8508619238950661,0.33294597021980854,2.8636336726935436
0.14999999999999999,-0.37430585361606561,-0.57199930014835743,-0.5064138019511476,-0.77388140608307177,-0.77687393051288645,0.33294597021980854,2.8569948042141649
0.14999999999999999,-0.36896530317676196,-0.57545866617259511,-0.49918835135679557,-0.77856172482174635,-0.70288593713070679,0.33294597021980854,2.8562513481959142
0.14999999999999999,-0.36359278333028255,-0.57886817094360998,-0.49191964803508809,-0.78317458421782526,-0.62889794374852714,0.33294597021980854,2.8606330703562528
0.14999999999999999,-0.35818875958455665,-0.58222751904108661,-0.48460832179087071,-0.78771958458499947,-0.55490995036634749,0.33294597021980854,2.8693756228173091
0.14999999999999999,-0.3527537001772042,-0.58553641939059042,-0.47725500612209976,-0.79219633211668106,-0.48092195698416773,0.33294597021980854,2.8816831437754455
0.14999999999999999,-0.34728807603496575,-0.58879458528878648,-0.46986033816495359,-0.79660443892012278,-0.40693396360198808,0.33294597021980854,2.8966705190222179
0.14999999999999999,-0.34179236073289548,-0.59200173442828397,-0.46242495863862326,-0.80094352305003114,-0.33294597021980843,0.33294597021980854,2.9132836175517522
0.14999999999999999,-0.33626703045332962,-0.59515758892209525,-0.45494951178979881,-0.80521320854165823,-0.25895797683762878,0.33294597021980854,2.9302010117876978
0.14999999999999999,-0.33071256394462833,-0.59826187532771324,-0.44743464533685007,-0.80941312544337674,-0.18496998345544913,0.33294597021980854,2.9457471074452535
0.14999999999999999,-0.32512944247969122,-0.60131432467080603,-0.43988101041369981,-0.81354290984873745,-0.11098199007326948,0.33294597021980854,2.957914230787944
0.14999999999999999,-0.31951814981425808,-0.60431467246852089,-0.43228926151340796,-0.81760220392799865,-0.036993996691089714,0.33294597021980854,2.9646753296748773
0.14999999999999999,-0.31387917214499528,-0.60726265875240071,-0.42466005643146409,-0.82159065595913028,0.036993996691089936,0.33294597021980854,2.9646753296750328
0.14999999999999999,-0.30821299806736535,-0.61015802809091058,-0.41699405620878832,-0.82550792035829068,0.11098199007326959,0.33294597021980854,2.9579142307879684
0.14999999999999999,-0.3025201185332943,-0.61300052961156881,-0.409291925074457,-0.82935365770976943,0.18496998345544924,0.33294597021980854,2.9457471074449968
0.14999999999999999,-0.29680102680863146,-0.61578991702268426,-0.40155433038814842,-0.83312753479539614,0.25895797683762889,0.33294597021980854,2.9302010117879052
0.14999999999999999,-0.29105621843041196,-0.61852594863469601,-0.39378194258232208,-0.83682922462341214,0.33294597021980854,0.33294597021980854,2.9132836175517509
0.14999999999999999,-0.28528619116391735,-0.62120838738111639,-0.38597543510412341,-0.84045840645680436,0.40693396360198819,0.33294597021980854,2.8966705190222606
0.14999999999999999,-0.27949144495954753,-0.62383700083907057,-0.37813548435703481,-0.84401476584109536,0.48092195698416784,0.33294597021980854,2.8816831437750374
0.14999999999999999,-0.27367248190950388,-0.62641156124943498,-0.37026276964226995,-0.84749799463158837,0.55490995036634749,0.33294597021980854,2.8693756228173091
0.14999999999999999,-0.26782980620428154,-0.62893184553657266,-0.3623579730999103,-0.85090779102006875,0.62889794374852714,0.33294597021980854,2.8606330703562528
0.14999999999999999,-0.26196392408898489,-0.63139763532766169,-0.35442177964980304,-0.85424385956095394,0.70288593713070679,0.33294597021980854,2.8562513481959142
0.14999999999999999,-0.25607534381946501,-0.63380871697161523,-0.34645487693221733,-0.85750591119689112,0.77687393051288645,0.33294597021980854,2.8569948042141649
0.14999999999999999,-0.25016457561827804,-0.63616488155759521,-0.3384579552482585,-0.86069366328380514,0.85086192389506632,0.33294597021980854,2.8636336726933407
0.14999999999999999,-0.24423213163047813,-0.63846592493311272,-0.33043170750005862,-0.86380683961538762,0.92484991727724575,0.33294597021980854,2.8769604980424694
0.14999999999999999,-0.23827852587924353,-0.64071164772171652,-0.32237682913074123,-0.86684517044702813,-0.92484991727724575,0.40693396360198819,2.884069571704484
0.14999999999999999,-0.23230427422133518,-0.64290185534026967,-0.3142940180641593,-0.86980839251918829,-0.8508619238950661,0.40693396360198819,2.8683191993518125
0.14999999999999999,-0.22630989430240156,-0.64503635801580839,-0.30618397464442559,-0.87269624908021126,-0.77687393051288645,0.40693396360198819,2.8591815128308098
0.14999999999999999,-0.22029590551212833,-0.64711497080198477,-0.29804740157523241,-0.87550848990856756,-0.70288593713070679,0.40693396360198819,2.8558332724792472
0.14999999999999999,-0.21426282893923171,-0.6491375135950932,-0.28988500385896054,-0.87824487133453777,-0.62889794374852714,0.40693396360198819,2.8574601856559996
0.14999999999999999,-0.20821118732631003,-0.65110381114967419,-0.28169748873559586,-0.88090515626132371,-0.55490995036634749,0.40693396360198819,2.8632463770831134
0.14999999999999999,-0.2021415050245518,-0.65301369309369872,-0.27348556562145238,-0.88348911418559228,-0.48092195698416773,0.40693396360198819,2.8723449705697379
0.14999999999999999,-0.19605430794829917,-0.65486699394333181,-0.26524994604769886,-0.88599652121744876,-0.40693396360198808,0.40693396360198819,2.8838349653533002
0.14999999999999999,-0.18995012352948151,-0.65666355311726943,-0.25699134359871023,-0.88842716009983502,-0.33294597021980843,0.40693396360198819,2.8966705190223525
0.14999999999999999,-0.18382948067191682,-0.6584032149506529,-0.24871047385024037,-0.89078082022735383,-0.25895797683762878,0.40693396360198819,2.9096361959258674
0.14999999999999999,-0.1776929097054811,-0.66008582870855659,-0.24040805430741558,-0.89305729766451769,-0.18496998345544913,0.40693396360198819,2.9213398601254963
0.14999999999999999,-0.1715409423401596,-0.66171124859904895,-0.23208480434256884,-0.89525639516341904,-0.11098199007326948,0.40693396360198819,2.9303002570604186
0.14999999999999999,-0.16537411161997492,-0.66327933378582382,-0.22374144513290722,-0.89737792218082046,-0.036993996691089714,0.40693396360198819,2.9351873494399707
0.14999999999999999,-0.15919295187680335,-0.66478994840040417,-0.21537869959802805,-0.89942169489466439,0.036993996691089936,0.40693396360198819,2.9351873494395058
0.14999999999999999,-0.15299799868407338,-0.66624296155391438,-0.20699729233727573,-0.90138753622000167,0.11098199007326959,0.40693396360198819,2.9303002570605581
0.14999999999999999,-0.14678978881036228,-0.66763824734842114,-0.19859794956696072,-0.90327527582433431,0.18496998345544924,0.40693396360198819,2.9213398601258485
0.14999999999999999,-0.14056886017288889,-0.66897568488784187,-0.19018139905743789,-0.90508475014237422,0.25895797683762889,0.40693396360198819,2.9096361959256742
0.14999999999999999,-0.13433575179090157,-0.67025515828842042,-0.18174837007004327,-0.90681580239021575,0.33294597021980854,0.40693396360198819,2.8966705190222628
0.14999999999999999,-0.12809100373897622,-0.67147655668876771,-0.17329959329390898,-0.90846828257892087,0.40693396360198819,0.40693396360198819,2.8838349653536706
0.14999999999999999,-0.12183515710022255,-0.67263977425946675,-0.164835800782654,-0.91004204752751361,0.48092195698416784,0.40693396360198819,2.872344970569864
0.14999999999999999,-0.11556875391939785,-0.67374471021224347,-0.15635772589095001,-0.91153696087538805,0.55490995036634749,0.40693396360198819,2.8632463770831134
0.14999999999999999,-0.10929233715594266,-0.67479126880869911,-0.14786610321098123,-0.9129528930941222,0.62889794374852714,0.40693396360198819,2.8574601856559996
0.14999999999999999,-0.10300645063693732,-0.67577935936860523,-0.13936166850879753,-0.91428972149870102,0.70288593713070679,0.40693396360198819,2.8558332724792472
0.14999999999999999,-0.096711639009977785,-0.67670889627776143,-0.13084515866055815,-0.91554733025814761,0.77687393051288645,0.40693396360198819,2.8591815128308098
0.14999999999999999,-0.090408447695985855,-0.6775797989954131,-0.12231731158868674,-0.91672561040555878,0.85086192389506632,0.40693396360198819,2.8683191993516552
0.14999999999999999,-0.084097422841952457,-0.67839199206123013,-0.11377886619793567,-0.91782445984754657,0.92484991727724575,0.40693396360198819,2.884069571704484
0.14999999999999999,-0.077779111273612395,-0.67914540510184507,-0.10523056231135794,-0.91884378337308448,-0.92484991727724575,0.48092195698416784,2.8938554703909709
0.14999999999999999,-0.071454060448065931,-0.67983997283695108,-0.096673140606206825,-0.9197834926617573,-0.8508619238950661,0.48092195698416784,2.8753373873513173
0.14999999999999999,-0.065122818406345526,-0.68047563508495756,-0.088107342549761575,-0.92064350629141312,-0.77687393051288645,0.48092195698416784,2.8633767739010141
0.14999999999999999,-0.05878593372592663,-0.68105233676820554,-0.079533910335077188,-0.92142374974521912,-0.70288593713070679,0.48092195698416784,2.8571345265295691
0.14999999999999999,-0.052443955473197364,-0.68157002791773902,-0.070953586816678779,-0.92212415541811743,-0.62889794374852714,0.48092195698416784,2.8557690527859694
0.14999999999999999,-0.046097433155885846,-0.68202866367763526,-0.062367115446198489,-0.92274466262268295,-0.55490995036634749,0.48092195698416784,2.8584350600508364
0.14999999999999999,-0.039746916675443937,-0.68242820430889106,-0.053775240207953559,-0.92328521759438198,-0.48092195698416773,0.48092195698416784,2.8642655399243386
0.14999999999999999,-0.033392956279402745,-0.68276861519286614,-0.045178705554486068,-0.92374577349623055,-0.40693396360198808,0.48092195698416784,2.8723449705698445
0.14999999999999999,-0.02703610251369468,-0.6830498668342827,-0.036578256342057504,-0.92412629042285288,-0.33294597021980843,0.48092195698416784,2.881683143775462
0.14999999999999999,-0.020676906174953161,-0.68327193486378057,-0.027974637766113097,-0.92442673540393838,-0.25895797683762878,0.48092195698416784,2.8912037837095665
0.14999999999999999,-0.014315918262784647,-0.68343480004002988,-0.019368595296708639,-0.92464708240709903,-0.18496998345544913,0.48092195698416784,2.8997698550457134
0.14999999999999999,-0.0079536899320284491,-0.68353844825139676,-0.010760874613920843,-0.9247873123401249,-0.11098199007326948,0.48092195698416784,2.9062716439494092
0.14999999999999999,-0.0015907724450031453,-0.68358287051716737,-0.002152221543239549,-0.92484741305263807,-0.036993996691089714,0.48092195698416784,2.9097886342609365
0.14999999999999999,0.0047722828762618063,-0.6835680629883254,0.0064566180090600903,-0.92482737933714598,0.036993996691089936,0.48092195698416784,2.909788634260785
0.14999999999999999,0.011134924697794141,-0.68349402694788541,0.015064898120545013,-0.92472721292949189,0.11098199007326959,0.48092195698416784,2.9062716439497227
0.14999999999999999,0.017496601721447919,-0.68336076881078212,0.023671872917253065,-0.92454692250870518,0.18496998345544924,0.48092195698416784,2.899769855045637
0.14999999999999999,0.023856762732675001,-0.68316830012331453,0.032276796638325,-0.92428652369624897,0.25895797683762889,0.48092195698416784,2.8912037837091971
0.14999999999999999,0.030214856648283817,-0.68291663756214482,0.040878923700619282,-0.92394603905466643,0.33294597021980854,0.48092195698416784,2.8816831437755042
0.14999999999999999,0.036570332564186785,-0.68260580293285456,0.049477508763311522,-0.92352549808562667,0.40693396360198819,0.48092195698416784,2.8723449705696478
0.14999999999999999,0.042922639803137583,-0.68223582316805409,0.058071806792480259,-0.92302493722736711,0.48092195698416784,0.48092195698416784,2.8642655399242134
0.14999999999999999,0.049271227962443473,-0.68180673032504979,0.066661073125658804,-0.92244439985153792,0.55490995036634749,0.48092195698416784,2.8584350600508364
0.14999999999999999,0.055615546961653613,-0.68131856158306614,0.075244563536354878,-0.92178393625944233,0.62889794374852714,0.48092195698416784,2.8557690527859694
0.14999999999999999,0.061955047090225111,-0.6807713592400243,0.083821534298539849,-0.9210436036776799,0.70288593713070679,0.48092195698416784,2.8571345265295691
0.14999999999999999,0.068289179055151458,-0.68016517070887694,0.092391242251087261,-0.92022346625318641,0.77687393051288645,0.48092195698416784,2.8633767739010141
0.14999999999999999,0.074617394028554815,-0.67950004851350054,0.10095294486216239,-0.91932359504767713,0.85086192389506632,0.48092195698416784,2.8753373873512778
0.14999999999999999,0.08093914369524341,-0.67877605028414423,0.10950590029356461,-0.91834406803148905,0.92484991727724575,0.48092195698416784,2.8938554703909709
0.14999999999999999,0.087253880300219147,-0.67799323875243567,0.11804936746500237,-0.91728497007682464,-0.92484991727724575,0.55490995036634749,2.9069183291482728
0.14999999999999999,0.093561056696136638,-0.6771516817459472,0.12658260611830249,-0.91614639295039901,-0.8508619238950661,0.55490995036634749,2.8853427946515424
0.14999999999999999,0.099860126390714968,-0.67625145218231708,0.13510487688155554,-0.91492843530548762,-0.77687393051288645,0.55490995036634749,2.8702911554389878
0.14999999999999999,0.10615054359408729,-0.67529262806293244,0.14361544133317691,-0.91363120267337916,-0.70288593713070679,0.55490995036634749,2.8609272197750402
0.14999999999999999,0.11243176326608972,-0.67427529246617079,0.15211356206588608,-0.91225480745423104,-0.62889794374852714,0.55490995036634749,2.8564008780915753
0.14999999999999999,0.11870324116349042,-0.67319953354020123,0.16059850275060467,-0.91079936890733093,-0.55490995036634749,0.55490995036634749,2.8558580530668172
0.14999999999999999,0.12496443388714376,-0.67206544449534678,0.16906952820025331,-0.90926501314076313,-0.48092195698416773,0.55490995036634749,2.85843506005099
0.14999999999999999,0.13121479892907503,-0.67087312359600804,0.17752590443345442,-0.90765187310048134,-0.40693396360198808,0.55490995036634749,2.8632463770830969
0.14999999999999999,0.13745379471948418,-0.66962267415214982,0.18596689873812564,-0.90596008855879084,-0.33294597021980843,0.55490995036634749,2.8693756228175005
0.14999999999999999,0.14368088067367435,-0.66831420451034829,0.19439177973497115,-0.90418980610223576,-0.25895797683762878,0.55490995036634749,2.875881230217197
0.14999999999999999,0.14989551723888961,-0.66694782804440411,0.2027998174408506,-0.90234117911889955,-0.18496998345544913,0.55490995036634749,2.8818297317190851
0.14999999999999999,0.15609716594106329,-0.66552366314551914,0.21119028333202677,-0.90041436778511397,-0.11098199007326948,0.55490995036634749,2.8863665954310584
0.14999999999999999,0.16228528943147835,-0.66404183321203758,0.21956245040729422,-0.89840953905158016,-0.036993996691089714,0.55490995036634749,2.8888214877389613
0.14999999999999999,0.16845935153332467,-0.66250246663875445,0.22791559325096863,-0.89632686662890304,0.036993996691089936,0.55490995036634749,2.8888214877392095
0.14999999999999999,0.17461881728815493,-0.66090569680579103,0.23624898809573897,-0.89416653097254073,0.11098199007326959,0.55490995036634749,2.8863665954307485
0.14999999999999999,0.18076315300224019,-0.65925166206703723,0.24456191288538376,-0.89192871926716788,0.18496998345544924,0.55490995036634749,2.8818297317188724
0.14999999999999999,0.18689182629281073,-0.65754050573816381,0.25285364733733212,-0.88961362541045674,0.25895797683762889,0.55490995036634749,2.8758812302174981
0.14999999999999999,0.19300430613418301,-0.65577237608420569,0.26112347300507111,-0.88722144999627817,0.33294597021980854,0.55490995036634749,2.8693756228172815
0.14999999999999999,0.19910006290377466,-0.6539474263067141,0.26937067334040099,-0.88475240029731894,0.40693396360198819,0.55490995036634749,2.8632463770830774
0.14999999999999999,0.20517856842799226,-0.65206581453048285,0.2775945337555189,-0.88220669024712373,0.48092195698416784,0.55490995036634749,2.8584350600509612
0.14999999999999999,0.21123929602799402,-0.65012770378984752,0.28579434168493306,-0.87958454042155831,0.55490995036634749,0.55490995036634749,2.8558580530668172
0.14999999999999999,0.21728172056532774,-0.64813326201455912,0.29396938664720806,-0.87688617801969748,0.62889794374852714,0.55490995036634749,2.8564008780915753
0.14999999999999999,0.2233053184874304,-0.64608266201523279,0.30211896030652347,-0.8741118368441384,0.70288593713070679,0.55490995036634749,2.8609272197750402
0.14999999999999999,0.22930956787299014,-0.64397608146837626,0.31024235653404542,-0.87126175728074429,0.77687393051288645,0.55490995036634749,2.8702911554389878
0.14999999999999999,0.23529394847717219,-0.64181370290099293,0.31833887146911527,-0.86833618627781395,0.85086192389506632,0.55490995036634749,2.8853427946516965
0.14999999999999999,0.24125794177669432,-0.63959571367476775,0.32640780358023347,-0.86533537732468557,0.92484991727724575,0.55490995036634749,2.9069183291482728
0.14999999999999999,0.24720103101475321,-0.63732230596983286,0.33444845372584253,-0.86225959042977385,-0.92484991727724575,0.62889794374852714,2.9238983221958303
0.14999999999999999,0.25312270124580283,-0.6349936767681158,0.34246012521490965,-0.85910909209803898,-0.8508619238950661,0.62889794374852714,2.8990327728502279
0.14999999999999999,0.25902243938017006,-0.63261002783627163,0.35044212386728885,-0.85588415530789685,-0.77687393051288645,0.62889794374852714,2.8806734337686257
0.14999999999999999,0.26489973422851315,-0.63017156570820088,0.35839375807387069,-0.8525850594875658,-0.70288593713070679,0.62889794374852714,2.8680086280084929
0.14999999999999999,0.27075407654611222,-0.62767850166715466,0.36631433885650477,-0.84921209049085611,-0.62889794374852714,0.62889794374852714,2.8601993624507998
0.14999999999999999,0.27658495907699621,-0.62513105172742667,0.37420317992770075,-0.84576554057240061,-0.55490995036634749,0.62889794374852714,2.8564008780913559
0.14999999999999999,0.2823918765978935,-0.62252943661563698,0.38205959775009118,-0.84224570836233226,-0.48092195698416773,0.62889794374852714,2.8557690527860062
0.14999999999999999,0.28817432596200548,-0.61987388175160762,0.38988291159565441,-0.83865289884041028,-0.40693396360198808,0.62889794374852714,2.8574601856560289
0.14999999999999999,0.29393180614260578,-0.61716461722882965,0.39767244360470189,-0.83498742330959308,-0.33294597021980843,0.62889794374852714,2.8606330703564544
0.14999999999999999,0.29966381827645061,-0.61440187779452682,0.40542751884460959,-0.83124959936906562,-0.25895797683762878,0.62889794374852714,2.8644620367961395
0.14999999999999999,0.30536986570700153,-0.61158590282931646,0.41314746536829616,-0.82743975088672217,-0.18496998345544913,0.62889794374852714,2.8681682789426306
0.14999999999999999,0.31104945402746242,-0.60871693632646684,0.42083161427244908,-0.82355820797110202,-0.11098199007326948,0.62889794374852714,2.8710724808552128
0.14999999999999999,0.31670209112361575,-0.60579522687075649,0.4284792997554801,-0.81960530694278799,-0.036993996691089714,0.62889794374852714,2.8726630443841299
0.14999999999999999,0.32232728721646131,-0.60282102761693634,0.43608985917521226,-0.81558139030526677,0.036993996691089936,0.62889794374852714,2.8726630443840291
0.14999999999999999,0.32792455490465644,-0.59979459626779341,0.44366263310629983,-0.81148680671524975,0.11098199007326959,0.62889794374852714,2.8710724808551271
0.14999999999999999,0.33349340920674608,-0.59671619505182205,0.45119696539736232,-0.80732191095246497,0.18496998345544924,0.62889794374852714,2.8681682789427336
0.14999999999999999,0.33903336760318287,-0.59358609070050428,0.4586922032278356,-0.80308706388891749,0.25895797683762889,0.62889794374852714,2.8644620367966485
0.14999999999999999,0.34454395007813882,-0.5904045544251969,0.46614769716454074,-0.79878263245761927,0.33294597021980854,0.62889794374852714,2.860633070356438
0.14999999999999999,0.35002467916109503,-0.58717186189363224,0.47356280121795208,-0.79440898962079642,0.40693396360198819,0.62889794374852714,2.8574601856559605
0.14999999999999999,0.35547507996821154,-0.58388829320603441,0.4809368728981685,-0.78996651433757581,0.48092195698416784,0.62889794374852714,2.8557690527860609
0.14999999999999999,0.36089468024347654,-0.58055413287084701,0.48826927327058584,-0.78545559153114586,0.55490995036634749,0.62889794374852714,2.8564008780913559
0.14999999999999999,0.36628301039962469,-0.57716966978008355,0.49555936701125686,-0.78087661205540704,0.62889794374852714,0.62889794374852714,2.8601993624507998
0.14999999999999999,0.37163960355882319,-0.573735197184296,0.50280652246193724,-0.77622997266110627,0.70288593713070679,0.62889794374852714,2.8680086280084929
0.14999999999999999,0.3769639955931281,-0.57025101266716427,0.51001011168482024,-0.77151607596145744,0.77687393051288645,0.62889794374852714,2.8806734337686257
0.14999999999999999,0.38225572516469669,-0.56671741811971343,0.51716951051694249,-0.76673533039725927,0.85086192389506632,0.62889794374852714,2.8990327728497114
0.14999999999999999,0.3875143337657625,-0.56313471971415463,0.52428409862426684,-0.76188815020150324,0.92484991727724575,0.62889794374852714,2.9238983221958303
0.14999999999999999,0.39273936575836027,-0.55950322787735829,0.53135325955542856,-0.75697495536348469,-0.92484991727724575,0.70288593713070679,2.9454512367654715
0.14999999999999999,0.39793036841380891,-0.55582325726395487,0.53837638079515315,-0.75199617159240939,-0.8508619238950661,0.70288593713070679,2.9171275110778168
0.14999999999999999,0.40308689195193703,-0.55209512672907168,0.54535285381732646,-0.74695223028050872,-0.77687393051288645,0.70288593713070679,2.8952955498600947
0.14999999999999999,0.40820848958005251,-0.54831915930070718,0.55228207413771802,-0.74184356846566268,-0.70288593713070679,0.70288593713070679,2.8791917418420319
0.14999999999999999,0.41329471753165964,-0.54449568215173938,0.55916344136636298,-0.73667062879352962,-0.62889794374852714,0.70288593713070679,2.8680086280087624
0.14999999999999999,0.41834513510490673,-0.54062502657157818,0.5659963592595797,-0.73143385947919393,-0.55490995036634749,0.70288593713070679,2.8609272197748621
0.14999999999999999,0.42335930470077099,-0.53670752793746246,0.57278023577163129,-0.7261337142683314,-0.48092195698416773,0.70288593713070679,2.8571345265294252
0.14999999999999999,0.42833679186097712,-0.53274352568539796,0.57951448310602782,-0.72077065239789129,-0.40693396360198808,0.70288593713070679,2.8558332724793769
0.14999999999999999,0.43327716530563981,-0.52873336328074805,0.58619851776645382,-0.7153451385563061,-0.33294597021980843,0.70288593713070679,2.8562513481955665
0.14999999999999999,0.43817999697063176,-0.52467738818847476,0.59283176060732523,-0.7098576428432305,-0.25895797683762878,0.70288593713070679,2.8576576220312009
0.14999999999999999,0.44304486204467569,-0.52057595184302985,0.59941363688397287,-0.70430864072880506,-0.18496998345544913,0.70288593713070679,2.8593885605652858
0.14999999999999999,0.44787133900615189,-0.51642940961790584,0.60594357630244067,-0.69869861301246083,-0.11098199007326948,0.70288593713070679,2.8608862862378226
0.14999999999999999,0.45265900965961969,-0.51223812079484543,0.61242101306889718,-0.69302804578126131,-0.036993996691089714,0.70288593713070679,2.8617432520089925
0.14999999999999999,0.45740745917205528,-0.50800244853270815,0.6188453859386629,-0.68729743036778157,0.036993996691089936,0.70288593713070679,2.8617432520089601
0.14999999999999999,0.46211627610879419,-0.50372275983600634,0.62521613826483913,-0.68150726330753797,0.11098199007326959,0.70288593713070679,2.8608862862384763
0.14999999999999999,0.46678505246917879,-0.49939942552310596,0.63153271804653599,-0.67565804629596682,0.18496998345544924,0.70288593713070679,2.8593885605647933
0.14999999999999999,0.4714133837219131,-0.49503282019409439,0.63779457797670591,-0.66975028614495113,0.25895797683762889,0.70288593713070679,2.8576576220306125
0.14999999999999999,0.476000868840112,-0.49062332219832439,0.64400117548956315,-0.66378449473890933,0.33294597021980854,0.70288593713070679,2.8562513481953604
0.14999999999999999,0.48054711033604774,-0.48617131360163224,0.65015197280759396,-0.65776118899044356,0.40693396360198819,0.70288593713070679,2.8558332724792725
0.14999999999999999,0.48505171429559324,-0.4816771801532313,0.65624643698815555,-0.65168089079554814,0.48092195698416784,0.70288593713070679,2.8571345265294577
0.14999999999999999,0.48951429041235128,-0.47714131125228981,0.66228403996965168,-0.64554412698839203,0.55490995036634749,0.70288593713070679,2.8609272197748621
0.14999999999999999,0.49393445202147424,-0.47256409991418968,0.66826425861728855,-0.63935142929566835,0.62889794374852714,0.70288593713070679,2.8680086280087624
0.14999999999999999,0.498311816133165,-0.46794594273647577,0.6741865747683996,-0.63310333429052601,0.70288593713070679,0.70288593713070679,2.8791917418420319
0.14999999999999999,0.5026460034658643,-0.46328723986448905,0.68005047527734575,-0.62680038334607335,0.77687393051288645,0.70288593713070679,2.8952955498600947
0.14999999999999999,0.50693663847911286,-0.45858839495669707,0.68585545205997611,-0.62044312258847245,0.85086192389506632,0.70288593713070679,2.9171275110778767
0.14999999999999999,0.51118334940608867,-0.45384981514971989,0.6916010021376493,-0.61403210284962095,0.92484991727724575,0.70288593713070679,2.9454512367654715
0.14999999999999999,0.51538576828582261,-0.44907191102305055,0.69728662768081873,-0.60756787961942127,-0.92484991727724575,0.77687393051288645,2.972217362271337
0.14999999999999999,0.51954353099507866,-0.44425509656348122,0.70291183605216512,-0.60105101299765096,-0.8508619238950661,0.77687393051288645,2.9403445570410356
0.14999999999999999,0.52365627727990294,-0.43939978912923439,0.70847613984928037,-0.59448206764543465,-0.77687393051288645,0.77687393051288645,2.9149343987312255
0.14999999999999999,0.52772365078684091,-0.43450640941379753,0.71397905694690234,-0.58786161273631421,-0.70288593713070679,0.77687393051288645,2.8952955498598647
0.14999999999999999,0.5317452990938123,-0.42957538140947327,0.71942011053868715,-0.58119022190693437,-0.62889794374852714,0.77687393051288645,2.8806734337685969
0.14999999999999999,0.53572087374064636,-0.42460713237064296,0.72479882917852145,-0.5744684732073404,-0.55490995036634749,0.77687393051288645,2.8702911554390158
0.14999999999999999,0.53965003025927705,-0.41960209277674443,0.73011474682137467,-0.56769694905088952,-0.48092195698416773,0.77687393051288645,2.8633767739009639
0.14999999999999999,0.54353242820358794,-0.41456069629497416,0.73536740286367774,-0.56087623616378846,-0.40693396360198808,0.77687393051288645,2.8591815128301485
0.14999999999999999,0.54736773117891036,-0.40948337974271237,0.74055634218323163,-0.55400692553425779,-0.33294597021980843,0.77687393051288645,2.8569948042137794
0.14999999999999999,0.55115560687117227,-0.40437058304967244,0.74568111517864477,-0.54708961236132148,-0.25895797683762878,0.77687393051288645,2.8561613578737224
0.14999999999999999,0.55489572707569113,-0.39922274921978379,0.75074127780828792,-0.54012489600323677,-0.18496998345544913,0.77687393051288645,2.8561034347420882
0.14999999999999999,0.55858776772561036,-0.39404032429280866,0.75573639162876682,-0.53311337992556462,-0.11098199007326948,0.77687393051288645,2.8563485317554136
0.14999999999999999,0.5622314089199808,-0.38882375730569196,0.76066602383291504,-0.52605567164887723,-0.036993996691089714,0.77687393051288645,2.8565592460157876
0.14999999999999999,0.56582633495147749,-0.383573500253655,0.76552974728729295,-0.51895238269612143,0.036993996691089936,0.77687393051288645,2.8565592460159084
0.14999999999999999,0.56937223433375383,-0.37829000805103369,0.77032714056919638,-0.51180412853963375,0.11098199007326959,0.77687393051288645,2.8563485317557094
0.14999999999999999,0.57286879982843264,-0.37297373849185872,0.77505778800317349,-0.50461152854780877,0.18496998345544924,0.77687393051288645,2.8561034347424852
0.14999999999999999,0.57631572847172552,-0.36762515221019171,0.7797212796970403,-0.4973752059314358,0.25895797683762889,0.77687393051288645,2.8561613578735168
0.14999999999999999,0.57971272160068421,-0.36224471264021202,0.7843172115773962,-0.49009578768969858,0.33294597021980854,0.77687393051288645,2.8569948042138695
0.14999999999999999,0.58305948487907788,-0.35683288597606394,0.78884518542463467,-0.48277390455585117,0.40693396360198819,0.77687393051288645,2.8591815128306455
0.14999999999999999,0.58635572832289706,-0.35139014113145955,0.79330480890744892,-0.47541019094256293,0.48092195698416784,0.77687393051288645,2.8633767739007925
0.14999999999999999,0.58960116632547988,-0.34591694969905129,0.79769569561682563,-0.4680052848869517,0.55490995036634749,0.77687393051288645,2.8702911554390158
0.14999999999999999,0.59279551768225691,-0.34041378590957111,0.80201746509952387,-0.46055982799530204,0.62889794374852714,0.77687393051288645,2.8806734337685969
0.14999999999999999,0.59593850561511852,-0.33488112659073765,0.80626974289104258,-0.45307446538746854,0.70288593713070679,0.77687393051288645,2.8952955498598647
0.14999999999999999,0.59902985779639606,-0.32931945112594224,0.81045216054806513,-0.4455498456409806,0.77687393051288645,0.77687393051288645,2.9149343987312255
0.14999999999999999,0.60206930637245659,-0.32372924141271398,0.81456435568038232,-0.43798662073484823,0.85086192389506632,0.77687393051288645,2.9403445570413824
0.14999999999999999,0.60505658798691375,-0.31811098182096181,0.81860597198229501,-0.43038544599306594,0.92484991727724575,0.77687393051288645,2.972217362271337
0.14999999999999999,0.60799144380344505,-0.31246515915100764,0.82257665926348444,-0.42274698002783384,-0.92484991727724575,0.85086192389506632,3.0047821007350093
0.14999999999999999,0.61087361952821861,-0.30679226259140818,0.82647607347935448,-0.4150718846824934,-0.8508619238950661,0.85086192389506632,2.9693639180210645
0.14999999999999999,0.61370286543192787,-0.30109278367656583,0.83030387676084361,-0.4073608249741773,-0.77687393051288645,0.85086192389506632,2.9403445570413864
0.14999999999999999,0.61647893637142981,-0.29536721624414053,0.83405973744369899,-0.39961446903619008,-0.70288593713070679,0.85086192389506632,2.9171275110780348
0.14999999999999999,0.61920159181098378,-0.28961605639226234,0.83774333009721325,-0.39183348806011958,-0.62889794374852714,0.85086192389506632,2.8990327728498637
0.14999999999999999,0.62187059584309534,-0.28383980243654322,0.841354335552423,-0.38401855623767606,-0.55490995036634749,0.85086192389506632,2.8853427946516632
0.14999999999999999,0.62448571720895529,-0.27803895486690144,0.84489244092976301,-0.37617035070227839,-0.48092195698416773,0.85086192389506632,2.8753373873513519
0.14999999999999999,0.62704672931847749,-0.27221401630419806,0.84835733966617544,-0.36828955147038556,-0.40693396360198808,0.85086192389506632,2.868319199351228
0.14999999999999999,0.6295534102699325,-0.26636549145668292,0.8517487315416733,-0.36037684138257103,-0.33294597021980843,0.85086192389506632,2.8636336726935014
0.14999999999999999,0.63200554286917432,-0.26049388707626597,0.85506632270535343,-0.35243290604435984,-0.25895797683762878,0.85086192389506632,2.8606874431109057
0.14999999999999999,0.63440291464845877,-0.25459971191461023,0.8583098257008559,-0.34445843376682556,-0.18496998345544913,0.85086192389506632,2.8589677867398269
0.14999999999999999,0.63674531788485411,-0.24868347667904755,0.86147895949127307,-0.33645411550694665,-0.11098199007326948,0.85086192389506632,2.8580635967258488
0.14999999999999999,0.63903254961823852,-0.24274569398832976,0.86457344948349901,-0.32842064480774025,-0.036993996691089714,0.85086192389506632,2.8576861306381818
0.14999999999999999,0.64126441166888648,-0.23678687832821124,0.86759302755202283,-0.3203587177381681,0.036993996691089936,0.85086192389506632,2.8576861306382422
0.14999999999999999,0.64344071065463937,-0.23080754600687306,0.87053743206215906,-0.3122690328328282,0.11098199007326959,0.85086192389506632,2.8580635967252448
0.14999999999999999,0.64556125800766251,-0.22480821511018337,0.87340640789271973,-0.30415229103142449,0.18496998345544924,0.85086192389506632,2.8589677867398979
0.14999999999999999,0.64762586999078287,-0.218789405456809,0.87619970645811784,-0.29600919561803568,0.25895797683762889,0.85086192389506632,2.8606874431107503
0.14999999999999999,0.64963436771340899,-0.212751638553177,0.87891708572990612,-0.28784045216018062,0.33294597021980854,0.85086192389506632,2.863633672693183
0.14999999999999999,0.65158657714703228,-0.20669543754828451,0.88155831025774944,-0.27964676844767899,0.40693396360198819,0.85086192389506632,2.8683191993512014
0.14999999999999999,0.65348232914030535,-0.20062132718837195,0.88412315118982487,-0.27142885443132669,0.48092195698416784,0.85086192389506632,2.8753373873507191
0.14999999999999999,0.65532145943369768,-0.19452983377145722,0.88661138629264968,-0.26318742216138324,0.55490995036634749,0.85086192389506632,2.8853427946516632
0.14999999999999999,0.65710380867372886,-0.18842148510173076,0.88902279997033895,-0.25492318572587097,0.62889794374852714,0.85086192389506632,2.8990327728498637
0.14999999999999999,0.658829222426776,-0.18229681044382506,0.89135718328328517,-0.24663686118870448,0.70288593713070679,0.85086192389506632,2.9171275110780348
0.14999999999999999,0.66049755119245401,-0.17615634047695772,0.89361433396626122,-0.23832916652764866,0.77687393051288645,0.85086192389506632,2.9403445570413864
0.14999999999999999,0.66210865041656997,-0.1700006072489465,0.89579405644594756,-0.23000082157210405,0.85086192389506632,0.85086192389506632,2.9693639180209157
0.14999999999999999,0.66366238050364823,-0.1638301441301114,0.89789616185787691,-0.22165254794073894,0.92484991727724575,0.85086192389506632,3.0047821007350093
0.14999999999999999,0.66515860682902495,-0.15764548576706189,0.89992046806279835,-0.21328506897896604,-0.92484991727724575,0.92484991727724575,3.0436296196253578
0.14999999999999999,0.66659719975051379,-0.15144716803636826,0.90186679966245964,-0.2048991096962629,-0.8508619238950661,0.92484991727724575,3.0047821007349409
0.14999999999999999,0.66797803461963845,-0.14523572799813192,0.90373498801480479,-0.19649539670335492,-0.77687393051288645,0.92484991727724575,2.972217362271496
0.14999999999999999,0.66930099179243285,-0.13901170384945283,0.90552487124858561,-0.18807465814925967,-0.70288593713070679,0.92484991727724575,2.9454512367651819
0.14999999999999999,0.67056595663980822,-0.1327756348777934,0.90723629427738739,-0.17963762365819105,-0.62889794374852714,0.92484991727724575,2.9238983221958423
0.14999999999999999,0.67177281955748502,-0.1265280614142531,0.90886910881306782,-0.17118502426634241,-0.55490995036634749,0.92484991727724575,2.9069183291482847
0.14999999999999999,0.67292147597548924,-0.12026952478675253,0.91042317337860301,-0.16271759235854752,-0.48092195698416773,0.92484991727724575,2.8938554703912103
0.14999999999999999,0.67401182636721424,-0.11400056727312603,0.91189835332034852,-0.15423606160481756,-0.40693396360198808,0.92484991727724575,2.8840695717044444
0.14999999999999999,0.6750437762580429,-0.10772173205413779,0.91329452081970508,-0.14574116689677466,-0.33294597021980843,0.92484991727724575,2.8769604980425809
0.14999999999999999,0.67601723623353493,-0.10143356316641607,0.91461155490419421,-0.13723364428397467,-0.25895797683762878,0.92484991727724575,2.8719884944788734
0.14999999999999999,0.67693212194717245,-0.095136605455316964,0.91584934145793917,-0.1287142309101347,-0.18496998345544913,0.92484991727724575,2.8686925602168034
0.14999999999999999,0.67778835412767036,-0.088831404527712154,0.9170077732315538,-0.12018366494925761,-0.11098199007326948,0.92484991727724575,2.8667076811004151
0.14999999999999999,0.6785858585858433,-0.082518506704715902,0.9180867498514349,-0.11164268554167445,-0.036993996691089714,0.92484991727724575,2.8657802924348768
0.14999999999999999,0.67932456622103443,-0.076198458974350347,0.91908617782845814,-0.10309203273000339,0.036993996691089936,0.92484991727724575,2.8657802924348732
0.14999999999999999,0.68000441302710291,-0.069871808944147393,0.92000597056608036,-0.094532447395022937,0.11098199007326959,0.92484991727724575,2.8667076811002712
0.14999999999999999,0.68062534009796993,-0.063539104793702575,0.92084604836784156,-0.085964671191479949,0.18496998345544924,0.92484991727724575,2.868692560216858
0.14999999999999999,0.68118729363272146,-0.057200895227179173,0.92160633844427009,-0.077389446483830643,0.25895797683762889,0.92484991727724575,2.8719884944789253
0.14999999999999999,0.68169022494027176,-0.050857729425761528,0.92228677491919109,-0.068807516281912645,0.33294597021980854,0.92484991727724575,2.8769604980423344
0.14999999999999999,0.68213409044358064,-0.044510157000072423,0.92288729883543263,-0.060219624176568565,0.40693396360198819,0.92484991727724575,2.8840695717049756
0.14999999999999999,0.68251885168343041,-0.03815872794255333,0.9234078581599352,-0.051626514275219207,0.48092195698416784,0.92484991727724575,2.8938554703915202
0.14999999999999999,0.68284447532175718,-0.031803992579805998,0.92384840778825961,-0.043028931137384582,0.55490995036634749,0.92484991727724575,2.9069183291482847
0.14999999999999999,0.68311093314454052,-0.025446501524910684,0.92420890954849599,-0.034427619710173274,0.62889794374852714,0.92484991727724575,2.9238983221958423
0.14999999999999999,0.68331820206424732,-0.019086805629719455,0.92448933220456986,-0.025823325263738085,0.70288593713070679,0.92484991727724575,2.9454512367651819
0.14999999999999999,0.68346626412183253,-0.012725455937123372,0.92468965145894988,-0.017216793326696327,0.77687393051288645,0.92484991727724575,2.972217362271496
0.14999999999999999,0.68355510648829532,-0.0063630036333086216,0.92480984995475235,-0.0086087696215351919,0.85086192389506632,0.92484991727724575,3.0047821007346736
0.14999999999999999,0.68358472146579041,-1.6742996821782304e-16,0.92484991727724575,-2.2652289817705466e-16,0.92484991727724575,0.92484991727724575,3.0436296196253578
