annulus_fraction,annulus_inner_kx,annulus_inner_ky,annulus_outer_kx,annulus_outer_ky,kx,ky,omega_iso,ring_kx,ring_ky
0.14999999999999999,0.68358472146579041,0,0.92484991727724575,0,-0.92484991727724575,-0.92484991727724575,3.0398529945837938,0.80421731937151808,0
0.14999999999999999,0.68355510648829532,0.0063630036333086476,0.92480984995475235,0.0086087696215352283,-0.8508619238950661,-0.92484991727724575,3.0009793828235214,0.80418247822152378,0.0074858866274219379
0.14999999999999999,0.68346626412183253,0.012725455937122985,0.92468965145894988,0.017216793326695803,-0.77687393051288645,-0.92484991727724575,2.9683555807176569,0.80407795779039115,0.014971124631909393
0.14999999999999999,0.68331820206424732,0.019086805629719258,0.92448933220456986,0.025823325263737817,-0.70288593713070679,-0.92484991727724575,2.941506965241989,0.80390376713440859,0.022455065446728539
0.14999999999999999,0.68311093314454052,0.025446501524910684,0.92420890954849599,0.034427619710173274,-0.62889794374852714,-0.92484991727724575,2.9198562738125466,0.80365992134651831,0.029937060617541981
0.14999999999999999,0.68284447532175729,0.031803992579805589,0.92384840778825972,0.04302893113738402,-0.55490995036634749,-0.92484991727724575,2.9027698505261696,0.80334644155500845,0.037416461858594804
0.14999999999999999,0.68251885168343041,0.038158727942553101,0.9234078581599352,0.051626514275218895,-0.48092195698416773,-0.92484991727724575,2.8895973970156281,0.8029633549216828,0.044892621108885998
0.14999999999999999,0.68213409044358064,0.044510157000072402,0.92288729883543263,0.060219624176568544,-0.40693396360198808,-0.92484991727724575,2.8797036421155173,0.80251069463950664,0.052364890588320473
0.14999999999999999,0.68169022494027176,0.050857729425761083,0.9222867749191912,0.068807516281912048,-0.33294597021980843,-0.92484991727724575,2.8724932673223673,0.80198849992973154,0.059832622853836566
0.14999999999999999,0.68118729363272157,0.057200895227178923,0.9216063384442702,0.07738944648383031,-0.25895797683762878,-0.92484991727724575,2.8674314977866744,0.80139681603849588,0.067295170855504613
0.14999999999999999,0.68062534009796993,0.063539104793702533,0.92084604836784156,0.08596467119147988,-0.18496998345544913,-0.92484991727724575,2.8640623799227138,0.80073569423290569,0.074751887992591207
0.14999999999999999,0.68000441302710302,0.069871808944146935,0.92000597056608047,0.094532447395022312,-0.11098199007326948,-0.92484991727724575,2.8620255821463059,0.8000051917965918,0.082202128169584623
0.14999999999999999,0.67932456622103443,0.07619845897435007,0.91908617782845814,0.10309203273000302,-0.036993996691089714,-0.92484991727724575,2.8610712163742522,0.79920537202474629,0.089645245852176536
0.14999999999999999,0.6785858585858433,0.082518506704715819,0.9180867498514349,0.11164268554167434,0.036993996691089936,-0.92484991727724575,2.8610712163747531,0.7983363042186391,0.097080596123195084
0.14999999999999999,0.67778835412767036,0.088831404527711669,0.91700777323155391,0.12018366494925695,0.11098199007326959,-0.92484991727724575,2.862025582146281,0.79739806367961219,0.1045075347384843
0.14999999999999999,0.67693212194717256,0.095136605455316658,0.91584934145793928,0.12871423091013429,0.18496998345544924,-0.92484991727724575,2.8640623799226121,0.79639073170255592,0.11192541818272547
0.14999999999999999,0.67601723623353493,0.10143356316641595,0.91461155490419421,0.13723364428397453,0.25895797683762889,-0.92484991727724575,2.8674314977868298,0.79531439556886452,0.11933360372519523
0.14999999999999999,0.67504377625804302,0.10772173205413728,0.91329452081970519,0.14574116689677397,0.33294597021980854,-0.92484991727724575,2.8724932673225281,0.7941691485388741,0.12673144947545562
0.14999999999999999,0.67401182636721435,0.11400056727312571,0.91189835332034863,0.15423606160481712,0.40693396360198819,-0.92484991727724575,2.8797036421155031,0.79295508984378149,0.1341183144389714
0.14999999999999999,0.67292147597548935,0.12026952478675239,0.91042317337860312,0.16271759235854732,0.48092195698416784,-0.92484991727724575,2.8895973970154571,0.79167232467704618,0.14149355857264986
0.14999999999999999,0.67177281955748502,0.12652806141425316,0.90886910881306782,0.17118502426634247,0.55490995036634749,-0.92484991727724575,2.9027698505261696,0.79032096418527642,0.14885654284029781
0.14999999999999999,0.67056595663980822,0.13277563487779306,0.9072362942773875,0.17963762365819058,0.62889794374852714,-0.92484991727724575,2.9198562738125466,0.78890112545859792,0.15620662926799181
0.14999999999999999,0.66930099179243285,0.13901170384945263,0.90552487124858561,0.18807465814925944,0.70288593713070679,-0.92484991727724575,2.941506965241989,0.78741293152050917,0.16354318099935605
0.14999999999999999,0.66797803461963845,0.14523572799813192,0.90373498801480479,0.19649539670335495,0.77687393051288645,-0.92484991727724575,2.9683555807176569,0.78585651131722167,0.17086556235074343
0.14999999999999999,0.66659719975051379,0.15144716803636787,0.90186679966245975,0.20489910969626238,0.85086192389506632,-0.92484991727724575,3.0009793828233575,0.78423199970648683,0.17817313886631511
0.14999999999999999,0.66515860682902495,0.15764548576706169,0.89992046806279835,0.21328506897896579,0.92484991727724575,-0.92484991727724575,3.0398529945837938,0.78253953744591165,0.18546527737301374
0.14999999999999999,0.66366238050364823,0.1638301441301114,0.89789616185787691,0.22165254794073894,-0.92484991727724575,-0.8508619238950661,3.0009793828238425,0.78077927118076262,0.19274134603542517
0.14999999999999999,0.66210865041657008,0.17000060724894611,0.89579405644594767,0.23000082157210353,-0.8508619238950661,-0.8508619238950661,2.9655455317457609,0.77895135343125887,0.20000071441052483
0.14999999999999999,0.66049755119245412,0.17615634047695752,0.89361433396626133,0.23832916652764841,-0.77687393051288645,-0.8508619238950661,2.9364826376134401,0.77705594257935773,0.20724275350230298
0.14999999999999999,0.658829222426776,0.18229681044382506,0.89135718328328517,0.24663686118870448,-0.70288593713070679,-0.8508619238950661,2.9132029048495669,0.77509320285503058,0.21446683581626477
0.14999999999999999,0.65710380867372908,0.18842148510173035,0.88902279997033917,0.25492318572587042,-0.62889794374852714,-0.8508619238950661,2.8950329701969606,0.77306330432203407,0.22167233541380038
0.14999999999999999,0.65532145943369779,0.19452983377145699,0.88661138629264979,0.26318742216138297,-0.55490995036634749,-0.8508619238950661,2.8812601257261981,0.77096642286317374,0.22885862796641998
0.14999999999999999,0.65348232914030546,0.20062132718837189,0.88412315118982499,0.27142885443132664,-0.48092195698416773,-0.8508619238950661,2.8711679074940086,0.76880274016506522,0.23602509080984929
0.14999999999999999,0.6515865771470325,0.20669543754828404,0.88155831025774967,0.27964676844767838,-0.40693396360198808,-0.8508619238950661,2.8640623799226508,0.76657244370239108,0.24317110299798123
0.14999999999999999,0.64963436771340899,0.21275163855317672,0.87891708572990623,0.28784045216018023,-0.33294597021980843,-0.8508619238950661,2.8592927537336537,0.76427572672165767,0.25029604535667849
0.14999999999999999,0.64762586999078287,0.21878940545680892,0.87619970645811784,0.29600919561803557,-0.25895797683762878,-0.8508619238950661,2.8562701142930362,0.7619127882244503,0.25739930053742222
0.14999999999999999,0.64556125800766273,0.22480821511018287,0.87340640789272006,0.30415229103142383,-0.18496998345544913,-0.8508619238950661,2.8544867500626681,0.7594838329501914,0.26448025307080336
0.14999999999999999,0.64344071065463959,0.23080754600687275,0.87053743206215928,0.31226903283282781,-0.11098199007326948,-0.8508619238950661,2.8535365594985369,0.75698907135839943,0.27153828941985025
0.14999999999999999,0.64126441166888659,0.23678687832821116,0.86759302755202294,0.32035871773816804,-0.036993996691089714,-0.8508619238950661,2.8531349214143296,0.75442871961045477,0.27857279803318957
0.14999999999999999,0.63903254961823863,0.24274569398832926,0.86457344948349923,0.32842064480773958,0.036993996691089936,-0.8508619238950661,2.8531349214146053,0.75180299955086893,0.28558316939803441
0.14999999999999999,0.63674531788485422,0.24868347667904725,0.86147895949127318,0.33645411550694626,0.11098199007326959,-0.8508619238950661,2.8535365594981204,0.7491121386880637,0.29256879609299674
0.14999999999999999,0.63440291464845888,0.25459971191461012,0.85830982570085601,0.34445843376682544,0.18496998345544924,-0.8508619238950661,2.8544867500629589,0.7463563701746575,0.29952907284071778
0.14999999999999999,0.63200554286917432,0.26049388707626603,0.85506632270535343,0.35243290604435989,0.25895797683762889,-0.8508619238950661,2.8562701142931419,0.74353593278726393,0.30646339656031296
0.14999999999999999,0.62955341026993272,0.26636549145668259,0.85174873154167352,0.36037684138257053,0.33294597021980854,-0.8508619238950661,2.8592927537335875,0.74065107090580307,0.31337116641962659
0.14999999999999999,0.6270467293184776,0.27221401630419789,0.84835733966617555,0.36828955147038533,0.40693396360198819,-0.8508619238950661,2.8640623799222613,0.73770203449232652,0.32025178388729159
0.14999999999999999,0.62448571720895529,0.27803895486690144,0.84489244092976301,0.37617035070227839,0.48092195698416784,-0.8508619238950661,2.8711679074943595,0.73468907906935921,0.32710465278458994
0.14999999999999999,0.62187059584309545,0.28383980243654283,0.84135433555242323,0.38401855623767556,0.55490995036634749,-0.8508619238950661,2.8812601257261981,0.73161246569775928,0.33392917933710919
0.14999999999999999,0.61920159181098389,0.28961605639226218,0.83774333009721336,0.39183348806011936,0.62889794374852714,-0.8508619238950661,2.8950329701969606,0.72847246095409868,0.34072477222619074
0.14999999999999999,0.61647893637142981,0.29536721624414053,0.83405973744369899,0.39961446903619008,0.70288593713070679,-0.8508619238950661,2.9132029048495669,0.72526933690756445,0.34749084264016528
0.14999999999999999,0.61370286543192809,0.3010927836765655,0.83030387676084372,0.40736082497417675,0.77687393051288645,-0.8508619238950661,2.9364826376134401,0.7220033710963859,0.35422680432537113
0.14999999999999999,0.61087361952821861,0.30679226259140802,0.82647607347935459,0.41507188468249312,0.85086192389506632,-0.8508619238950661,2.9655455317459842,0.71867484650378655,0.36093207363695057
0.14999999999999999,0.60799144380344505,0.31246515915100764,0.82257665926348444,0.42274698002783384,0.92484991727724575,-0.8508619238950661,3.0009793828238425,0.71528405153346475,0.36760606958942071
0.14999999999999999,0.60505658798691397,0.31811098182096142,0.81860597198229534,0.43038544599306544,-0.92484991727724575,-0.77687393051288645,2.968355580717585,0.71183127998460471,0.37424821390701346
0.14999999999999999,0.6020693063724567,0.32372924141271375,0.81456435568038255,0.43798662073484801,-0.8508619238950661,-0.77687393051288645,2.9364826376136475,0.70831683102641962,0.38085793107378085
0.14999999999999999,0.59902985779639606,0.32931945112594224,0.81045216054806513,0.4455498456409806,-0.77687393051288645,-0.77687393051288645,2.9110499984223877,0.70474100917223059,0.38743464838346142
0.14999999999999999,0.59593850561511874,0.33488112659073721,0.80626974289104292,0.45307446538746798,-0.70288593713070679,-0.77687393051288645,2.8913737333394685,0.70110412425308077,0.3939777959891026
0.14999999999999999,0.59279551768225702,0.34041378590957094,0.8020174650995241,0.46055982799530176,-0.62889794374852714,-0.77687393051288645,2.8767041138332177,0.6974064913908905,0.40048680695243638
0.14999999999999999,0.58960116632547999,0.34591694969905118,0.79769569561682574,0.46800528488695159,-0.55490995036634749,-0.77687393051288645,2.8662671387582428,0.69364843097115292,0.40696111729300138
0.14999999999999999,0.5863557283228974,0.35139014113145922,0.79330480890744937,0.47541019094256237,-0.48092195698416773,-0.77687393051288645,2.8592927537339281,0.68983026861517338,0.4134001660370108
0.14999999999999999,0.58305948487907799,0.35683288597606366,0.78884518542463489,0.48277390455585079,-0.40693396360198808,-0.77687393051288645,2.8550340526053666,0.68595233515185638,0.41980339526595722
0.14999999999999999,0.57971272160068432,0.36224471264021196,0.78431721157739631,0.49009578768969847,-0.33294597021980843,-0.77687393051288645,2.8527831282478533,0.68201496658904026,0.42617025016495524
0.14999999999999999,0.57631572847172574,0.36762515221019126,0.77972127969704064,0.49737520593143519,-0.25895797683762878,-0.77687393051288645,2.8518885765352513,0.67801850408438313,0.43250017907081323
0.14999999999999999,0.57286879982843275,0.3729737384918585,0.77505778800317371,0.50461152854780844,-0.18496998345544913,-0.77687393051288645,2.8517776739748157,0.67396329391580323,0.4387926335198335
0.14999999999999999,0.56937223433375395,0.37829000805103352,0.77032714056919649,0.51180412853963353,-0.11098199007326948,-0.77687393051288645,2.8519833709423805,0.66984968745147522,0.44504706829533353
0.14999999999999999,0.56582633495147749,0.38357350025365511,0.76552974728729295,0.51895238269612154,-0.036993996691089714,-0.77687393051288645,2.8521729988145248,0.66567804111938522,0.45126294147488832
0.14999999999999999,0.56223140891998091,0.38882375730569169,0.76066602383291526,0.52605567164887701,0.036993996691089936,-0.77687393051288645,2.8521729988145523,0.66144871637644809,0.45743971447728432
0.14999999999999999,0.55858776772561047,0.3940403242928085,0.75573639162876693,0.5331133799255644,0.11098199007326959,-0.77687393051288645,2.8519833709421887,0.65716207967718865,0.46357685210918642
0.14999999999999999,0.55489572707569113,0.39922274921978379,0.75074127780828781,0.54012489600323677,0.18496998345544924,-0.77687393051288645,2.8517776739747522,0.65281850244198947,0.46967382261151031
0.14999999999999999,0.55115560687117249,0.40437058304967216,0.7456811151786451,0.54708961236132103,0.25895797683762889,-0.77687393051288645,2.8518885765351434,0.6484183610249088,0.47573009770549662
0.14999999999999999,0.54736773117891047,0.40948337974271221,0.74055634218323174,0.55400692553425768,0.33294597021980854,-0.77687393051288645,2.8527831282474518,0.6439620366810711,0.48174515263848494
0.14999999999999999,0.54353242820358794,0.41456069629497405,0.73536740286367774,0.56087623616378834,0.40693396360198819,-0.77687393051288645,2.8550340526057538,0.63944991553363284,0.48771846622938125
0.14999999999999999,0.53965003025927727,0.41960209277674415,0.730114746821375,0.56769694905088908,0.48092195698416784,-0.77687393051288645,2.8592927537337429,0.63488238854032608,0.49364952091381659
0.14999999999999999,0.53572087374064647,0.42460713237064274,0.72479882917852168,0.57446847320734007,0.55490995036634749,-0.77687393051288645,2.8662671387582428,0.63025985145958408,0.4995378027889914
0.14999999999999999,0.5317452990938123,0.42957538140947327,0.71942011053868715,0.58119022190693437,0.62889794374852714,-0.77687393051288645,2.8767041138332177,0.62558270481624967,0.50538280165820382
0.14999999999999999,0.52772365078684125,0.43450640941379715,0.71397905694690267,0.58786161273631377,0.70288593713070679,-0.77687393051288645,2.8913737333394685,0.62085135386687196,0.51118401107505551
0.14999999999999999,0.52365627727990316,0.43939978912923416,0.7084761398492806,0.59448206764543432,0.77687393051288645,-0.77687393051288645,2.9110499984223877,0.61606620856459182,0.5169409283873343
0.14999999999999999,0.51954353099507866,0.44425509656348117,0.70291183605216512,0.60105101299765085,0.85086192389506632,-0.77687393051288645,2.9364826376132616,0.61122768352362189,0.52265305478056601
0.14999999999999999,0.51538576828582294,0.44907191102305016,0.69728662768081928,0.60756787961942071,0.92484991727724575,-0.77687393051288645,2.968355580717585,0.60633619798332106,0.52831989532123547
0.14999999999999999,0.51118334940608878,0.45384981514971973,0.69160100213764952,0.61403210284962073,-0.92484991727724575,-0.70288593713070679,2.9415069652417989,0.60139217577186921,0.5339409589996702
0.14999999999999999,0.50693663847911286,0.45858839495669695,0.68585545205997611,0.62044312258847234,-0.8508619238950661,-0.70288593713070679,2.9132029048499897,0.59639604526954448,0.53951575877258462
0.14999999999999999,0.50264600346586463,0.46328723986448866,0.68005047527734619,0.6268003833460728,-0.77687393051288645,-0.70288593713070679,2.8913737333392731,0.59134823937160541,0.5450438116052807
0.14999999999999999,0.49831181613316516,0.46794594273647555,0.67418657476839983,0.63310333429052568,-0.70288593713070679,-0.70288593713070679,2.8752617096219426,0.58624919545078247,0.55052463851350064
0.14999999999999999,0.49393445202147429,0.47256409991418963,0.66826425861728866,0.63935142929566824,-0.62889794374852714,-0.70288593713070679,2.8640623799228444,0.58109935531938151,0.55595776460492896
0.14999999999999999,0.48951429041235167,0.47714131125228942,0.66228403996965213,0.64554412698839148,-0.55490995036634749,-0.70288593713070679,2.8569577519598401,0.57589916519100193,0.56134271912034039
0.14999999999999999,0.48505171429559341,0.48167718015323108,0.65624643698815566,0.65168089079554792,-0.48092195698416773,-0.70288593713070679,2.8531349214147452,0.5706490756418745,0.56667903547438947
0.14999999999999999,0.4805471103360478,0.48617131360163213,0.65015197280759396,0.65776118899044334,-0.40693396360198808,-0.70288593713070679,2.8517968967673055,0.56534954157182093,0.57196625129603773
0.14999999999999999,0.47600086884011189,0.49062332219832439,0.64400117548956304,0.66378449473890933,-0.33294597021980843,-0.70288593713070679,2.8521729988144044,0.56000102216483749,0.57720390846861691
0.14999999999999999,0.47141338372191333,0.49503282019409417,0.63779457797670613,0.66975028614495091,-0.25895797683762878,-0.70288593713070679,2.8535352742828417,0.55460398084930973,0.58239155316952251
0.14999999999999999,0.4667850524691789,0.49939942552310584,0.6315327180465361,0.6756580462959666,-0.18496998345544913,-0.70288593713070679,2.8552251393756878,0.5491588852578575,0.58752873590953625
0.14999999999999999,0.46211627610879413,0.50372275983600634,0.62521613826483902,0.68150726330753797,-0.11098199007326948,-0.70288593713070679,2.8566906871930495,0.54366620718681657,0.59261501157177221
0.14999999999999999,0.45740745917205555,0.50800244853270793,0.61884538593866334,0.68729743036778135,-0.036993996691089714,-0.70288593713070679,2.8575298899856407,0.53812642255535947,0.59764993945024458
0.14999999999999999,0.45265900965961975,0.51223812079484532,0.61242101306889729,0.6930280457812612,0.036993996691089936,-0.70288593713070679,2.8575298899854622,0.53254001136425855,0.60263308328805321
0.14999999999999999,0.44787133900615189,0.51642940961790584,0.60594357630244067,0.69869861301246083,0.11098199007326959,-0.70288593713070679,2.8566906871930309,0.52690745765429625,0.60756401131518334
0.14999999999999999,0.44304486204467597,0.52057595184302963,0.59941363688397331,0.70430864072880472,0.18496998345544924,-0.70288593713070679,2.8552251393752659,0.52122924946432458,0.61244229628591718
0.14999999999999999,0.43817999697063192,0.52467738818847465,0.59283176060732545,0.70985764284323027,0.25895797683762889,-0.70288593713070679,2.8535352742833302,0.51550587878897869,0.61726751551585246
0.14999999999999999,0.43327716530563992,0.52873336328074805,0.58619851776645393,0.7153451385563061,0.33294597021980854,-0.70288593713070679,2.8521729988142059,0.50973784153604695,0.62203925091852708
0.14999999999999999,0.42833679186097745,0.53274352568539762,0.57951448310602827,0.72077065239789073,0.40693396360198819,-0.70288593713070679,2.8517968967678837,0.50392563748350283,0.62675708904164418
0.14999999999999999,0.42335930470077121,0.53670752793746224,0.57278023577163162,0.72613371426833118,0.48092195698416784,-0.70288593713070679,2.8531349214144845,0.49806977023620141,0.63142062110289676
0.14999999999999999,0.41834513510490673,0.54062502657157818,0.5659963592595797,0.73143385947919393,0.55490995036634749,-0.70288593713070679,2.8569577519598401,0.49217074718224318,0.636029443025386
0.14999999999999999,0.41329471753165997,0.54449568215173905,0.55916344136636342,0.73667062879352929,0.62889794374852714,-0.70288593713070679,2.8640623799228444,0.48622907944901173,0.64058315547263411
0.14999999999999999,0.40820848958005274,0.54831915930070707,0.55228207413771835,0.74184356846566246,0.70288593713070679,-0.70288593713070679,2.8752617096219426,0.48024528185888554,0.64508136388318471
0.14999999999999999,0.40308689195193703,0.55209512672907168,0.54535285381732646,0.74695223028050872,0.77687393051288645,-0.70288593713070679,2.8913737333392731,0.47421987288463174,0.6495236785047902
0.14999999999999999,0.3979303684138093,0.55582325726395465,0.53837638079515371,0.75199617159240906,0.85086192389506632,-0.70288593713070679,2.9132029048496397,0.46815337460448153,0.65390971442818191
0.14999999999999999,0.39273936575836049,0.55950322787735818,0.53135325955542878,0.75697495536348447,0.92484991727724575,-0.70288593713070679,2.9415069652417989,0.46204631265689466,0.65823909162042138
0.14999999999999999,0.3875143337657625,0.56313471971415463,0.52428409862426684,0.76188815020150324,-0.92484991727724575,-0.62889794374852714,2.9198562738123806,0.45589921619501467,0.66251143495782894
0.14999999999999999,0.38225572516469714,0.5667174181197131,0.51716951051694315,0.76673533039725883,-0.8508619238950661,-0.62889794374852714,2.8950329701967314,0.44971261784082012,0.66672637425848602
0.14999999999999999,0.37696399559312832,0.57025101266716416,0.51001011168482058,0.77151607596145722,-0.77687393051288645,-0.62889794374852714,2.8767041138329859,0.44348705363897445,0.67088354431431074
0.14999999999999999,0.37163960355882331,0.57373519718429589,0.50280652246193736,0.77622997266110616,-0.70288593713070679,-0.62889794374852714,2.8640623799224243,0.43722306301038028,0.67498258492270102
0.14999999999999999,0.36628301039962452,0.57716966978008366,0.49555936701125669,0.78087661205540715,-0.62889794374852714,-0.62889794374852714,2.8562701142935256,0.43092118870544061,0.6790231409177454
0.14999999999999999,0.36089468024347676,0.5805541328708469,0.48826927327058611,0.78545559153114564,-0.55490995036634749,-0.62889794374852714,2.8524818673450931,0.42458197675703141,0.68300486220099632
0.14999999999999999,0.35547507996821159,0.58388829320603419,0.48093687289816855,0.78996651433757559,-0.48092195698416773,-0.62889794374852714,2.8518519316525914,0.41820597643319007,0.68692740377180495
0.14999999999999999,0.35002467916109503,0.58717186189363224,0.47356280121795208,0.79440898962079642,-0.40693396360198808,-0.62889794374852714,2.8535352742831885,0.41179374018952358,0.69079042575721428
0.14999999999999999,0.34454395007813909,0.59040455442519668,0.46614769716454102,0.79878263245761905,-0.33294597021980843,-0.62889794374852714,2.8566906871929034,0.40534582362134003,0.69459359344140792
0.14999999999999999,0.33903336760318298,0.59358609070050417,0.45869220322783577,0.80308706388891737,-0.25895797683762878,-0.62889794374852714,2.8604946758033254,0.3988627854155094,0.69833657729471077
0.14999999999999999,0.33349340920674608,0.59671619505182205,0.45119696539736232,0.80732191095246497,-0.18496998345544913,-0.62889794374852714,2.8641730819041831,0.3923451873020542,0.70201905300214351
0.14999999999999999,0.32792455490465683,0.59979459626779319,0.44366263310630033,0.81148680671524942,-0.11098199007326948,-0.62889794374852714,2.8670530434555461,0.38579359400547858,0.70564070149152125
0.14999999999999999,0.32232728721646142,0.60282102761693623,0.43608985917521248,0.81558139030526666,-0.036993996691089714,-0.62889794374852714,2.8686294331598909,0.37920857319583695,0.70920120896110139
0.14999999999999999,0.31670209112361575,0.60579522687075638,0.4284792997554801,0.81960530694278799,0.036993996691089936,-0.62889794374852714,2.8686294331598421,0.37259069543954793,0.71270026690677213
0.14999999999999999,0.31104945402746281,0.60871693632646662,0.42083161427244964,0.8235582079711018,0.11098199007326959,-0.62889794374852714,2.8670530434554728,0.36594053414995625,0.71613757214878415
0.14999999999999999,0.3053698657070017,0.61158590282931635,0.41314746536829638,0.82743975088672195,0.18496998345544924,-0.62889794374852714,2.8641730819038891,0.35925866553764901,0.71951282685801921
0.14999999999999999,0.29966381827645061,0.61440187779452671,0.40542751884460965,0.83124959936906551,0.25895797683762889,-0.62889794374852714,2.8604946758032321,0.35254566856053016,0.72282573858179611
0.14999999999999999,0.29393180614260622,0.61716461722882943,0.3976724436047025,0.83498742330959275,0.33294597021980854,-0.62889794374852714,2.8566906871924775,0.34580212487365436,0.72607602026921114
0.14999999999999999,0.28817432596200576,0.61987388175160751,0.38988291159565486,0.83865289884041005,0.40693396360198819,-0.62889794374852714,2.8535352742828737,0.33902861877883028,0.72926339029600873
0.14999999999999999,0.28239187659789355,0.62252943661563698,0.38205959775009124,0.84224570836233226,0.48092195698416784,-0.62889794374852714,2.8518519316531528,0.3322257371739924,0.73238757248898456
0.14999999999999999,0.27658495907699671,0.62513105172742645,0.37420317992770136,0.8457655405724005,0.55490995036634749,-0.62889794374852714,2.8524818673450931,0.325394069502349,0.73544829614991347
0.14999999999999999,0.2707540765461125,0.62767850166715455,0.36631433885650511,0.849212090490856,0.62889794374852714,-0.62889794374852714,2.8562701142935256,0.3185342077013088,0.73844529607900533
0.14999999999999999,0.26489973422851332,0.63017156570820088,0.35839375807387092,0.8525850594875658,0.70288593713070679,-0.62889794374852714,2.8640623799224243,0.31164674615119214,0.74137831259788334
0.14999999999999999,0.25902243938017044,0.63261002783627152,0.3504421238672894,0.85588415530789663,0.77687393051288645,-0.62889794374852714,2.8767041138329859,0.30473228162372995,0.74424709157208413
0.14999999999999999,0.25312270124580311,0.63499367676811569,0.34246012521491004,0.85910909209803876,0.85086192389506632,-0.62889794374852714,2.895032970196791,0.29779141323035657,0.74705138443307717
0.14999999999999999,0.24720103101475335,0.63732230596983286,0.33444845372584275,0.86225959042977374,0.92484991727724575,-0.62889794374852714,2.9198562738123806,0.29082474237029804,0.7497909481998033
0.14999999999999999,0.24125794177669416,0.63959571367476775,0.32640780358023325,0.86533537732468568,-0.92484991727724575,-0.55490995036634749,2.9027698505268371,0.28383287267846369,0.75246554549972677
0.14999999999999999,0.23529394847717247,0.64181370290099293,0.31833887146911566,0.86833618627781384,-0.8508619238950661,-0.55490995036634749,2.8812601257266324,0.27681640997314411,0.75507494458940339
0.14999999999999999,0.22930956787299028,0.64397608146837626,0.31024235653404564,0.87126175728074418,-0.77687393051288645,-0.55490995036634749,2.8662671387582002,0.26977596220351796,0.75761891937456016
0.14999999999999999,0.22330531848743043,0.64608266201523279,0.30211896030652352,0.8741118368441384,-0.70288593713070679,-0.55490995036634749,2.8569577519597824,0.26271213939697696,0.7600972494296856
0.14999999999999999,0.21728172056532805,0.64813326201455901,0.29396938664720851,0.87688617801969737,-0.62889794374852714,-0.55490995036634749,2.8524818673447867,0.25562555360626826,0.76250972001712813
0.14999999999999999,0.21123929602799418,0.65012770378984752,0.28579434168493328,0.87958454042155831,-0.55490995036634749,-0.55490995036634749,2.8519833709422646,0.24851681885646373,0.76485612210570286
0.14999999999999999,0.20517856842799231,0.65206581453048285,0.27759453375551896,0.88220669024712373,-0.48092195698416773,-0.55490995036634749,2.8545955523668334,0.24138655109175564,0.76713625238880323
0.14999999999999999,0.1991000629037751,0.65394742630671399,0.2693706733404016,0.88475240029731872,-0.40693396360198808,-0.55490995036634749,2.8594299647169032,0.23423536812208834,0.7693499133020163
0.14999999999999999,0.19300430613418321,0.65577237608420558,0.26112347300507138,0.88722144999627806,-0.33294597021980843,-0.55490995036634749,2.8655685529443473,0.22706388956962728,0.77149691304024182
0.14999999999999999,0.18689182629281073,0.65754050573816381,0.25285364733733212,0.88961362541045674,-0.25895797683762878,-0.55490995036634749,2.8720704661553573,0.21987273681507144,0.77357706557431027
0.14999999999999999,0.18076315300224063,0.659251662067037,0.24456191288538437,0.89192871926716766,-0.18496998345544913,-0.55490995036634749,2.8780061077049268,0.21266253294381252,0.77559019066710233
0.14999999999999999,0.17461881728815506,0.66090569680579103,0.23624898809573919,0.89416653097254073,-0.11098199007326948,-0.55490995036634749,2.8825276608075625,0.20543390269194711,0.77753611388916588
0.14999999999999999,0.16845935153332467,0.66250246663875445,0.22791559325096866,0.89632686662890304,-0.036993996691089714,-0.55490995036634749,2.884972345185457,0.19818747239214668,0.77941466663382875
0.14999999999999999,0.1622852894314788,0.66404183321203747,0.21956245040729483,0.89840953905157994,0.036993996691089936,-0.55490995036634749,2.8849723451850955,0.19092386991938681,0.78122568613180876
0.14999999999999999,0.1560971659410636,0.66552366314551903,0.21119028333202719,0.90041436778511386,0.11098199007326959,-0.55490995036634749,2.8825276608074408,0.18364372463654538,0.78296901546531639
0.14999999999999999,0.14989551723888961,0.66694782804440411,0.20279981744085063,0.90234117911889955,0.18496998345544924,-0.55490995036634749,2.8780061077051213,0.17634766733987012,0.78464450358165183
0.14999999999999999,0.14368088067367482,0.66831420451034818,0.19439177973497179,0.90418980610223565,0.25895797683762889,-0.55490995036634749,2.8720704661548866,0.16903633020432332,0.78625200530629191
0.14999999999999999,0.13745379471948452,0.66962267415214971,0.18596689873812608,0.90596008855879073,0.33294597021980854,-0.55490995036634749,2.8655685529445596,0.1617103467288053,0.78779138135547022
0.14999999999999999,0.1312147989290752,0.67087312359600793,0.17752590443345467,0.90765187310048123,0.40693396360198819,-0.55490995036634749,2.8594299647167007,0.15437035168126492,0.78926249834824458
0.14999999999999999,0.12496443388714422,0.67206544449534666,0.16906952820025392,0.90926501314076302,0.48092195698416784,-0.55490995036634749,2.8545955523665887,0.14701698104369906,0.79066522881805479
0.14999999999999999,0.11870324116349071,0.67319953354020112,0.16059850275060505,0.91079936890733082,0.55490995036634749,-0.55490995036634749,2.8519833709422646,0.1396508719570479,0.79199945122376603
0.14999999999999999,0.11243176326608988,0.67427529246617079,0.1521135620658863,0.91225480745423104,0.62889794374852714,-0.55490995036634749,2.8524818673447867,0.13227266266598808,0.79326504996020097
0.14999999999999999,0.10615054359408715,0.67529262806293244,0.14361544133317672,0.91363120267337916,0.70288593713070679,-0.55490995036634749,2.8569577519597824,0.12488299246363194,0.7944619153681558
0.14999999999999999,0.099860126390715273,0.67625145218231708,0.13510487688155595,0.91492843530548762,0.77687393051288645,-0.55490995036634749,2.8662671387582002,0.11748250163613561,0.79558994374390235
0.14999999999999999,0.093561056696136818,0.6771516817459472,0.12658260611830274,0.91614639295039901,0.85086192389506632,-0.55490995036634749,2.8812601257263752,0.11007183140721977,0.79664903734817305
0.14999999999999999,0.087253880300219175,0.67799323875243567,0.1180493674650024,0.91728497007682464,0.92484991727724575,-0.55490995036634749,2.9027698505268371,0.10265162388261079,0.79763910441463015
0.14999999999999999,0.080939143695243729,0.67877605028414412,0.10950590029356502,0.91834406803148894,-0.92484991727724575,-0.48092195698416773,2.8895973970158111,0.095222521994404383,0.79856005915781658
0.14999999999999999,0.074617394028554981,0.67950004851350054,0.10095294486216261,0.91932359504767713,-0.8508619238950661,-0.48092195698416773,2.8711679074944336,0.087785169445358788,0.79941182178058878
0.14999999999999999,0.068289179055151472,0.68016517070887694,0.092391242251087288,0.92022346625318641,-0.77687393051288645,-0.48092195698416773,2.8592927537338584,0.080340210653119387,0.80019431848103162
0.14999999999999999,0.061955047090225583,0.6807713592400243,0.083821534298540487,0.92104360367767979,-0.70288593713070679,-0.48092195698416773,2.8531349214142656,0.072888290694383032,0.80090748145885204
0.14999999999999999,0.055615546961653779,0.68131856158306614,0.0752445635363551,0.92178393625944233,-0.62889794374852714,-0.48092195698416773,2.8518519316531741,0.065430055249004443,0.80155124892125429
0.14999999999999999,0.04927122796244348,0.68180673032504979,0.066661073125658818,0.92244439985153792,-0.55490995036634749,-0.48092195698416773,2.8545955523667388,0.057966150544051152,0.80212556508829391
0.14999999999999999,0.042922639803138062,0.68223582316805409,0.058071806792480897,0.92302493722736711,-0.48092195698416773,-0.48092195698416773,2.8604946758028285,0.050497223297809479,0.8026303801977106
0.14999999999999999,0.036570332564186944,0.68260580293285456,0.049477508763311744,0.92352549808562667,-0.40693396360198808,-0.48092195698416773,2.868629433159509,0.043023920663749347,0.80306565050924061
0.14999999999999999,0.030214856648283838,0.68291663756214482,0.040878923700619303,0.92394603905466643,-0.33294597021980843,-0.48092195698416773,2.8780061077047923,0.035546890174451569,0.80343133830840563
0.14999999999999999,0.023856762732675472,0.68316830012331453,0.032276796638325632,0.92428652369624897,-0.25895797683762878,-0.48092195698416773,2.8875471195052507,0.028066779685500552,0.8037274119097817
0.14999999999999999,0.017496601721448238,0.68336076881078212,0.023671872917253499,0.92454692250870518,-0.18496998345544913,-0.48092195698416773,2.896117739480383,0.02058423731935087,0.8039538456597437
0.14999999999999999,0.011134924697794158,0.68349402694788541,0.015064898120545036,0.92472721292949189,-0.11098199007326948,-0.48092195698416773,2.9026146626814304,0.013099911409169596,0.80411061993868871
0.14999999999999999,0.0047722828762622772,0.6835680629883254,0.0064566180090607278,0.92482737933714598,-0.036993996691089714,-0.48092195698416773,2.9061260140333269,0.0056144504426615029,0.80419772116273569
0.14999999999999999,-0.0015907724450028259,0.68358287051716737,-0.0021522215432391171,0.92484741305263807,0.036993996691089936,-0.48092195698416773,2.9061260140333118,-0.0018714969941209716,0.80421514178490272
0.14999999999999999,-0.0079536899320282826,0.68353844825139676,-0.010760874613920616,0.9247873123401249,0.11098199007326959,-0.48092195698416773,2.9026146626813758,-0.0093572822729744501,0.80416288029576077
0.14999999999999999,-0.014315918262784175,0.68343480004002988,-0.019368595296708001,0.92464708240709903,0.18496998345544924,-0.48092195698416773,2.8961177394803377,-0.016842256779746087,0.8040409412235644
0.14999999999999999,-0.020676906174952842,0.68327193486378057,-0.027974637766112663,0.92442673540393838,0.25895797683762889,-0.48092195698416773,2.8875471195051139,-0.024325771970532751,0.80384933513385948
0.14999999999999999,-0.02703610251369451,0.6830498668342827,-0.036578256342057275,0.92412629042285288,0.33294597021980854,-0.48092195698416773,2.8780061077049917,-0.031807179427875892,0.80358807862856774
0.14999999999999999,-0.033392956279402281,0.68276861519286625,-0.045178705554485429,0.92374577349623066,0.40693396360198819,-0.48092195698416773,2.8686294331596915,-0.039285830916943855,0.80325719434454845
0.14999999999999999,-0.039746916675443618,0.68242820430889106,-0.053775240207953129,0.92328521759438198,0.48092195698416784,-0.48092195698416773,2.8604946758031384,-0.04676107844169837,0.80285671095163647
0.14999999999999999,-0.046097433155885686,0.68202866367763526,-0.062367115446198274,0.92274466262268295,0.55490995036634749,-0.48092195698416773,2.8545955523667388,-0.05423227430104198,0.80238666315015905
0.14999999999999999,-0.052443955473197343,0.68157002791773902,-0.070953586816678751,0.92212415541811743,0.62889794374852714,-0.48092195698416773,2.8518519316531741,-0.061698771144938047,0.80184709166792822
0.14999999999999999,-0.058785933725926318,0.68105233676820554,-0.079533910335076771,0.92142374974521923,0.70288593713070679,-0.48092195698416773,2.8531349214142656,-0.069159922030501544,0.80123804325671244
0.14999999999999999,-0.065122818406345359,0.68047563508495768,-0.088107342549761353,0.92064350629141323,0.77687393051288645,-0.48092195698416773,2.8592927537338584,-0.076615080478053349,0.8005595706881854
0.14999999999999999,-0.071454060448065904,0.67983997283695108,-0.096673140606206812,0.9197834926617573,0.85086192389506632,-0.48092195698416773,2.8711679074943586,-0.084063600527136351,0.79981173274935424
0.14999999999999999,-0.077779111273611923,0.67914540510184518,-0.10523056231135729,0.91884378337308459,0.92484991727724575,-0.48092195698416773,2.8895973970158111,-0.091504836792484612,0.79899459423746488
0.14999999999999999,-0.084097422841952291,0.67839199206123013,-0.11377886619793544,0.91782445984754657,-0.92484991727724575,-0.40693396360198808,2.8797036421155071,-0.098938144519943871,0.79810822595438835
0.14999999999999999,-0.090408447695985855,0.6775797989954131,-0.12231731158868674,0.91672561040555878,-0.8508619238950661,-0.40693396360198808,2.8640623799227769,-0.1063628796423363,0.79715270470048594
0.14999999999999999,-0.096711639009977327,0.67670889627776143,-0.13084515866055754,0.91554733025814772,-0.77687393051288645,-0.40693396360198808,2.8550340526055242,-0.11377839883526743,0.79612811326795463
0.14999999999999999,-0.10300645063693717,0.67577935936860523,-0.13936166850879733,0.91428972149870114,-0.70288593713070679,-0.40693396360198808,2.8517968967677993,-0.12118405957286725,0.79503454043365318
0.14999999999999999,-0.10929233715594265,0.67479126880869911,-0.1478661032109812,0.9129528930941222,-0.62889794374852714,-0.40693396360198808,2.8535352742830549,-0.12857922018346193,0.7938720809514106
0.14999999999999999,-0.11556875391939737,0.67374471021224347,-0.15635772589094937,0.91153696087538816,-0.55490995036634749,-0.40693396360198808,2.8594299647167771,-0.13596323990517337,0.79264083554381581
0.14999999999999999,-0.12183515710022225,0.67263977425946675,-0.16483580078265361,0.91004204752751372,-0.48092195698416773,-0.40693396360198808,2.8686294331597946,-0.14333547894143792,0.79134091089349023
0.14999999999999999,-0.12809100373897619,0.67147655668876771,-0.17329959329390895,0.90846828257892087,-0.40693396360198808,-0.40693396360198808,2.8802073347339516,-0.15069529851644259,0.78997241963384435
0.14999999999999999,-0.13433575179090113,0.67025515828842053,-0.18174837007004266,0.90681580239021586,-0.33294597021980843,-0.40693396360198808,2.8931126024710951,-0.15804206093047188,0.7885354803393182
0.14999999999999999,-0.14056886017288858,0.66897568488784198,-0.19018139905743747,0.90508475014237422,-0.25895797683762878,-0.40693396360198808,2.9061260140336227,-0.16537512961516301,0.78703021751510815
0.14999999999999999,-0.14678978881036214,0.66763824734842114,-0.19859794956696053,0.90327527582433431,-0.18496998345544913,-0.40693396360198808,2.9178550782658879,-0.17269386918866134,0.78545676158637767
0.14999999999999999,-0.15299799868407293,0.66624296155391438,-0.20699729233727512,0.90138753622000178,-0.11098199007326948,-0.40693396360198808,2.9268234702667941,-0.17999764551067401,0.78381524888695808
0.14999999999999999,-0.15919295187680305,0.66478994840040428,-0.21537869959802761,0.8994216948946645,-0.036993996691089714,-0.40693396360198808,2.931710518161438,-0.18728582573741534,0.78210582164753439
0.14999999999999999,-0.16537411161997478,0.66327933378582382,-0.22374144513290703,0.89737792218082046,0.036993996691089936,-0.40693396360198808,2.9317105181614433,-0.19455777837644089,0.78032862798332214
0.14999999999999999,-0.17154094234015912,0.66171124859904906,-0.2320848043425682,0.89525639516341915,0.11098199007326959,-0.40693396360198808,2.9268234702667701,-0.20181287334136366,0.77848382188123411
0.14999999999999999,-0.17769290970548079,0.6600858287085567,-0.24040805430741516,0.8930572976645178,0.18496998345544924,-0.40693396360198808,2.917855078265474,-0.20905048200644799,0.77657156318653731
0.14999999999999999,-0.18382948067191665,0.6584032149506529,-0.24871047385024014,0.89078082022735383,0.25895797683762889,-0.40693396360198808,2.9061260140331142,-0.21626997726107841,0.77459201758900342
0.14999999999999999,-0.18995012352948148,0.65666355311726943,-0.25699134359871018,0.88842716009983502,0.33294597021980854,-0.40693396360198808,2.8931126024710974,-0.22347073356409583,0.77254535660855228
0.14999999999999999,-0.19605430794829887,0.65486699394333192,-0.26524994604769841,0.88599652121744887,0.40693396360198819,-0.40693396360198808,2.8802073347341515,-0.23065212699799864,0.7704317575803904
0.14999999999999999,-0.20214150502455161,0.65301369309369883,-0.27348556562145215,0.88348911418559239,0.48092195698416784,-0.40693396360198808,2.8686294331595681,-0.23781353532300187,0.76825140363964561
0.14999999999999999,-0.20821118732631003,0.65110381114967419,-0.28169748873559586,0.88090515626132371,0.55490995036634749,-0.40693396360198808,2.8594299647167771,-0.24495433803095296,0.76600448370549901
0.14999999999999999,-0.21426282893923143,0.64913751359509331,-0.2898850038589601,0.87824487133453788,0.62889794374852714,-0.40693396360198808,2.8535352742830549,-0.25207391639909577,0.76369119246481554
0.14999999999999999,-0.22029590551212819,0.64711497080198488,-0.29804740157523218,0.87550848990856767,0.70288593713070679,-0.40693396360198808,2.8517968967677993,-0.25917165354368021,0.76131173035527633
0.14999999999999999,-0.22630989430240156,0.64503635801580839,-0.30618397464442559,0.87269624908021126,0.77687393051288645,-0.40693396360198808,2.8550340526055242,-0.26624693447341358,0.75886630354800977
0.14999999999999999,-0.23230427422133476,0.64290185534026978,-0.31429401806415874,0.8698083925191884,0.85086192389506632,-0.40693396360198808,2.864062379922419,-0.27329914614274675,0.75635512392972915
0.14999999999999999,-0.23827852587924334,0.64071164772171663,-0.32237682913074095,0.86684517044702825,0.92484991727724575,-0.40693396360198808,2.8797036421155071,-0.28032767750499216,0.75377840908437244
0.14999999999999999,-0.24423213163047813,0.63846592493311272,-0.33043170750005862,0.86380683961538762,-0.92484991727724575,-0.33294597021980843,2.8724932673221448,-0.28733191956526838,0.75113638227425017
0.14999999999999999,-0.25016457561827765,0.63616488155759532,-0.33845795524825795,0.86069366328380537,-0.8508619238950661,-0.33294597021980843,2.8592927537333672,-0.2943112654332678,0.74842927242070034
0.14999999999999999,-0.25607534381946467,0.63380871697161534,-0.34645487693221688,0.85750591119689124,-0.77687393051288645,-0.33294597021980843,2.8527831282475229,-0.30126511037584081,0.74565731408425329
0.14999999999999999,-0.26196392408898489,0.63139763532766169,-0.35442177964980304,0.85424385956095394,-0.70288593713070679,-0.33294597021980843,2.8521729988146007,-0.30819285186939394,0.74282074744430782
0.14999999999999999,-0.26782980620428115,0.62893184553657278,-0.36235797309990969,0.85090779102006897,-0.62889794374852714,-0.33294597021980843,2.8566906871930589,-0.31509388965209545,0.73991981827832087
0.14999999999999999,-0.27367248190950361,0.62641156124943498,-0.37026276964226951,0.84749799463158848,-0.55490995036634749,-0.33294597021980843,2.8655685529443695,-0.32196762577588656,0.73695477794051167
0.14999999999999999,-0.27949144495954753,0.62383700083907057,-0.37813548435703481,0.84401476584109536,-0.48092195698416773,-0.33294597021980843,2.8780061077052195,-0.32881346465829114,0.73392588334008291
0.14999999999999999,-0.2852861911639169,0.6212083873811165,-0.3859754351041228,0.84045840645680459,-0.40693396360198808,-0.33294597021980843,2.8931126024708687,-0.33563081313401988,0.73083339691896054
0.14999999999999999,-0.29105621843041179,0.61852594863469601,-0.3937819425823218,0.83682922462341225,-0.33294597021980843,-0.33294597021980843,2.909827597693996,-0.34241908050636682,0.72767758662905413
0.14999999999999999,-0.2968010268086313,0.61578991702268426,-0.4015543303881482,0.83312753479539625,-0.25895797683762878,-0.33294597021980843,2.9268234702663256,-0.34917767859838977,0.72445872590904026
0.14999999999999999,-0.30252011853329391,0.61300052961156903,-0.40929192507445644,0.82935365770976976,-0.18496998345544913,-0.33294597021980843,2.942420515942882,-0.35590602180387515,0.7211770936606694
0.14999999999999999,-0.30821299806736491,0.6101580280909108,-0.41699405620878777,0.82550792035829101,-0.11098199007326948,-0.33294597021980843,2.9546124391593644,-0.36260352713807636,0.71783297422460091
0.14999999999999999,-0.31387917214499511,0.60726265875240082,-0.42466005643146393,0.82159065595913039,-0.036993996691089714,-0.33294597021980843,2.9613809324575726,-0.36926961428822952,0.7144266573557656
0.14999999999999999,-0.31951814981425819,0.60431467246852077,-0.43228926151340807,0.81760220392799854,0.036993996691089936,-0.33294597021980843,2.9613809324573874,-0.37590370566383313,0.71095843819825966
0.14999999999999999,-0.32512944247969078,0.60131432467080614,-0.43988101041369926,0.81354290984873767,0.11098199007326959,-0.33294597021980843,2.9546124391597219,-0.38250522644669499,0.70742861725977191
0.14999999999999999,-0.33071256394462822,0.59826187532771335,-0.44743464533684985,0.80941312544337685,0.18496998345544924,-0.33294597021980843,2.9424205159431027,-0.38907360464073903,0.70383750038554505
0.14999999999999999,-0.33626703045332973,0.59515758892209525,-0.45494951178979898,0.80521320854165812,0.25895797683762889,-0.33294597021980843,2.9268234702664691,-0.39560827112156433,0.70018539873187668
0.14999999999999999,-0.3417923607328951,0.59200173442828419,-0.46242495863862271,0.80094352305003147,0.33294597021980854,-0.33294597021980843,2.9098275976942305,-0.40210865968575893,0.69647262873915783
0.14999999999999999,-0.34728807603496559,0.5887945852887867,-0.46986033816495337,0.796604438920123,0.40693396360198819,-0.33294597021980843,2.8931126024710121,-0.40857420709995951,0.6926995121044548
0.14999999999999999,-0.35275370017720437,0.58553641939059031,-0.47725500612209998,0.79219633211668095,0.48092195698416784,-0.33294597021980843,2.8780061077052457,-0.41500435314965217,0.68886637575363563
0.14999999999999999,-0.35818875958455632,0.58222751904108683,-0.48460832179087021,0.7877195845849998,0.55490995036634749,-0.33294597021980843,2.8655685529443695,-0.42139854068771326,0.68497355181304331
0.14999999999999999,-0.36359278333028239,0.57886817094361009,-0.49191964803508786,0.78317458421782526,0.62889794374852714,-0.33294597021980843,2.8566906871930589,-0.42775621568268513,0.68102137758071768
0.14999999999999999,-0.36896530317676191,0.57545866617259533,-0.49918835135679546,0.77856172482174646,0.70288593713070679,-0.33294597021980843,2.8521729988146007,-0.43407682726677865,0.6770101954971709
0.14999999999999999,-0.37430585361606522,0.57199930014835765,-0.50641380195114705,0.7738814060830721,0.77687393051288645,-0.33294597021980843,2.8527831282475229,-0.44035982778360616,0.67294035311571487
0.14999999999999999,-0.37961397191028684,0.5684903726114966,-0.5135953737609763,0.7691340335332012,0.85086192389506632,-0.33294597021980843,2.8592927537333757,-0.4466046728356316,0.6688122030723489
0.14999999999999999,-0.38488919813164024,0.56493218759692321,-0.52073244453104262,0.76432001851348419,0.92484991727724575,-0.33294597021980843,2.8724932673221448,-0.45281082133134143,0.66462610305520375
0.14999999999999999,-0.39013107520230972,0.56132505340751726,-0.5278243958619484,0.75943977813958208,-0.92484991727724575,-0.25895797683762878,2.8674314977869737,-0.45897773553212901,0.66038241577354961
0.14999999999999999,-0.39533914893405292,0.55766928258741388,-0.53487061326371865,0.75449373526532459,-0.8508619238950661,-0.25895797683762878,2.856270114293638,-0.46510488109888576,0.65608150892636929
0.14999999999999999,-0.40051296806755532,0.55396519189492366,-0.54187048620904543,0.74948231844607305,-0.77687393051288645,-0.25895797683762878,2.8518885765351349,-0.47119172713830038,0.65172375517049841
0.14999999999999999,-0.40565208431153066,0.55021310227508491,-0.54882340818618847,0.74440596190158537,-0.70288593713070679,-0.25895797683762878,2.8535352742834097,-0.47723774624885956,0.64730953208833519
0.14999999999999999,-0.4107560523815621,0.54641333883185694,-0.5557287767515251,0.73926510547839464,-0.62889794374852714,-0.25895797683762878,2.8604946758026535,-0.4832424145665436,0.64283922215512579
0.14999999999999999,-0.41582443003868536,0.54256623079995014,-0.56258599358175077,0.73406019461169714,-0.55490995036634749,-0.25895797683762878,2.8720704661552721,-0.48920521181021803,0.63831321270582364
0.14999999999999999,-0.42085677812770772,0.53867211151629868,-0.56939446452572218,0.72879168028675689,-0.48092195698416773,-0.25895797683762878,2.8875471195052955,-0.49512562132671495,0.63373189590152779
0.14999999999999999,-0.42585266061525706,0.53473131839117949,-0.57615359965593593,0.72346001899983092,-0.40693396360198808,-0.25895797683762878,2.9061260140333061,-0.5010031301355965,0.62909566869550526
0.14999999999999999,-0.43081164462756483,0.53074419287897545,-0.5828628133196464,0.71806567271861377,-0.33294597021980843,-0.25895797683762878,2.9268234702667968,-0.50683722897360561,0.62440493279879461
0.14999999999999999,-0.43573330048797093,0.52671108044859083,-0.58952152418960768,0.71260910884221107,-0.25895797683762878,-0.25895797683762878,2.9483102455996537,-0.51262741233878928,0.61966009464540095
0.14999999999999999,-0.44061720175415425,0.52263233055351743,-0.59612915531444399,0.70709080016064119,-0.18496998345544913,-0.25895797683762878,2.9686830203202281,-0.51837317853429909,0.61486156535707936
0.14999999999999999,-0.4454629252550833,0.51850829660155529,-0.602685134168642,0.70151122481386885,-0.11098199007326948,-0.25895797683762878,2.9852589410493109,-0.52407402971186268,0.61000976070771207
0.14999999999999999,-0.45027005112768009,0.51433933592419179,-0.60918889270215537,0.69587086625037708,-0.036993996691089714,-0.25895797683762878,2.9947991687489068,-0.5297294719149177,0.60510510108728444
0.14999999999999999,-0.45503816285320137,0.51012580974564081,-0.61563986738962528,0.6901702131852786,0.036993996691089936,-0.25895797683762878,2.9947991687490134,-0.53533901512141335,0.60014801146545971
0.14999999999999999,-0.45976684729332828,0.50586808315154219,-0.62203749927920871,0.68440975955796879,0.11098199007326959,-0.25895797683762878,2.9852589410497528,-0.54090217328626855,0.59513892135475543
0.14999999999999999,-0.46445569472596221,0.5015665250573309,-0.62838123404100754,0.67859000448932993,0.18496998345544924,-0.25895797683762878,2.9686830203203152,-0.54641846438348485,0.59007826477333036
0.14999999999999999,-0.46910429888072597,0.49722150817627025,-0.63467052201509977,0.67271145223848328,0.25895797683762889,-0.25895797683762878,2.9483102455997439,-0.5518874104479129,0.58496648020737674
0.14999999999999999,-0.47371225697416663,0.49283340898715805,-0.64090481825916656,0.66677461215909606,0.33294597021980854,-0.25895797683762878,2.9268234702665317,-0.55730853761666665,0.57980401057312703
0.14999999999999999,-0.47827916974465323,0.48840260770170696,-0.6470835825957072,0.6607799986552505,0.40693396360198819,-0.25895797683762878,2.9061260140337559,-0.56268137617018021,0.57459130317847873
0.14999999999999999,-0.48280464148697316,0.48392948823159931,-0.65320627965884603,0.65472813113686956,0.48092195698416784,-0.25895797683762878,2.8875471195049931,-0.56800546057290957,0.56932880968423449
0.14999999999999999,-0.48728828008661695,0.479414438155224,-0.659272378940717,0.64861953397471472,0.55490995036634749,-0.25895797683762878,2.8720704661552721,-0.57328032951366692,0.56401698606496931
0.14999999999999999,-0.49172969705375402,0.47485784868409364,-0.66528135483743178,0.6424547364549501,0.62889794374852714,-0.25895797683762878,2.8604946758026535,-0.5785055259455929,0.55865629256952187
0.14999999999999999,-0.49612850755689458,0.47026011462894729,-0.67123268669462199,0.63623427273328159,0.70288593713070679,-0.25895797683762878,2.8535352742834097,-0.58368059712575826,0.55324719368111441
0.14999999999999999,-0.50048433045623242,0.46562163436554249,-0.67712585885254972,0.62995868178867509,0.77687393051288645,-0.25895797683762878,2.8518885765351349,-0.58880509465439113,0.54779015807710874
0.14999999999999999,-0.50479678833667008,0.46094280980013719,-0.68296036069078891,0.62362850737665609,0.85086192389506632,-0.25895797683762878,2.8562701142934808,-0.5938785745137295,0.54228565858839661
0.14999999999999999,-0.50906550754052027,0.45622404633466518,-0.68873568667246854,0.61724429798219393,0.92484991727724575,-0.25895797683762878,2.8674314977869737,-0.59890059710649446,0.53673417215842956
0.14999999999999999,-0.51329011819988168,0.45146575283161156,-0.6944513363880751,0.61080660677218024,-0.92484991727724575,-0.18496998345544913,2.8640623799228848,-0.60387072729397839,0.53113617980189587
0.14999999999999999,-0.51747025426868631,0.44666834157858487,-0.70010681459881086,0.60431599154749716,-0.8508619238950661,-0.18496998345544913,2.8544867500630287,-0.60878853443374858,0.52549216656304099
0.14999999999999999,-0.52160555355441718,0.44183222825259405,-0.70570163127950547,0.59777301469468591,-0.77687393051288645,-0.18496998345544913,2.8517776739748593,-0.61365359241696138,0.51980262147363998
0.14999999999999999,-0.5256956577494889,0.43695783188403253,-0.71123530166107318,0.59117824313722045,-0.70288593713070679,-0.18496998345544913,2.8552251393754831,-0.6184654797052811,0.51406803751062646
0.14999999999999999,-0.52974021246229597,0.43204557482036993,-0.71670734627251798,0.58453224828638284,-0.62889794374852714,-0.18496998345544913,2.8641730819039704,-0.62322377936740692,0.50828891155337641
0.14999999999999999,-0.53373886724791697,0.427095882689558,-0.7221172909824759,0.57783560599175487,-0.55490995036634749,-0.18496998345544913,2.878006107704929,-0.62792807911519644,0.50246574434065638
0.14999999999999999,-0.53769127563848129,0.42210918436315148,-0.72746466704029822,0.57108889649132255,-0.48092195698416773,-0.18496998345544913,2.896117739480335,-0.63257797133938976,0.49659904042723702
0.14999999999999999,-0.54159709517318844,0.41708591191914712,-0.73274901111666657,0.56429270436119905,-0.40693396360198808,-0.18496998345544913,2.9178550782659278,-0.63717305314492745,0.49068930814017309
0.14999999999999999,-0.5454559874279804,0.41202650060454749,-0.7379698653437381,0.55744761846497592,-0.33294597021980843,-0.18496998345544913,2.9424205159432826,-0.64171292638585919,0.48473705953476171
0.14999999999999999,-0.54926761804486546,0.40693138879764734,-0.74312677735481791,0.55055423190269936,-0.25895797683762878,-0.18496998345544913,2.9686830203200651,-0.64619719769984163,0.47874281035017335
0.14999999999999999,-0.55303165676088928,0.40180101797004969,-0.74821930032355599,0.54361314195947885,-0.18496998345544913,-0.18496998345544913,2.9947991687491258,-0.65062547854222263,0.4727070799647643
0.14999999999999999,-0.55674777743675008,0.39663583264841479,-0.75324699300266185,0.53662495005373756,-0.11098199007326948,-0.18496998345544913,3.0175191365159644,-0.65499738521970596,0.46663039135107615
0.14999999999999999,-0.56041565808505744,0.39143628037594347,-0.75820941976213652,0.52959026168509993,-0.036993996691089714,-0.18496998345544913,3.0315638845203199,-0.65931253892359698,0.4605132710305217
0.14999999999999999,-0.56403498089823234,0.38620281167359849,-0.76310615062702014,0.5225096863819273,0.036993996691089936,-0.18496998345544913,3.0315638845204678,-0.66357056576262619,0.45435624902776289
0.14999999999999999,-0.5676054322760421,0.38093588000106993,-0.76793676131464517,0.51538383764850637,0.11098199007326959,-0.18496998345544913,3.0175191365162704,-0.66777109679534363,0.44815985882478815
0.14999999999999999,-0.57112670285277489,0.37563594171748321,-0.77270083327140116,0.50821333291188897,0.18496998345544924,-0.18496998345544913,2.9947991687488775,-0.67191376806208802,0.44192463731468612
0.14999999999999999,-0.57459848752404286,0.37030345604185855,-0.777397953708999,0.50099879346839682,0.25895797683762889,-0.18496998345544913,2.9686830203198253,-0.67599822061652093,0.43565112475512768
0.14999999999999999,-0.57802048547321927,0.36493888501332139,-0.78202771564023776,0.49374084442978772,0.33294597021980854,-0.18496998345544913,2.9424205159428984,-0.68002410055672857,0.42933986472155455
0.14999999999999999,-0.58139240019750382,0.35954269345106693,-0.78658971791426968,0.48644011466909048,0.40693396360198819,-0.18496998345544913,2.9178550782655845,-0.68399105905588675,0.42299140406007868
0.14999999999999999,-0.58471393953361184,0.35411534891408758,-0.79108356525135703,0.47909723676611843,0.48092195698416784,-0.18496998345544913,2.8961177394802706,-0.68789875239248444,0.41660629284010303
0.14999999999999999,-0.58798481568309025,0.34865732166065971,-0.79550886827712197,0.47171284695265719,0.55490995036634749,-0.18496998345544913,2.878006107704929,-0.69174684198010605,0.41018508430665845
0.14999999999999999,-0.59120474523725408,0.3431690846075966,-0.79986524355628486,0.46428758505733647,0.62889794374852714,-0.18496998345544913,2.8641730819039704,-0.69553499439676947,0.40372833483246651
0.14999999999999999,-0.59437344920174218,0.33765111328927411,-0.80415231362588646,0.45682209445019434,0.70288593713070679,-0.18496998345544913,2.8552251393754831,-0.69926288141381432,0.39723660386973425
0.14999999999999999,-0.59749065302069149,0.33210388581642636,-0.80836970702799427,0.44931702198692969,0.77687393051288645,-0.18496998345544913,2.8517776739748593,-0.70293018002434282,0.39071045390167802
0.14999999999999999,-0.60055608660052606,0.32652788283471851,-0.81251705834188814,0.4417730179528544,0.85086192389506632,-0.18496998345544913,2.8544867500626303,-0.70653657247120716,0.38415045039378648
0.14999999999999999,-0.60356948433335955,0.32092358748310268,-0.8165940082157217,0.43419073600655067,0.92484991727724575,-0.18496998345544913,2.8640623799228848,-0.71008174627454057,0.37755716174482667
0.14999999999999999,-0.60653058512000946,0.31529148535195362,-0.82060020339765982,0.4265708331232313,-0.92484991727724575,-0.11098199007326948,2.8620255821467482,-0.7135653942588347,0.37093115923759246
0.14999999999999999,-0.60943913239261982,0.30963206444099606,-0.82453529676648551,0.41891396953781818,-0.8508619238950661,-0.11098199007326948,2.8535365594984938,-0.71698721457955261,0.36427301698940712
0.14999999999999999,-0.61229487413689176,0.30394581511702068,-0.82839894736167696,0.41122080868773381,-0.77687393051288645,-0.11098199007326948,2.8519833709421865,-0.72034691074928436,0.35758331190237724
0.14999999999999999,-0.61509756291392081,0.29823323007139479,-0.83219082041295156,0.40349201715541649,-0.70288593713070679,-0.11098199007326948,2.8566906871928479,-0.72364419166343619,0.35086262361340564
0.14999999999999999,-0.61784695588163463,0.29249480427737445,-0.83591058736927037,0.39572826461056543,-0.62889794374852714,-0.11098199007326948,2.8670530434555968,-0.72687877162545256,0.34411153444396991
0.14999999999999999,-0.62054281481583584,0.28673103494721591,-0.83955792592730727,0.38793022375211561,-0.55490995036634749,-0.11098199007326948,2.882527660807686,-0.7300503703715715,0.33733062934966579
0.14999999999999999,-0.62318490613084243,0.28094242148909321,-0.843132520059375,0.38009857024994959,-0.48092195698416773,-0.11098199007326948,2.9026146626811755,-0.73315871309510872,0.33052049586952142
0.14999999999999999,-0.62577300089972743,0.27512946546382844,-0.84663406004080766,0.37223398268635605,-0.40693396360198808,-0.11098199007326948,2.926823470266867,-0.73620353047026754,0.32368172407509221
0.14999999999999999,-0.62830687487415415,0.26929267054143202,-0.85006224247679674,0.36433714249723154,-0.33294597021980843,-0.11098199007326948,2.9546124391594408,-0.7391845586754755,0.31681490651933181
0.14999999999999999,-0.6307863085038069,0.26343254245746162,-0.85341677032867991,0.35640873391303629,-0.25895797683762878,-0.11098199007326948,2.9852589410494828,-0.74210153941624346,0.30992063818524895
0.14999999999999999,-0.63321108695541395,0.25754958896920327,-0.85669735293967753,0.34844944389951021,-0.18496998345544913,-0.11098199007326948,3.0175191365160989,-0.74495421994754574,0.30299951643435674
0.14999999999999999,-0.63558100013136176,0.2516443198116744,-0.85990370606007749,0.34045996209814766,-0.11098199007326948,-0.11098199007326948,3.0485778679570759,-0.74774235309571957,0.29605214095491106
0.14999999999999999,-0.63789584268789945,0.24571724665345923,-0.86303555187186387,0.33244098076644485,-0.036993996691089714,-0.11098199007326948,3.0709121630465335,-0.75046569727988166,0.28907911370995204
0.14999999999999999,-0.64015541405293086,0.23976888305237379,-0.86609261901278878,0.32439319471791744,0.036993996691089936,-0.11098199007326948,3.0709121630470078,-0.75312401653285976,0.28208103888514563
0.14999999999999999,-0.64235951844339378,0.23379974441096707,-0.86907464259988554,0.31631730126189661,0.11098199007326959,-0.11098199007326948,3.0485778679570448,-0.75571708052163966,0.27505852283643184
0.14999999999999999,-0.64450796488222295,0.22781034793186547,-0.87198136425241912,0.30821400014311207,0.18496998345544924,-0.11098199007326948,3.0175191365162446,-0.75824466456732109,0.26801217403748878
0.14999999999999999,-0.646600567214898,0.22180121257295801,-0.87481253211427368,0.3000839934810608,0.25895797683762889,-0.11098199007326948,2.9852589410491865,-0.76070654966458584,0.26094260302700939
0.14999999999999999,-0.64863714412557327,0.2157728590024301,-0.87756790087577552,0.29192798570917011,0.33294597021980854,-0.11098199007326948,2.9546124391592952,-0.76310252250067434,0.25385042235580008
0.14999999999999999,-0.65061751915278765,0.20972580955365111,-0.8802472317949479,0.28374668351376325,0.40693396360198819,-0.11098199007326948,2.9268234702666152,-0.76543237547386778,0.24673624653370715
0.14999999999999999,-0.65254152070475424,0.20366058817991553,-0.88285029271819671,0.27554079577282686,0.48092195698416784,-0.11098199007326948,2.9026146626814144,-0.76769590671147547,0.23960069197637121
0.14999999999999999,-0.6544089820742286,0.19757772040904356,-0.88537685810042688,0.26731103349458835,0.55490995036634749,-0.11098199007326948,2.882527660807686,-0.76989292008732768,0.23244437695181594
0.14999999999999999,-0.65621974145295292,0.19147773329784812,-0.88782670902458327,0.25905810975591215,0.62889794374852714,-0.11098199007326948,2.8670530434555968,-0.7720232252387681,0.22526792152688013
0.14999999999999999,-0.65797364194567631,0.18536115538646519,-0.89019963322062079,0.25078273964051173,0.70288593713070679,-0.11098199007326948,2.8566906871928479,-0.77408663758314855,0.21807194751348846
0.14999999999999999,-0.65967053158374844,0.1792285166525599,-0.8924954250838949,0.24248564017699278,0.77687393051288645,-0.11098199007326948,2.8519833709421865,-0.77608297833382167,0.21085707841477636
0.14999999999999999,-0.66131026333828824,0.1730803484654051,-0.89471388569297816,0.23416753027672454,0.85086192389506632,-0.11098199007326948,2.853536559498242,-0.77801207451563315,0.20362393937106482
0.14999999999999999,-0.66289269513292259,0.16691718353983942,-0.8968548228268951,0.22582913067154742,0.92484991727724575,-0.11098199007326948,2.8620255821467482,-0.77987375897990885,0.19637315710569342
0.14999999999999999,-0.6644176898560965,0.16073955589011141,-0.89891805098177757,0.21747116385132714,-0.92484991727724575,-0.036993996691089714,2.861071216374679,-0.78166787041893704,0.18910535987071928
0.14999999999999999,-0.66588511537295392,0.15454800078360831,-0.90090339138693754,0.20909435400135237,-0.8508619238950661,-0.036993996691089714,2.8531349214142869,-0.78339425337994573,0.18182117739248033
0.14999999999999999,-0.66729484453678634,0.14834305469447645,-0.90281067202035792,0.20069942693958576,-0.77687393051288645,-0.036993996691089714,2.8521729988145035,-0.78505275827857213,0.1745212408170311
0.14999999999999999,-0.66864675520004968,0.14212525525713954,-0.90463972762359657,0.19228711005377699,-0.70288593713070679,-0.036993996691089714,2.8575298899856412,-0.78664324141182318,0.16720618265545828
0.14999999999999999,-0.66994073022494782,0.13589514121971386,-0.9063903997161058,0.18385813223843636,-0.62889794374852714,-0.036993996691089714,2.8686294331597271,-0.78816556497052681,0.15987663672907509
0.14999999999999999,-0.67117665749358213,0.12965325239732695,-0.90806253660896397,0.17541322383167759,-0.55490995036634749,-0.036993996691089714,2.8849723451853495,-0.78961959705127305,0.15253323811450228
0.14999999999999999,-0.67235442991766614,0.12340012962534685,-0.90965599341801884,0.16695311655193984,-0.48092195698416773,-0.036993996691089714,2.9061260140333283,-0.79100521166784243,0.14517662308864335
0.14999999999999999,-0.67347394544780437,0.11713631471251842,-0.911170632076441,0.15847854343458373,-0.40693396360198808,-0.036993996691089714,2.931710518161363,-0.79232228876212263,0.13780742907355106
0.14999999999999999,-0.67453510708233411,0.11086235039401973,-0.91260632134668718,0.14999023876837964,-0.33294597021980843,-0.036993996691089714,2.9613809324574718,-0.79357071421451064,0.13042629458119967
0.14999999999999999,-0.67553782287573072,0.1045787802844354,-0.9139629368318708,0.14148893803188317,-0.25895797683762878,-0.036993996691089714,2.9947991687489091,-0.7947503798538007,0.12303385915815929
0.14999999999999999,-0.67648200594657415,0.098286148830653536,-0.91524036098654149,0.1329753778297077,-0.18496998345544913,-0.036993996691089714,3.031563884520363,-0.79586118346655788,0.11563076333018062
0.14999999999999999,-0.67736757448507723,0.091985001264693333,-0.91643848312686904,0.12445029582870273,-0.11098199007326948,-0.036993996691089714,3.0709121630465561,-0.79690302880597308,0.10821764854669803
0.14999999999999999,-0.67819445176017312,0.085675883556461968,-0.91755719944023417,0.11591443069403677,-0.036993996691089714,-0.036993996691089714,3.1090324113511398,-0.79787582560020365,0.10079515712524938
0.14999999999999999,-0.67896256612616523,0.079359342366447524,-0.91859641299422345,0.10736852202519369,0.036993996691089936,-0.036993996691089714,3.1090324113513814,-0.79877948956019429,0.093363932195820606
0.14999999999999999,-0.67967185102893357,0.073035924998354748,-0.9195560337450277,0.098813310291891721,0.11098199007326959,-0.036993996691089714,3.0709121630468084,-0.79961394238698069,0.085924617645123241
0.14999999999999999,-0.68032224501170291,0.066706179351682521,-0.92043597854524495,0.090249536769923394,0.18496998345544924,-0.036993996691089714,3.0315638845204567,-0.80037911177847387,0.078477858060802957
0.14999999999999999,-0.6809136917203662,0.060370653874249426,-0.92123617115108347,0.081677943476925682,0.25895797683762889,-0.036993996691089714,2.9947991687487692,-0.80107493143572484,0.071024298675587558
0.14999999999999999,-0.68144613990836866,0.054029897514675157,-0.92195654222896917,0.073099273108089918,0.33294597021980854,-0.036993996691089714,2.9613809324574309,-0.80170134106866897,0.063564585311382538
0.14999999999999999,-0.68191954344114769,0.047684459674813766,-0.92259702936155263,0.064514268971806857,0.40693396360198819,-0.036993996691089714,2.9317105181618248,-0.80225828640135011,0.056099364323310315
0.14999999999999999,-0.68233386130012996,0.041334890162152235,-0.92315757705311696,0.055923674925264781,0.48092195698416784,-0.036993996691089714,2.9061260140334753,-0.80274571917662352,0.048629282543708505
0.14999999999999999,-0.68268905758628606,0.034981739142170919,-0.92363813673438688,0.047328235309995942,0.55490995036634749,-0.036993996691089714,2.8849723451853495,-0.80316359716033647,0.041154987226083434
0.14999999999999999,-0.68298510152324032,0.028625557090672941,-0.92403866676673685,0.038728694887381031,0.62889794374852714,-0.036993996691089714,2.8686294331597271,-0.80351188414498864,0.033677125989026988
0.14999999999999999,-0.68322196745993813,0.022266894746089394,-0.92435913244579859,0.03012579877412094,0.70288593713070679,-0.036993996691089714,2.8575298899856412,-0.80379054995286836,0.026196346760105169
0.14999999999999999,-0.68339963487286837,0.015906303061759126,-0.92459950600446883,0.021520292377674111,0.77687393051288645,-0.036993996691089714,2.8521729988145035,-0.80399957043866854,0.01871329771971662
0.14999999999999999,-0.683518088367841,0.0095443331581898522,-0.92475976661531423,0.012912921331668622,0.85086192389506632,-0.036993996691089714,2.8531349214145876,-0.80413892749157767,0.011228627244929236
0.14999999999999999,-0.68357731768132213,0.0031815362753075263,-0.92483990039237685,0.004304431431298418,0.92484991727724575,-0.036993996691089714,2.861071216374679,-0.80420860903684954,0.0037429838533029722
0.14999999999999999,-0.68357731768132213,-0.0031815362753073585,-0.92483990039237685,-0.0043044314312981908,-0.92484991727724575,0.036993996691089936,2.861071216374679,-0.80420860903684954,-0.0037429838533027749
0.14999999999999999,-0.683518088367841,-0.0095443331581896839,-0.92475976661531423,-0.012912921331668395,-0.8508619238950661,0.036993996691089936,2.8531349214142869,-0.80413892749157767,-0.01122862724492904
0.14999999999999999,-0.68339963487286837,-0.015906303061758654,-0.92459950600446883,-0.021520292377673472,-0.77687393051288645,0.036993996691089936,2.8521729988145035,-0.80399957043866854,-0.018713297719716065
0.14999999999999999,-0.68322196745993813,-0.022266894746089227,-0.92435913244579859,-0.030125798774120718,-0.70288593713070679,0.036993996691089936,2.8575298899858166,-0.80379054995286836,-0.026196346760104971
0.14999999999999999,-0.68298510152324032,-0.028625557090672774,-0.92403866676673685,-0.038728694887380809,-0.62889794374852714,0.036993996691089936,2.8686294331597382,-0.80351188414498864,-0.033677125989026793
0.14999999999999999,-0.68268905758628606,-0.034981739142170447,-0.92363813673438688,-0.04732823530999531,-0.55490995036634749,0.036993996691089936,2.8849723451855542,-0.80316359716033647,-0.041154987226082879
0.14999999999999999,-0.68233386130012996,-0.041334890162152069,-0.92315757705311696,-0.055923674925264552,-0.48092195698416773,0.036993996691089936,2.9061260140335459,-0.80274571917662352,-0.04862928254370831
0.14999999999999999,-0.68191954344114769,-0.047684459674813599,-0.92259702936155263,-0.064514268971806621,-0.40693396360198808,0.036993996691089936,2.9317105181618635,-0.80225828640135011,-0.056099364323310114
0.14999999999999999,-0.68144613990836866,-0.054029897514674685,-0.92195654222896928,-0.073099273108089266,-0.33294597021980843,0.036993996691089936,2.9613809324571525,-0.80170134106866897,-0.063564585311381983
0.14999999999999999,-0.6809136917203662,-0.060370653874249253,-0.92123617115108347,-0.081677943476925446,-0.25895797683762878,0.036993996691089936,2.9947991687487518,-0.80107493143572484,-0.07102429867558735
0.14999999999999999,-0.68032224501170291,-0.06670617935168234,-0.92043597854524495,-0.090249536769923158,-0.18496998345544913,0.036993996691089936,3.0315638845200845,-0.80037911177847387,-0.078477858060802749
0.14999999999999999,-0.67967185102893357,-0.073035924998354596,-0.9195560337450277,-0.098813310291891499,-0.11098199007326948,0.036993996691089936,3.0709121630465974,-0.79961394238698069,-0.085924617645123047
0.14999999999999999,-0.67896256612616523,-0.079359342366447358,-0.91859641299422345,-0.10736852202519348,-0.036993996691089714,0.036993996691089936,3.1090324113515329,-0.79877948956019429,-0.093363932195820412
0.14999999999999999,-0.67819445176017323,-0.085675883556461496,-0.91755719944023428,-0.11591443069403613,0.036993996691089936,0.036993996691089936,3.1090324113513552,-0.79787582560020376,-0.10079515712524881
0.14999999999999999,-0.67736757448507723,-0.091985001264693167,-0.91643848312686904,-0.12445029582870251,0.11098199007326959,0.036993996691089936,3.0709121630468972,-0.79690302880597308,-0.10821764854669784
0.14999999999999999,-0.67648200594657426,-0.098286148830653355,-0.9152403609865416,-0.13297537782970748,0.18496998345544924,0.036993996691089936,3.0315638845202719,-0.79586118346655788,-0.11563076333018042
0.14999999999999999,-0.67553782287573072,-0.10457878028443494,-0.91396293683187091,-0.14148893803188256,0.25895797683762889,0.036993996691089936,2.9947991687486843,-0.79475037985380081,-0.12303385915815875
0.14999999999999999,-0.67453510708233411,-0.11086235039401957,-0.91260632134668718,-0.14999023876837939,0.33294597021980854,0.036993996691089936,2.961380932457347,-0.79357071421451064,-0.13042629458119948
0.14999999999999999,-0.67347394544780437,-0.11713631471251824,-0.911170632076441,-0.15847854343458351,0.40693396360198819,0.036993996691089936,2.931710518161835,-0.79232228876212263,-0.13780742907355087
0.14999999999999999,-0.67235442991766625,-0.1234001296253464,-0.90965599341801895,-0.16695311655193923,0.48092195698416784,0.036993996691089936,2.9061260140335547,-0.79100521166784254,-0.14517662308864282
0.14999999999999999,-0.67117665749358224,-0.12965325239732678,-0.90806253660896408,-0.17541322383167737,0.55490995036634749,0.036993996691089936,2.8849723451855542,-0.78961959705127316,-0.15253323811450206
0.14999999999999999,-0.66994073022494782,-0.13589514121971366,-0.9063903997161058,-0.18385813223843611,0.62889794374852714,0.036993996691089936,2.8686294331597382,-0.78816556497052681,-0.1598766367290749
0.14999999999999999,-0.66864675520004968,-0.14212525525713937,-0.90463972762359657,-0.19228711005377677,0.70288593713070679,0.036993996691089936,2.8575298899858166,-0.78664324141182318,-0.16720618265545806
0.14999999999999999,-0.66729484453678634,-0.14834305469447628,-0.90281067202035792,-0.20069942693958553,0.77687393051288645,0.036993996691089936,2.8521729988145035,-0.78505275827857213,-0.17452124081703091
0.14999999999999999,-0.66588511537295392,-0.15454800078360784,-0.90090339138693765,-0.20909435400135176,0.85086192389506632,0.036993996691089936,2.8531349214145876,-0.78339425337994573,-0.1818211773924798
0.14999999999999999,-0.6644176898560965,-0.16073955589011121,-0.89891805098177757,-0.21747116385132692,0.92484991727724575,0.036993996691089936,2.861071216374679,-0.78166787041893704,-0.18910535987071908
0.14999999999999999,-0.66289269513292259,-0.16691718353983925,-0.89685482282689521,-0.2258291306715472,-0.92484991727724575,0.11098199007326959,2.862025582146178,-0.77987375897990896,-0.19637315710569322
0.14999999999999999,-0.66131026333828835,-0.17308034846540463,-0.89471388569297827,-0.23416753027672388,-0.8508619238950661,0.11098199007326959,2.8535365594982651,-0.77801207451563337,-0.20362393937106424
0.14999999999999999,-0.65967053158374855,-0.17922851665255976,-0.89249542508389501,-0.24248564017699259,-0.77687393051288645,0.11098199007326959,2.8519833709424818,-0.77608297833382178,-0.21085707841477616
0.14999999999999999,-0.65797364194567631,-0.18536115538646505,-0.89019963322062079,-0.25078273964051151,-0.70288593713070679,0.11098199007326959,2.8566906871927888,-0.77408663758314855,-0.2180719475134883
0.14999999999999999,-0.65621974145295314,-0.19147773329784765,-0.88782670902458349,-0.25905810975591154,-0.62889794374852714,0.11098199007326959,2.8670530434555919,-0.77202322523876832,-0.22526792152687958
0.14999999999999999,-0.65440898207422871,-0.19757772040904342,-0.88537685810042699,-0.26731103349458812,-0.55490995036634749,0.11098199007326959,2.8825276608074537,-0.76989292008732779,-0.23244437695181577
0.14999999999999999,-0.65254152070475424,-0.20366058817991539,-0.88285029271819671,-0.27554079577282664,-0.48092195698416773,0.11098199007326959,2.9026146626809473,-0.76769590671147547,-0.23960069197637102
0.14999999999999999,-0.65061751915278765,-0.20972580955365094,-0.8802472317949479,-0.28374668351376303,-0.40693396360198808,0.11098199007326959,2.9268234702667009,-0.76543237547386778,-0.24673624653370699
0.14999999999999999,-0.64863714412557327,-0.21577285900242993,-0.87756790087577552,-0.29192798570916989,-0.33294597021980843,0.11098199007326959,2.9546124391595425,-0.76310252250067434,-0.25385042235579991
0.14999999999999999,-0.64660056721489811,-0.2218012125729576,-0.87481253211427379,-0.30008399348106024,-0.25895797683762878,0.11098199007326959,2.9852589410497745,-0.76070654966458595,-0.26094260302700889
0.14999999999999999,-0.64450796488222295,-0.2278103479318653,-0.87198136425241912,-0.30821400014311184,-0.18496998345544913,0.11098199007326959,3.0175191365161425,-0.75824466456732109,-0.26801217403748856
0.14999999999999999,-0.64235951844339378,-0.23379974441096693,-0.86907464259988565,-0.31631730126189639,-0.11098199007326948,0.11098199007326959,3.0485778679569084,-0.75571708052163977,-0.27505852283643167
0.14999999999999999,-0.64015541405293108,-0.23976888305237334,-0.866092619012789,-0.32439319471791683,-0.036993996691089714,0.11098199007326959,3.0709121630465335,-0.75312401653285999,-0.28208103888514507
0.14999999999999999,-0.63789584268789945,-0.24571724665345909,-0.86303555187186387,-0.33244098076644463,0.036993996691089936,0.11098199007326959,3.0709121630464846,-0.75046569727988166,-0.28907911370995187
0.14999999999999999,-0.63558100013136176,-0.25164431981167423,-0.8599037060600776,-0.3404599620981475,0.11098199007326959,0.11098199007326959,3.0485778679569715,-0.74774235309571968,-0.29605214095491084
0.14999999999999999,-0.63321108695541406,-0.25754958896920277,-0.85669735293967775,-0.3484494438995096,0.18496998345544924,0.11098199007326959,3.0175191365160003,-0.74495421994754585,-0.30299951643435619
0.14999999999999999,-0.63078630850380701,-0.26343254245746145,-0.85341677032868002,-0.35640873391303607,0.25895797683762889,0.11098199007326959,2.9852589410495596,-0.74210153941624346,-0.30992063818524879
0.14999999999999999,-0.62830687487415426,-0.26929267054143191,-0.85006224247679685,-0.36433714249723137,0.33294597021980854,0.11098199007326959,2.9546124391593929,-0.7391845586754755,-0.31681490651933164
0.14999999999999999,-0.62577300089972754,-0.27512946546382827,-0.84663406004080777,-0.37223398268635582,0.40693396360198819,0.11098199007326959,2.9268234702664762,-0.73620353047026765,-0.32368172407509205
0.14999999999999999,-0.62318490613084254,-0.28094242148909304,-0.84313252005937511,-0.38009857024994942,0.48092195698416784,0.11098199007326959,2.9026146626812039,-0.73315871309510883,-0.33052049586952126
0.14999999999999999,-0.62054281481583595,-0.28673103494721547,-0.83955792592730738,-0.387930223752115,0.55490995036634749,0.11098199007326959,2.8825276608074537,-0.73005037037157172,-0.33733062934966523
0.14999999999999999,-0.61784695588163474,-0.29249480427737429,-0.83591058736927049,-0.39572826461056521,0.62889794374852714,0.11098199007326959,2.8670530434555919,-0.72687877162545256,-0.34411153444396975
0.14999999999999999,-0.61509756291392081,-0.29823323007139468,-0.83219082041295167,-0.40349201715541627,0.70288593713070679,0.11098199007326959,2.8566906871927888,-0.7236441916634363,-0.35086262361340548
0.14999999999999999,-0.61229487413689199,-0.30394581511702023,-0.8283989473616773,-0.4112208086877332,0.77687393051288645,0.11098199007326959,2.8519833709424818,-0.7203469107492847,-0.35758331190237669
0.14999999999999999,-0.60943913239261982,-0.30963206444099595,-0.82453529676648563,-0.41891396953781795,0.85086192389506632,0.11098199007326959,2.8535365594981621,-0.71698721457955272,-0.36427301698940695
0.14999999999999999,-0.60653058512000957,-0.31529148535195345,-0.82060020339765993,-0.42657083312323113,0.92484991727724575,0.11098199007326959,2.862025582146178,-0.71356539425883481,-0.37093115923759229
0.14999999999999999,-0.60356948433335977,-0.32092358748310229,-0.81659400821572203,-0.43419073600655006,-0.92484991727724575,0.18496998345544924,2.8640623799228848,-0.7100817462745409,-0.37755716174482618
0.14999999999999999,-0.60055608660052617,-0.32652788283471834,-0.81251705834188825,-0.44177301795285417,-0.8508619238950661,0.18496998345544924,2.8544867500630287,-0.70653657247120727,-0.38415045039378626
0.14999999999999999,-0.59749065302069149,-0.33210388581642619,-0.80836970702799427,-0.44931702198692952,-0.77687393051288645,0.18496998345544924,2.8517776739748593,-0.70293018002434293,-0.39071045390167786
0.14999999999999999,-0.59437344920174229,-0.337651113289274,-0.80415231362588657,-0.45682209445019412,-0.70288593713070679,0.18496998345544924,2.8552251393754831,-0.69926288141381443,-0.39723660386973408
0.14999999999999999,-0.59120474523725419,-0.34316908460759643,-0.79986524355628497,-0.46428758505733631,-0.62889794374852714,0.18496998345544924,2.864173081903767,-0.69553499439676958,-0.40372833483246634
0.14999999999999999,-0.58798481568309025,-0.34865732166065955,-0.79550886827712208,-0.47171284695265697,-0.55490995036634749,0.18496998345544924,2.878006107704929,-0.69174684198010616,-0.41018508430665829
0.14999999999999999,-0.58471393953361184,-0.35411534891408741,-0.79108356525135715,-0.47909723676611826,-0.48092195698416773,0.18496998345544924,2.8961177394804944,-0.68789875239248455,-0.41660629284010287
0.14999999999999999,-0.58139240019750382,-0.35954269345106676,-0.78658971791426979,-0.48644011466909026,-0.40693396360198808,0.18496998345544924,2.917855078266006,-0.68399105905588686,-0.42299140406007851
0.14999999999999999,-0.57802048547321949,-0.36493888501332095,-0.7820277156402381,-0.49374084442978711,-0.33294597021980843,0.18496998345544924,2.9424205159429766,-0.68002410055672879,-0.429339864721554
0.14999999999999999,-0.57459848752404286,-0.37030345604185838,-0.77739795370899911,-0.5009987934683966,-0.25895797683762878,0.18496998345544924,2.968683020320027,-0.67599822061652104,-0.43565112475512752
0.14999999999999999,-0.571126702852775,-0.37563594171748305,-0.77270083327140138,-0.50821333291188875,-0.18496998345544913,0.18496998345544924,2.9947991687489184,-0.67191376806208825,-0.4419246373146859
0.14999999999999999,-0.56760543227604243,-0.38093588000106954,-0.76793676131464561,-0.51538383764850582,-0.11098199007326948,0.18496998345544924,3.0175191365163569,-0.66777109679534408,-0.4481598588247877
0.14999999999999999,-0.56403498089823245,-0.38620281167359832,-0.76310615062702025,-0.52250968638192707,-0.036993996691089714,0.18496998345544924,3.0315638845205193,-0.6635705657626263,-0.45435624902776273
0.14999999999999999,-0.56041565808505756,-0.39143628037594336,-0.75820941976213663,-0.52959026168509971,0.036993996691089936,0.18496998345544924,3.0315638845204678,-0.65931253892359709,-0.46051327103052153
0.14999999999999999,-0.55674777743675019,-0.39663583264841462,-0.75324699300266196,-0.53662495005373734,0.11098199007326959,0.18496998345544924,3.0175191365160643,-0.65499738521970607,-0.46663039135107598
0.14999999999999999,-0.55303165676088939,-0.40180101797004952,-0.7482193003235561,-0.54361314195947874,0.18496998345544924,0.18496998345544924,2.9947991687486861,-0.65062547854222275,-0.47270707996476413
0.14999999999999999,-0.54926761804486557,-0.40693138879764723,-0.74312677735481802,-0.55055423190269914,0.25895797683762889,0.18496998345544924,2.9686830203201442,-0.64619719769984174,-0.47874281035017319
0.14999999999999999,-0.54545598742798052,-0.41202650060454737,-0.73796986534373821,-0.55744761846497581,0.33294597021980854,0.18496998345544924,2.9424205159428265,-0.64171292638585931,-0.48473705953476159
0.14999999999999999,-0.54159709517318844,-0.41708591191914696,-0.73274901111666668,-0.56429270436119883,0.40693396360198819,0.18496998345544924,2.9178550782655845,-0.63717305314492756,-0.49068930814017286
0.14999999999999999,-0.53769127563848162,-0.42210918436315109,-0.72746466704029855,-0.571088896491322,0.48092195698416784,0.18496998345544924,2.8961177394803381,-0.63257797133939009,-0.49659904042723657
0.14999999999999999,-0.53373886724791719,-0.42709588268955784,-0.72211729098247612,-0.57783560599175465,0.55490995036634749,0.18496998345544924,2.878006107704929,-0.62792807911519666,-0.50246574434065627
0.14999999999999999,-0.52974021246229597,-0.43204557482036976,-0.71670734627251809,-0.58453224828638262,0.62889794374852714,0.18496998345544924,2.864173081903767,-0.62322377936740703,-0.50828891155337619
0.14999999999999999,-0.52569565774948923,-0.43695783188403214,-0.71123530166107363,-0.59117824313721989,0.70288593713070679,0.18496998345544924,2.8552251393754831,-0.61846547970528143,-0.51406803751062602
0.14999999999999999,-0.52160555355441729,-0.44183222825259388,-0.70570163127950558,-0.5977730146946858,0.77687393051288645,0.18496998345544924,2.8517776739748593,-0.61365359241696138,-0.51980262147363987
0.14999999999999999,-0.51747025426868642,-0.4466683415785847,-0.70010681459881097,-0.60431599154749693,0.85086192389506632,0.18496998345544924,2.8544867500626303,-0.6087885344337487,-0.52549216656304076
0.14999999999999999,-0.5132901181998818,-0.45146575283161139,-0.69445133638807532,-0.61080660677218002,0.92484991727724575,0.18496998345544924,2.8640623799228848,-0.6038707272939785,-0.53113617980189576
0.14999999999999999,-0.50906550754052038,-0.45622404633466507,-0.68873568667246865,-0.61724429798219393,-0.92484991727724575,0.25895797683762889,2.8674314977868751,-0.59890059710649457,-0.53673417215842945
0.14999999999999999,-0.50479678833667019,-0.46094280980013702,-0.68296036069078891,-0.62362850737665587,-0.8508619238950661,0.25895797683762889,2.8562701142935585,-0.59387857451372961,-0.5422856585883965
0.14999999999999999,-0.50048433045623264,-0.46562163436554233,-0.67712585885254994,-0.62995868178867487,-0.77687393051288645,0.25895797683762889,2.8518885765351349,-0.58880509465439124,-0.54779015807710862
0.14999999999999999,-0.49612850755689469,-0.47026011462894712,-0.6712326866946221,-0.63623427273328137,-0.70288593713070679,0.25895797683762889,2.8535352742835038,-0.58368059712575837,-0.5532471936811143
0.14999999999999999,-0.4917296970537543,-0.47485784868409336,-0.66528135483743223,-0.64245473645494977,-0.62889794374852714,0.25895797683762889,2.8604946758027361,-0.57850552594559324,-0.55865629256952154
0.14999999999999999,-0.48728828008661701,-0.47941443815522383,-0.65927237894071711,-0.6486195339747145,-0.55490995036634749,0.25895797683762889,2.8720704661549212,-0.57328032951366703,-0.56401698606496919
0.14999999999999999,-0.48280464148697327,-0.48392948823159915,-0.65320627965884603,-0.65472813113686945,-0.48092195698416773,0.25895797683762889,2.8875471195052458,-0.56800546057290968,-0.56932880968423427
0.14999999999999999,-0.47827916974465351,-0.48840260770170663,-0.64708358259570764,-0.66077999865525006,-0.40693396360198808,0.25895797683762889,2.9061260140333824,-0.56268137617018055,-0.5745913031784784
0.14999999999999999,-0.47371225697416675,-0.49283340898715794,-0.64090481825916668,-0.66677461215909595,-0.33294597021980843,0.25895797683762889,2.926823470266664,-0.55730853761666665,-0.57980401057312692
0.14999999999999999,-0.46910429888072608,-0.49722150817627009,-0.63467052201509988,-0.67271145223848305,-0.25895797683762878,0.25895797683762889,2.9483102455992598,-0.55188741044791301,-0.58496648020737652
0.14999999999999999,-0.46445569472596226,-0.50156652505733068,-0.62838123404100765,-0.67859000448932971,-0.18496998345544913,0.25895797683762889,2.9686830203202752,-0.54641846438348496,-0.59007826477333025
0.14999999999999999,-0.4597668472933284,-0.50586808315154208,-0.62203749927920893,-0.68440975955796868,-0.11098199007326948,0.25895797683762889,2.9852589410492527,-0.54090217328626866,-0.59513892135475532
0.14999999999999999,-0.45503816285320148,-0.51012580974564059,-0.61563986738962551,-0.69017021318527838,-0.036993996691089714,0.25895797683762889,2.9947991687489068,-0.53533901512141346,-0.60014801146545949
0.14999999999999999,-0.4502700511276802,-0.51433933592419179,-0.60918889270215548,-0.69587086625037697,0.036993996691089936,0.25895797683762889,2.9947991687487199,-0.52972947191491782,-0.60510510108728432
0.14999999999999999,-0.44546292525508335,-0.51850829660155517,-0.60268513416864211,-0.70151122481386863,0.11098199007326959,0.25895797683762889,2.9852589410493704,-0.52407402971186268,-0.61000976070771185
0.14999999999999999,-0.44061720175415464,-0.52263233055351721,-0.59612915531444444,-0.70709080016064085,0.18496998345544924,0.25895797683762889,2.9686830203202681,-0.51837317853429954,-0.61486156535707903
0.14999999999999999,-0.43573330048797076,-0.52671108044859094,-0.58952152418960746,-0.71260910884221118,0.25895797683762889,0.25895797683762889,2.9483102455990675,-0.51262741233878906,-0.61966009464540106
0.14999999999999999,-0.43081164462756499,-0.53074419287897534,-0.58286281331964662,-0.71806567271861355,0.33294597021980854,0.25895797683762889,2.9268234702668288,-0.50683722897360584,-0.62440493279879439
0.14999999999999999,-0.42585266061525739,-0.53473131839117916,-0.57615359965593638,-0.72346001899983059,0.40693396360198819,0.25895797683762889,2.9061260140334699,-0.50100313013559683,-0.62909566869550482
0.14999999999999999,-0.42085677812770811,-0.53867211151629835,-0.56939446452572262,-0.72879168028675656,0.48092195698416784,0.25895797683762889,2.8875471195051872,-0.49512562132671539,-0.63373189590152745
0.14999999999999999,-0.41582443003868552,-0.54256623079995003,-0.56258599358175088,-0.73406019461169703,0.55490995036634749,0.25895797683762889,2.8720704661549212,-0.4892052118102182,-0.63831321270582353
0.14999999999999999,-0.41075605238156226,-0.54641333883185683,-0.55572877675152532,-0.73926510547839441,0.62889794374852714,0.25895797683762889,2.8604946758027361,-0.48324241456654377,-0.64283922215512557
0.14999999999999999,-0.40565208431153105,-0.55021310227508458,-0.54882340818618902,-0.74440596190158503,0.70288593713070679,0.25895797683762889,2.8535352742835038,-0.47723774624886001,-0.64730953208833486
0.14999999999999999,-0.40051296806755549,-0.55396519189492355,-0.54187048620904565,-0.74948231844607294,0.77687393051288645,0.25895797683762889,2.8518885765351349,-0.47119172713830054,-0.6517237551704983
0.14999999999999999,-0.39533914893405309,-0.55766928258741388,-0.53487061326371876,-0.75449373526532448,0.85086192389506632,0.25895797683762889,2.8562701142936189,-0.46510488109888593,-0.65608150892636918
0.14999999999999999,-0.39013107520231005,-0.56132505340751693,-0.52782439586194885,-0.75943977813958163,0.92484991727724575,0.25895797683762889,2.8674314977868751,-0.45897773553212945,-0.66038241577354928
0.14999999999999999,-0.3848891981316403,-0.5649321875969231,-0.52073244453104273,-0.76432001851348408,-0.92484991727724575,0.33294597021980854,2.8724932673221448,-0.45281082133134154,-0.66462610305520364
0.14999999999999999,-0.37961397191028695,-0.56849037261149649,-0.51359537376097641,-0.76913403353320109,-0.8508619238950661,0.33294597021980854,2.8592927537333672,-0.44660467283563166,-0.66881220307234879
0.14999999999999999,-0.37430585361606561,-0.57199930014835743,-0.5064138019511476,-0.77388140608307177,-0.77687393051288645,0.33294597021980854,2.8527831282475229,-0.44035982778360661,-0.67294035311571465
0.14999999999999999,-0.36896530317676196,-0.57545866617259511,-0.49918835135679557,-0.77856172482174635,-0.70288593713070679,0.33294597021980854,2.8521729988140931,-0.43407682726677876,-0.67701019549717079
0.14999999999999999,-0.36359278333028255,-0.57886817094360998,-0.49191964803508809,-0.78317458421782526,-0.62889794374852714,0.33294597021980854,2.8566906871928404,-0.42775621568268529,-0.68102137758071757
0.14999999999999999,-0.35818875958455665,-0.58222751904108661,-0.48460832179087071,-0.78771958458499947,-0.55490995036634749,0.33294597021980854,2.8655685529445241,-0.42139854068771371,-0.68497355181304309
0.14999999999999999,-0.3527537001772042,-0.58553641939059042,-0.47725500612209976,-0.79219633211668106,-0.48092195698416773,0.33294597021980854,2.8780061077049135,-0.41500435314965201,-0.68886637575363574
0.14999999999999999,-0.34728807603496575,-0.58879458528878648,-0.46986033816495359,-0.79660443892012278,-0.40693396360198808,0.33294597021980854,2.8931126024711933,-0.40857420709995967,-0.69269951210445468
0.14999999999999999,-0.34179236073289548,-0.59200173442828397,-0.46242495863862326,-0.80094352305003114,-0.33294597021980843,0.33294597021980854,2.9098275976940906,-0.40210865968575937,-0.69647262873915761
0.14999999999999999,-0.33626703045332962,-0.59515758892209525,-0.45494951178979881,-0.80521320854165823,-0.25895797683762878,0.33294597021980854,2.9268234702663256,-0.39560827112156421,-0.7001853987318768
0.14999999999999999,-0.33071256394462833,-0.59826187532771324,-0.44743464533685007,-0.80941312544337674,-0.18496998345544913,0.33294597021980854,2.942420515943148,-0.3890736046407392,-0.70383750038554505
0.14999999999999999,-0.32512944247969122,-0.60131432467080603,-0.43988101041369981,-0.81354290984873745,-0.11098199007326948,0.33294597021980854,2.9546124391594111,-0.38250522644669549,-0.70742861725977169
0.14999999999999999,-0.31951814981425808,-0.60431467246852089,-0.43228926151340796,-0.81760220392799865,-0.036993996691089714,0.33294597021980854,2.9613809324576699,-0.37590370566383302,-0.71095843819825977
0.14999999999999999,-0.31387917214499528,-0.60726265875240071,-0.42466005643146409,-0.82159065595913028,0.036993996691089936,0.33294597021980854,2.9613809324573874,-0.36926961428822969,-0.71442665735576549
0.14999999999999999,-0.30821299806736535,-0.61015802809091058,-0.41699405620878832,-0.82550792035829068,0.11098199007326959,0.33294597021980854,2.9546124391596642,-0.36260352713807686,-0.71783297422460068
0.14999999999999999,-0.3025201185332943,-0.61300052961156881,-0.409291925074457,-0.82935365770976943,0.18496998345544924,0.33294597021980854,2.9424205159432573,-0.35590602180387565,-0.72117709366066907
0.14999999999999999,-0.29680102680863146,-0.61578991702268426,-0.40155433038814842,-0.83312753479539614,0.25895797683762889,0.33294597021980854,2.9268234702662541,-0.34917767859838994,-0.72445872590904015
0.14999999999999999,-0.29105621843041196,-0.61852594863469601,-0.39378194258232208,-0.83682922462341214,0.33294597021980854,0.33294597021980854,2.9098275976941368,-0.34241908050636705,-0.72767758662905402
0.14999999999999999,-0.28528619116391735,-0.62120838738111639,-0.38597543510412341,-0.84045840645680436,0.40693396360198819,0.33294597021980854,2.8931126024712652,-0.33563081313402038,-0.73083339691896032
0.14999999999999999,-0.27949144495954753,-0.62383700083907057,-0.37813548435703481,-0.84401476584109536,0.48092195698416784,0.33294597021980854,2.8780061077048353,-0.32881346465829114,-0.73392588334008291
0.14999999999999999,-0.27367248190950388,-0.62641156124943498,-0.37026276964226995,-0.84749799463158837,0.55490995036634749,0.33294597021980854,2.8655685529445241,-0.32196762577588689,-0.73695477794051167
0.14999999999999999,-0.26782980620428154,-0.62893184553657266,-0.3623579730999103,-0.85090779102006875,0.62889794374852714,0.33294597021980854,2.8566906871928404,-0.31509388965209589,-0.73991981827832065
0.14999999999999999,-0.26196392408898489,-0.63139763532766169,-0.35442177964980304,-0.85424385956095394,0.70288593713070679,0.33294597021980854,2.8521729988140931,-0.30819285186939394,-0.74282074744430782
0.14999999999999999,-0.25607534381946501,-0.63380871697161523,-0.34645487693221733,-0.85750591119689112,0.77687393051288645,0.33294597021980854,2.8527831282475229,-0.30126511037584114,-0.74565731408425318
0.14999999999999999,-0.25016457561827804,-0.63616488155759521,-0.3384579552482585,-0.86069366328380514,0.85086192389506632,0.33294597021980854,2.8592927537339543,-0.2943112654332683,-0.74842927242070012
0.14999999999999999,-0.24423213163047813,-0.63846592493311272,-0.33043170750005862,-0.86380683961538762,0.92484991727724575,0.33294597021980854,2.8724932673221448,-0.28733191956526838,-0.75113638227425017
0.14999999999999999,-0.23827852587924353,-0.64071164772171652,-0.32237682913074123,-0.86684517044702813,-0.92484991727724575,0.40693396360198819,2.8797036421155071,-0.28032767750499238,-0.75377840908437233
0.14999999999999999,-0.23230427422133518,-0.64290185534026967,-0.3142940180641593,-0.86980839251918829,-0.8508619238950661,0.40693396360198819,2.8640623799227951,-0.27329914614274725,-0.75635512392972892
0.14999999999999999,-0.22630989430240156,-0.64503635801580839,-0.30618397464442559,-0.87269624908021126,-0.77687393051288645,0.40693396360198819,2.8550340526053009,-0.26624693447341358,-0.75886630354800977
0.14999999999999999,-0.22029590551212833,-0.64711497080198477,-0.29804740157523241,-0.87550848990856756,-0.70288593713070679,0.40693396360198819,2.8517968967674987,-0.25917165354368038,-0.76131173035527622
0.14999999999999999,-0.21426282893923171,-0.6491375135950932,-0.28988500385896054,-0.87824487133453777,-0.62889794374852714,0.40693396360198819,2.8535352742831566,-0.25207391639909615,-0.76369119246481543
0.14999999999999999,-0.20821118732631003,-0.65110381114967419,-0.28169748873559586,-0.88090515626132371,-0.55490995036634749,0.40693396360198819,2.8594299647163419,-0.24495433803095296,-0.76600448370549901
0.14999999999999999,-0.2021415050245518,-0.65301369309369872,-0.27348556562145238,-0.88348911418559228,-0.48092195698416773,0.40693396360198819,2.8686294331595015,-0.23781353532300209,-0.7682514036396455
0.14999999999999999,-0.19605430794829917,-0.65486699394333181,-0.26524994604769886,-0.88599652121744876,-0.40693396360198808,0.40693396360198819,2.8802073347338739,-0.230652126997999,-0.77043175758039029
0.14999999999999999,-0.18995012352948151,-0.65666355311726943,-0.25699134359871023,-0.88842716009983502,-0.33294597021980843,0.40693396360198819,2.893112602471013,-0.22347073356409589,-0.77254535660855228
0.14999999999999999,-0.18382948067191682,-0.6584032149506529,-0.24871047385024037,-0.89078082022735383,-0.25895797683762878,0.40693396360198819,2.9061260140330765,-0.21626997726107858,-0.77459201758900331
0.14999999999999999,-0.1776929097054811,-0.66008582870855659,-0.24040805430741558,-0.89305729766451769,-0.18496998345544913,0.40693396360198819,2.9178550782658457,-0.20905048200644835,-0.77657156318653719
0.14999999999999999,-0.1715409423401596,-0.66171124859904895,-0.23208480434256884,-0.89525639516341904,-0.11098199007326948,0.40693396360198819,2.9268234702668079,-0.20181287334136422,-0.77848382188123399
0.14999999999999999,-0.16537411161997492,-0.66327933378582382,-0.22374144513290722,-0.89737792218082046,-0.036993996691089714,0.40693396360198819,2.9317105181618106,-0.19455777837644109,-0.78032862798332214
0.14999999999999999,-0.15919295187680335,-0.66478994840040417,-0.21537869959802805,-0.89942169489466439,0.036993996691089936,0.40693396360198819,2.9317105181613461,-0.1872858257374157,-0.78210582164753428
0.14999999999999999,-0.15299799868407338,-0.66624296155391438,-0.20699729233727573,-0.90138753622000167,0.11098199007326959,0.40693396360198819,2.9268234702665152,-0.17999764551067457,-0.78381524888695797
0.14999999999999999,-0.14678978881036228,-0.66763824734842114,-0.19859794956696072,-0.90327527582433431,0.18496998345544924,0.40693396360198819,2.9178550782660997,-0.1726938691886615,-0.78545676158637767
0.14999999999999999,-0.14056886017288889,-0.66897568488784187,-0.19018139905743789,-0.90508475014237422,0.25895797683762889,0.40693396360198819,2.9061260140336693,-0.16537512961516337,-0.78703021751510804
0.14999999999999999,-0.13433575179090157,-0.67025515828842042,-0.18174837007004327,-0.90681580239021575,0.33294597021980854,0.40693396360198819,2.8931126024712408,-0.15804206093047243,-0.78853548033931808
0.14999999999999999,-0.12809100373897622,-0.67147655668876771,-0.17329959329390898,-0.90846828257892087,0.40693396360198819,0.40693396360198819,2.8802073347336994,-0.15069529851644262,-0.78997241963384435
0.14999999999999999,-0.12183515710022255,-0.67263977425946675,-0.164835800782654,-0.91004204752751361,0.48092195698416784,0.40693396360198819,2.8686294331597786,-0.14333547894143828,-0.79134091089349012
0.14999999999999999,-0.11556875391939785,-0.67374471021224347,-0.15635772589095001,-0.91153696087538805,0.55490995036634749,0.40693396360198819,2.8594299647163419,-0.13596323990517392,-0.79264083554381581
0.14999999999999999,-0.10929233715594266,-0.67479126880869911,-0.14786610321098123,-0.9129528930941222,0.62889794374852714,0.40693396360198819,2.8535352742831566,-0.12857922018346196,-0.7938720809514106
0.14999999999999999,-0.10300645063693732,-0.67577935936860523,-0.13936166850879753,-0.91428972149870102,0.70288593713070679,0.40693396360198819,2.8517968967674987,-0.12118405957286743,-0.79503454043365307
0.14999999999999999,-0.096711639009977785,-0.67670889627776143,-0.13084515866055815,-0.91554733025814761,0.77687393051288645,0.40693396360198819,2.8550340526053009,-0.11377839883526797,-0.79612811326795452
0.14999999999999999,-0.090408447695985855,-0.6775797989954131,-0.12231731158868674,-0.91672561040555878,0.85086192389506632,0.40693396360198819,2.8640623799223968,-0.1063628796423363,-0.79715270470048594
0.14999999999999999,-0.084097422841952457,-0.67839199206123013,-0.11377886619793567,-0.91782445984754657,0.92484991727724575,0.40693396360198819,2.8797036421155071,-0.098938144519944066,-0.79810822595438835
0.14999999999999999,-0.077779111273612395,-0.67914540510184507,-0.10523056231135794,-0.91884378337308448,-0.92484991727724575,0.48092195698416784,2.8895973970158111,-0.091504836792485167,-0.79899459423746477
0.14999999999999999,-0.071454060448065931,-0.67983997283695108,-0.096673140606206825,-0.9197834926617573,-0.8508619238950661,0.48092195698416784,2.8711679074942698,-0.084063600527136378,-0.79981173274935424
0.14999999999999999,-0.065122818406345526,-0.68047563508495756,-0.088107342549761575,-0.92064350629141312,-0.77687393051288645,0.48092195698416784,2.8592927537333321,-0.076615080478053557,-0.8005595706881854
0.14999999999999999,-0.05878593372592663,-0.68105233676820554,-0.079533910335077188,-0.92142374974521912,-0.70288593713070679,0.48092195698416784,2.8531349214144406,-0.069159922030501905,-0.80123804325671233
0.14999999999999999,-0.052443955473197364,-0.68157002791773902,-0.070953586816678779,-0.92212415541811743,-0.62889794374852714,0.48092195698416784,2.8518519316530084,-0.061698771144938068,-0.80184709166792822
0.14999999999999999,-0.046097433155885846,-0.68202866367763526,-0.062367115446198489,-0.92274466262268295,-0.55490995036634749,0.48092195698416784,2.8545955523666597,-0.054232274301042167,-0.80238666315015905
0.14999999999999999,-0.039746916675443937,-0.68242820430889106,-0.053775240207953559,-0.92328521759438198,-0.48092195698416773,0.48092195698416784,2.8604946758030798,-0.046761078441698745,-0.80285671095163647
0.14999999999999999,-0.033392956279402745,-0.68276861519286614,-0.045178705554486068,-0.92374577349623055,-0.40693396360198808,0.48092195698416784,2.8686294331594819,-0.03928583091694441,-0.80325719434454834
0.14999999999999999,-0.02703610251369468,-0.6830498668342827,-0.036578256342057504,-0.92412629042285288,-0.33294597021980843,0.48092195698416784,2.8780061077051413,-0.031807179427876094,-0.80358807862856774
0.14999999999999999,-0.020676906174953161,-0.68327193486378057,-0.027974637766113097,-0.92442673540393838,-0.25895797683762878,0.48092195698416784,2.8875471195048283,-0.024325771970533129,-0.80384933513385948
0.14999999999999999,-0.014315918262784647,-0.68343480004002988,-0.019368595296708639,-0.92464708240709903,-0.18496998345544913,0.48092195698416784,2.8961177394807196,-0.016842256779746642,-0.8040409412235644
0.14999999999999999,-0.0079536899320284491,-0.68353844825139676,-0.010760874613920843,-0.9247873123401249,-0.11098199007326948,0.48092195698416784,2.9026146626813865,-0.0093572822729746461,-0.80416288029576077
0.14999999999999999,-0.0015907724450031453,-0.68358287051716737,-0.002152221543239549,-0.92484741305263807,-0.036993996691089714,0.48092195698416784,2.9061260140333269,-0.0018714969941213471,-0.80421514178490272
0.14999999999999999,0.0047722828762618063,-0.6835680629883254,0.0064566180090600903,-0.92482737933714598,0.036993996691089936,0.48092195698416784,2.9061260140332541,0.0056144504426609478,-0.80419772116273569
0.14999999999999999,0.011134924697794141,-0.68349402694788541,0.015064898120545013,-0.92472721292949189,0.11098199007326959,0.48092195698416784,2.9026146626812981,0.013099911409169577,-0.80411061993868871
0.14999999999999999,0.017496601721447919,-0.68336076881078212,0.023671872917253065,-0.92454692250870518,0.18496998345544924,0.48092195698416784,2.8961177394805819,0.020584237319350492,-0.8039538456597437
0.14999999999999999,0.023856762732675001,-0.68316830012331453,0.032276796638325,-0.92428652369624897,0.25895797683762889,0.48092195698416784,2.8875471195054909,0.028066779685500001,-0.8037274119097817
0.14999999999999999,0.030214856648283817,-0.68291663756214482,0.040878923700619282,-0.92394603905466643,0.33294597021980854,0.48092195698416784,2.8780061077047936,0.035546890174451548,-0.80343133830840563
0.14999999999999999,0.036570332564186785,-0.68260580293285456,0.049477508763311522,-0.92352549808562667,0.40693396360198819,0.48092195698416784,2.8686294331593869,0.043023920663749153,-0.80306565050924061
0.14999999999999999,0.042922639803137583,-0.68223582316805409,0.058071806792480259,-0.92302493722736711,0.48092195698416784,0.48092195698416784,2.8604946758028476,0.050497223297808924,-0.8026303801977106
0.14999999999999999,0.049271227962443473,-0.68180673032504979,0.066661073125658804,-0.92244439985153792,0.55490995036634749,0.48092195698416784,2.8545955523666597,0.057966150544051138,-0.80212556508829391
0.14999999999999999,0.055615546961653613,-0.68131856158306614,0.075244563536354878,-0.92178393625944233,0.62889794374852714,0.48092195698416784,2.8518519316530084,0.065430055249004249,-0.80155124892125429
0.14999999999999999,0.061955047090225111,-0.6807713592400243,0.083821534298539849,-0.9210436036776799,0.70288593713070679,0.48092195698416784,2.8531349214144406,0.072888290694382477,-0.80090748145885216
0.14999999999999999,0.068289179055151458,-0.68016517070887694,0.092391242251087261,-0.92022346625318641,0.77687393051288645,0.48092195698416784,2.8592927537333321,0.080340210653119359,-0.80019431848103162
0.14999999999999999,0.074617394028554815,-0.67950004851350054,0.10095294486216239,-0.91932359504767713,0.85086192389506632,0.48092195698416784,2.8711679074941148,0.087785169445358607,-0.79941182178058878
0.14999999999999999,0.08093914369524341,-0.67877605028414423,0.10950590029356461,-0.91834406803148905,0.92484991727724575,0.48092195698416784,2.8895973970158111,0.095222521994404008,-0.79856005915781658
0.14999999999999999,0.087253880300219147,-0.67799323875243567,0.11804936746500237,-0.91728497007682464,-0.92484991727724575,0.55490995036634749,2.9027698505268371,0.10265162388261076,-0.79763910441463015
0.14999999999999999,0.093561056696136638,-0.6771516817459472,0.12658260611830249,-0.91614639295039901,-0.8508619238950661,0.55490995036634749,2.8812601257266324,0.11007183140721957,-0.79664903734817305
0.14999999999999999,0.099860126390714968,-0.67625145218231708,0.13510487688155554,-0.91492843530548762,-0.77687393051288645,0.55490995036634749,2.8662671387582002,0.11748250163613524,-0.79558994374390235
0.14999999999999999,0.10615054359408729,-0.67529262806293244,0.14361544133317691,-0.91363120267337916,-0.70288593713070679,0.55490995036634749,2.8569577519597824,0.1248829924636321,-0.7944619153681558
0.14999999999999999,0.11243176326608972,-0.67427529246617079,0.15211356206588608,-0.91225480745423104,-0.62889794374852714,0.55490995036634749,2.8524818673447867,0.13227266266598792,-0.79326504996020097
0.14999999999999999,0.11870324116349042,-0.67319953354020123,0.16059850275060467,-0.91079936890733093,-0.55490995036634749,0.55490995036634749,2.8519833709422646,0.13965087195704753,-0.79199945122376614
0.14999999999999999,0.12496443388714376,-0.67206544449534678,0.16906952820025331,-0.90926501314076313,-0.48092195698416773,0.55490995036634749,2.8545955523668334,0.14701698104369854,-0.7906652288180549
0.14999999999999999,0.13121479892907503,-0.67087312359600804,0.17752590443345442,-0.90765187310048134,-0.40693396360198808,0.55490995036634749,2.8594299647169032,0.15437035168126473,-0.78926249834824469
0.14999999999999999,0.13745379471948418,-0.66962267415214982,0.18596689873812564,-0.90596008855879084,-0.33294597021980843,0.55490995036634749,2.8655685529443473,0.16171034672880491,-0.78779138135547033
0.14999999999999999,0.14368088067367435,-0.66831420451034829,0.19439177973497115,-0.90418980610223576,-0.25895797683762878,0.55490995036634749,2.8720704661553573,0.16903633020432277,-0.78625200530629202
0.14999999999999999,0.14989551723888961,-0.66694782804440411,0.2027998174408506,-0.90234117911889955,-0.18496998345544913,0.55490995036634749,2.8780061077049268,0.17634766733987009,-0.78464450358165183
0.14999999999999999,0.15609716594106329,-0.66552366314551914,0.21119028333202677,-0.90041436778511397,-0.11098199007326948,0.55490995036634749,2.8825276608075625,0.18364372463654502,-0.7829690154653165
0.14999999999999999,0.16228528943147835,-0.66404183321203758,0.21956245040729422,-0.89840953905158016,-0.036993996691089714,0.55490995036634749,2.884972345185457,0.19092386991938629,-0.78122568613180887
0.14999999999999999,0.16845935153332467,-0.66250246663875445,0.22791559325096863,-0.89632686662890304,0.036993996691089936,0.55490995036634749,2.8849723451850955,0.19818747239214665,-0.77941466663382875
0.14999999999999999,0.17461881728815493,-0.66090569680579103,0.23624898809573897,-0.89416653097254073,0.11098199007326959,0.55490995036634749,2.8825276608074408,0.20543390269194695,-0.77753611388916588
0.14999999999999999,0.18076315300224019,-0.65925166206703723,0.24456191288538376,-0.89192871926716788,0.18496998345544924,0.55490995036634749,2.8780061077051213,0.21266253294381196,-0.77559019066710255
0.14999999999999999,0.18689182629281073,-0.65754050573816381,0.25285364733733212,-0.88961362541045674,0.25895797683762889,0.55490995036634749,2.8720704661548866,0.21987273681507144,-0.77357706557431027
0.14999999999999999,0.19300430613418301,-0.65577237608420569,0.26112347300507111,-0.88722144999627817,0.33294597021980854,0.55490995036634749,2.8655685529445596,0.22706388956962706,-0.77149691304024193
0.14999999999999999,0.19910006290377466,-0.6539474263067141,0.26937067334040099,-0.88475240029731894,0.40693396360198819,0.55490995036634749,2.8594299647167007,0.23423536812208781,-0.76934991330201652
0.14999999999999999,0.20517856842799226,-0.65206581453048285,0.2775945337555189,-0.88220669024712373,0.48092195698416784,0.55490995036634749,2.8545955523665887,0.24138655109175558,-0.76713625238880323
0.14999999999999999,0.21123929602799402,-0.65012770378984752,0.28579434168493306,-0.87958454042155831,0.55490995036634749,0.55490995036634749,2.8519833709422646,0.24851681885646354,-0.76485612210570297
0.14999999999999999,0.21728172056532774,-0.64813326201455912,0.29396938664720806,-0.87688617801969748,0.62889794374852714,0.55490995036634749,2.8524818673447867,0.25562555360626793,-0.76250972001712825
0.14999999999999999,0.2233053184874304,-0.64608266201523279,0.30211896030652347,-0.8741118368441384,0.70288593713070679,0.55490995036634749,2.8569577519597824,0.26271213939697691,-0.7600972494296856
0.14999999999999999,0.22930956787299014,-0.64397608146837626,0.31024235653404542,-0.87126175728074429,0.77687393051288645,0.55490995036634749,2.8662671387582002,0.26977596220351779,-0.75761891937456027
0.14999999999999999,0.23529394847717219,-0.64181370290099293,0.31833887146911527,-0.86833618627781395,0.85086192389506632,0.55490995036634749,2.8812601257263752,0.27681640997314372,-0.7550749445894035
0.14999999999999999,0.24125794177669432,-0.63959571367476775,0.32640780358023347,-0.86533537732468557,0.92484991727724575,0.55490995036634749,2.9027698505268371,0.28383287267846385,-0.75246554549972666
0.14999999999999999,0.24720103101475321,-0.63732230596983286,0.33444845372584253,-0.86225959042977385,-0.92484991727724575,0.62889794374852714,2.9198562738123806,0.29082474237029787,-0.74979094819980341
0.14999999999999999,0.25312270124580283,-0.6349936767681158,0.34246012521490965,-0.85910909209803898,-0.8508619238950661,0.62889794374852714,2.8950329701967314,0.29779141323035624,-0.74705138443307739
0.14999999999999999,0.25902243938017006,-0.63261002783627163,0.35044212386728885,-0.85588415530789685,-0.77687393051288645,0.62889794374852714,2.8767041138329859,0.30473228162372945,-0.74424709157208424
0.14999999999999999,0.26489973422851315,-0.63017156570820088,0.35839375807387069,-0.8525850594875658,-0.70288593713070679,0.62889794374852714,2.8640623799224243,0.31164674615119192,-0.74137831259788334
0.14999999999999999,0.27075407654611222,-0.62767850166715466,0.36631433885650477,-0.84921209049085611,-0.62889794374852714,0.62889794374852714,2.8562701142935256,0.31853420770130847,-0.73844529607900533
0.14999999999999999,0.27658495907699621,-0.62513105172742667,0.37420317992770075,-0.84576554057240061,-0.55490995036634749,0.62889794374852714,2.8524818673450931,0.3253940695023485,-0.73544829614991369
0.14999999999999999,0.2823918765978935,-0.62252943661563698,0.38205959775009118,-0.84224570836233226,-0.48092195698416773,0.62889794374852714,2.8518519316525914,0.33222573717399234,-0.73238757248898456
0.14999999999999999,0.28817432596200548,-0.61987388175160762,0.38988291159565441,-0.83865289884041028,-0.40693396360198808,0.62889794374852714,2.8535352742831885,0.33902861877882995,-0.72926339029600895
0.14999999999999999,0.29393180614260578,-0.61716461722882965,0.39767244360470189,-0.83498742330959308,-0.33294597021980843,0.62889794374852714,2.8566906871929034,0.34580212487365386,-0.72607602026921136
0.14999999999999999,0.29966381827645061,-0.61440187779452682,0.40542751884460959,-0.83124959936906562,-0.25895797683762878,0.62889794374852714,2.8604946758033254,0.3525456685605301,-0.72282573858179622
0.14999999999999999,0.30536986570700153,-0.61158590282931646,0.41314746536829616,-0.82743975088672217,-0.18496998345544913,0.62889794374852714,2.8641730819041831,0.35925866553764885,-0.71951282685801932
0.14999999999999999,0.31104945402746242,-0.60871693632646684,0.42083161427244908,-0.82355820797110202,-0.11098199007326948,0.62889794374852714,2.8670530434555461,0.36594053414995575,-0.71613757214878437
0.14999999999999999,0.31670209112361575,-0.60579522687075649,0.4284792997554801,-0.81960530694278799,-0.036993996691089714,0.62889794374852714,2.8686294331598909,0.37259069543954793,-0.71270026690677224
0.14999999999999999,0.32232728721646131,-0.60282102761693634,0.43608985917521226,-0.81558139030526677,0.036993996691089936,0.62889794374852714,2.8686294331598421,0.37920857319583678,-0.7092012089611015
0.14999999999999999,0.32792455490465644,-0.59979459626779341,0.44366263310629983,-0.81148680671524975,0.11098199007326959,0.62889794374852714,2.8670530434554728,0.38579359400547814,-0.70564070149152158
0.14999999999999999,0.33349340920674608,-0.59671619505182205,0.45119696539736232,-0.80732191095246497,0.18496998345544924,0.62889794374852714,2.8641730819038891,0.3923451873020542,-0.70201905300214351
0.14999999999999999,0.33903336760318287,-0.59358609070050428,0.4586922032278356,-0.80308706388891749,0.25895797683762889,0.62889794374852714,2.8604946758032321,0.39886278541550924,-0.69833657729471088
0.14999999999999999,0.34454395007813882,-0.5904045544251969,0.46614769716454074,-0.79878263245761927,0.33294597021980854,0.62889794374852714,2.8566906871924775,0.40534582362133981,-0.69459359344140803
0.14999999999999999,0.35002467916109503,-0.58717186189363224,0.47356280121795208,-0.79440898962079642,0.40693396360198819,0.62889794374852714,2.8535352742828737,0.41179374018952358,-0.69079042575721428
0.14999999999999999,0.35547507996821154,-0.58388829320603441,0.4809368728981685,-0.78996651433757581,0.48092195698416784,0.62889794374852714,2.8518519316531528,0.41820597643319002,-0.68692740377180506
0.14999999999999999,0.36089468024347654,-0.58055413287084701,0.48826927327058584,-0.78545559153114586,0.55490995036634749,0.62889794374852714,2.8524818673450931,0.42458197675703119,-0.68300486220099643
0.14999999999999999,0.36628301039962469,-0.57716966978008355,0.49555936701125686,-0.78087661205540704,0.62889794374852714,0.62889794374852714,2.8562701142935256,0.43092118870544077,-0.67902314091774529
0.14999999999999999,0.37163960355882319,-0.573735197184296,0.50280652246193724,-0.77622997266110627,0.70288593713070679,0.62889794374852714,2.8640623799224243,0.43722306301038022,-0.67498258492270113
0.14999999999999999,0.3769639955931281,-0.57025101266716427,0.51001011168482024,-0.77151607596145744,0.77687393051288645,0.62889794374852714,2.8767041138329859,0.44348705363897417,-0.67088354431431085
0.14999999999999999,0.38225572516469669,-0.56671741811971343,0.51716951051694249,-0.76673533039725927,0.85086192389506632,0.62889794374852714,2.895032970196791,0.44971261784081962,-0.66672637425848635
0.14999999999999999,0.3875143337657625,-0.56313471971415463,0.52428409862426684,-0.76188815020150324,0.92484991727724575,0.62889794374852714,2.9198562738123806,0.45589921619501467,-0.66251143495782894
0.14999999999999999,0.39273936575836027,-0.55950322787735829,0.53135325955542856,-0.75697495536348469,-0.92484991727724575,0.70288593713070679,2.9415069652417989,0.46204631265689439,-0.65823909162042149
0.14999999999999999,0.39793036841380891,-0.55582325726395487,0.53837638079515315,-0.75199617159240939,-0.8508619238950661,0.70288593713070679,2.9132029048499897,0.46815337460448109,-0.65390971442818213
0.14999999999999999,0.40308689195193703,-0.55209512672907168,0.54535285381732646,-0.74695223028050872,-0.77687393051288645,0.70288593713070679,2.8913737333392731,0.47421987288463174,-0.6495236785047902
0.14999999999999999,0.40820848958005251,-0.54831915930070718,0.55228207413771802,-0.74184356846566268,-0.70288593713070679,0.70288593713070679,2.8752617096219426,0.48024528185888526,-0.64508136388318493
0.14999999999999999,0.41329471753165964,-0.54449568215173938,0.55916344136636298,-0.73667062879352962,-0.62889794374852714,0.70288593713070679,2.8640623799228444,0.48622907944901128,-0.64058315547263456
0.14999999999999999,0.41834513510490673,-0.54062502657157818,0.5659963592595797,-0.73143385947919393,-0.55490995036634749,0.70288593713070679,2.8569577519598401,0.49217074718224318,-0.636029443025386
0.14999999999999999,0.42335930470077099,-0.53670752793746246,0.57278023577163129,-0.7261337142683314,-0.48092195698416773,0.70288593713070679,2.8531349214147452,0.49806977023620114,-0.63142062110289687
0.14999999999999999,0.42833679186097712,-0.53274352568539796,0.57951448310602782,-0.72077065239789129,-0.40693396360198808,0.70288593713070679,2.8517968967673055,0.5039256374835025,-0.62675708904164462
0.14999999999999999,0.43327716530563981,-0.52873336328074805,0.58619851776645382,-0.7153451385563061,-0.33294597021980843,0.70288593713070679,2.8521729988144044,0.50973784153604684,-0.62203925091852708
0.14999999999999999,0.43817999697063176,-0.52467738818847476,0.59283176060732523,-0.7098576428432305,-0.25895797683762878,0.70288593713070679,2.8535352742828417,0.51550587878897847,-0.61726751551585268
0.14999999999999999,0.44304486204467569,-0.52057595184302985,0.59941363688397287,-0.70430864072880506,-0.18496998345544913,0.70288593713070679,2.8552251393756878,0.52122924946432425,-0.61244229628591751
0.14999999999999999,0.44787133900615189,-0.51642940961790584,0.60594357630244067,-0.69869861301246083,-0.11098199007326948,0.70288593713070679,2.8566906871930495,0.52690745765429625,-0.60756401131518334
0.14999999999999999,0.45265900965961969,-0.51223812079484543,0.61242101306889718,-0.69302804578126131,-0.036993996691089714,0.70288593713070679,2.8575298899856407,0.53254001136425844,-0.60263308328805332
0.14999999999999999,0.45740745917205528,-0.50800244853270815,0.6188453859386629,-0.68729743036778157,0.036993996691089936,0.70288593713070679,2.8575298899854622,0.53812642255535903,-0.59764993945024492
0.14999999999999999,0.46211627610879419,-0.50372275983600634,0.62521613826483913,-0.68150726330753797,0.11098199007326959,0.70288593713070679,2.8566906871930309,0.54366620718681669,-0.59261501157177221
0.14999999999999999,0.46678505246917879,-0.49939942552310596,0.63153271804653599,-0.67565804629596682,0.18496998345544924,0.70288593713070679,2.8552251393752659,0.54915888525785739,-0.58752873590953636
0.14999999999999999,0.4714133837219131,-0.49503282019409439,0.63779457797670591,-0.66975028614495113,0.25895797683762889,0.70288593713070679,2.8535352742833302,0.55460398084930951,-0.58239155316952274
0.14999999999999999,0.476000868840112,-0.49062332219832439,0.64400117548956315,-0.66378449473890933,0.33294597021980854,0.70288593713070679,2.8521729988142059,0.5600010221648376,-0.57720390846861691
0.14999999999999999,0.48054711033604774,-0.48617131360163224,0.65015197280759396,-0.65776118899044356,0.40693396360198819,0.70288593713070679,2.8517968967678837,0.56534954157182082,-0.57196625129603795
0.14999999999999999,0.48505171429559324,-0.4816771801532313,0.65624643698815555,-0.65168089079554814,0.48092195698416784,0.70288593713070679,2.8531349214144845,0.57064907564187439,-0.5666790354743898
0.14999999999999999,0.48951429041235128,-0.47714131125228981,0.66228403996965168,-0.64554412698839203,0.55490995036634749,0.70288593713070679,2.8569577519598401,0.57589916519100148,-0.56134271912034084
0.14999999999999999,0.49393445202147424,-0.47256409991418968,0.66826425861728855,-0.63935142929566835,0.62889794374852714,0.70288593713070679,2.8640623799228444,0.58109935531938139,-0.55595776460492896
0.14999999999999999,0.498311816133165,-0.46794594273647577,0.6741865747683996,-0.63310333429052601,0.70288593713070679,0.70288593713070679,2.8752617096219426,0.58624919545078236,-0.55052463851350086
0.14999999999999999,0.5026460034658643,-0.46328723986448905,0.68005047527734575,-0.62680038334607335,0.77687393051288645,0.70288593713070679,2.8913737333392731,0.59134823937160508,-0.54504381160528126
0.14999999999999999,0.50693663847911286,-0.45858839495669707,0.68585545205997611,-0.62044312258847245,0.85086192389506632,0.70288593713070679,2.9132029048496397,0.59639604526954448,-0.53951575877258473
0.14999999999999999,0.51118334940608867,-0.45384981514971989,0.6916010021376493,-0.61403210284962095,0.92484991727724575,0.70288593713070679,2.9415069652417989,0.60139217577186899,-0.53394095899967042
0.14999999999999999,0.51538576828582261,-0.44907191102305055,0.69728662768081873,-0.60756787961942127,-0.92484991727724575,0.77687393051288645,2.968355580717585,0.60633619798332061,-0.52831989532123591
0.14999999999999999,0.51954353099507866,-0.44425509656348122,0.70291183605216512,-0.60105101299765096,-0.8508619238950661,0.77687393051288645,2.9364826376136475,0.61122768352362189,-0.52265305478056612
0.14999999999999999,0.52365627727990294,-0.43939978912923439,0.70847613984928037,-0.59448206764543465,-0.77687393051288645,0.77687393051288645,2.9110499984223877,0.61606620856459171,-0.51694092838733452
0.14999999999999999,0.52772365078684091,-0.43450640941379753,0.71397905694690234,-0.58786161273631421,-0.70288593713070679,0.77687393051288645,2.8913737333394685,0.62085135386687162,-0.51118401107505596
0.14999999999999999,0.5317452990938123,-0.42957538140947327,0.71942011053868715,-0.58119022190693437,-0.62889794374852714,0.77687393051288645,2.8767041138332177,0.62558270481624967,-0.50538280165820382
0.14999999999999999,0.53572087374064636,-0.42460713237064296,0.72479882917852145,-0.5744684732073404,-0.55490995036634749,0.77687393051288645,2.8662671387582428,0.63025985145958396,-0.49953780278899168
0.14999999999999999,0.53965003025927705,-0.41960209277674443,0.73011474682137467,-0.56769694905088952,-0.48092195698416773,0.77687393051288645,2.8592927537339281,0.63488238854032586,-0.49364952091381697
0.14999999999999999,0.54353242820358794,-0.41456069629497416,0.73536740286367774,-0.56087623616378846,-0.40693396360198808,0.77687393051288645,2.8550340526053666,0.63944991553363284,-0.48771846622938131
0.14999999999999999,0.54736773117891036,-0.40948337974271237,0.74055634218323163,-0.55400692553425779,-0.33294597021980843,0.77687393051288645,2.8527831282478533,0.64396203668107099,-0.48174515263848511
0.14999999999999999,0.55115560687117227,-0.40437058304967244,0.74568111517864477,-0.54708961236132148,-0.25895797683762878,0.77687393051288645,2.8518885765352513,0.64841836102490857,-0.47573009770549696
0.14999999999999999,0.55489572707569113,-0.39922274921978379,0.75074127780828792,-0.54012489600323677,-0.18496998345544913,0.77687393051288645,2.8517776739748157,0.65281850244198958,-0.46967382261151031
0.14999999999999999,0.55858776772561036,-0.39404032429280866,0.75573639162876682,-0.53311337992556462,-0.11098199007326948,0.77687393051288645,2.8519833709423805,0.65716207967718865,-0.46357685210918664
0.14999999999999999,0.5622314089199808,-0.38882375730569196,0.76066602383291504,-0.52605567164887723,-0.036993996691089714,0.77687393051288645,2.8521729988145248,0.66144871637644786,-0.4574397144772846
0.14999999999999999,0.56582633495147749,-0.383573500253655,0.76552974728729295,-0.51895238269612143,0.036993996691089936,0.77687393051288645,2.8521729988145523,0.66567804111938522,-0.45126294147488821
0.14999999999999999,0.56937223433375383,-0.37829000805103369,0.77032714056919638,-0.51180412853963375,0.11098199007326959,0.77687393051288645,2.8519833709421887,0.66984968745147511,-0.44504706829533375
0.14999999999999999,0.57286879982843264,-0.37297373849185872,0.77505778800317349,-0.50461152854780877,0.18496998345544924,0.77687393051288645,2.8517776739747522,0.67396329391580312,-0.43879263351983377
0.14999999999999999,0.57631572847172552,-0.36762515221019171,0.7797212796970403,-0.4973752059314358,0.25895797683762889,0.77687393051288645,2.8518885765351434,0.67801850408438291,-0.43250017907081378
0.14999999999999999,0.57971272160068421,-0.36224471264021202,0.7843172115773962,-0.49009578768969858,0.33294597021980854,0.77687393051288645,2.8527831282474518,0.68201496658904015,-0.4261702501649553
0.14999999999999999,0.58305948487907788,-0.35683288597606394,0.78884518542463467,-0.48277390455585117,0.40693396360198819,0.77687393051288645,2.8550340526057538,0.68595233515185627,-0.41980339526595756
0.14999999999999999,0.58635572832289706,-0.35139014113145955,0.79330480890744892,-0.47541019094256293,0.48092195698416784,0.77687393051288645,2.8592927537337429,0.68983026861517305,-0.41340016603701124
0.14999999999999999,0.58960116632547988,-0.34591694969905129,0.79769569561682563,-0.4680052848869517,0.55490995036634749,0.77687393051288645,2.8662671387582428,0.69364843097115281,-0.4069611172930015
0.14999999999999999,0.59279551768225691,-0.34041378590957111,0.80201746509952387,-0.46055982799530204,0.62889794374852714,0.77687393051288645,2.8767041138332177,0.69740649139089039,-0.4004868069524366
0.14999999999999999,0.59593850561511852,-0.33488112659073765,0.80626974289104258,-0.45307446538746854,0.70288593713070679,0.77687393051288645,2.8913737333394685,0.70110412425308055,-0.3939777959891031
0.14999999999999999,0.59902985779639606,-0.32931945112594224,0.81045216054806513,-0.4455498456409806,0.77687393051288645,0.77687393051288645,2.9110499984223877,0.70474100917223059,-0.38743464838346142
0.14999999999999999,0.60206930637245659,-0.32372924141271398,0.81456435568038232,-0.43798662073484823,0.85086192389506632,0.77687393051288645,2.9364826376132616,0.70831683102641951,-0.38085793107378108
0.14999999999999999,0.60505658798691375,-0.31811098182096181,0.81860597198229501,-0.43038544599306594,0.92484991727724575,0.77687393051288645,2.968355580717585,0.71183127998460438,-0.3742482139070139
0.14999999999999999,0.60799144380344505,-0.31246515915100764,0.82257665926348444,-0.42274698002783384,-0.92484991727724575,0.85086192389506632,3.0009793828236124,0.71528405153346475,-0.36760606958942071
0.14999999999999999,0.61087361952821861,-0.30679226259140818,0.82647607347935448,-0.4150718846824934,-0.8508619238950661,0.85086192389506632,2.9655455317455943,0.71867484650378655,-0.36093207363695079
0.14999999999999999,0.61370286543192787,-0.30109278367656583,0.83030387676084361,-0.4073608249741773,-0.77687393051288645,0.85086192389506632,2.9364826376133824,0.72200337109638568,-0.35422680432537157
0.14999999999999999,0.61647893637142981,-0.29536721624414053,0.83405973744369899,-0.39961446903619008,-0.70288593713070679,0.85086192389506632,2.9132029048498955,0.72526933690756445,-0.34749084264016528
0.14999999999999999,0.61920159181098378,-0.28961605639226234,0.83774333009721325,-0.39183348806011958,-0.62889794374852714,0.85086192389506632,2.8950329701965298,0.72847246095409857,-0.34072477222619096
0.14999999999999999,0.62187059584309534,-0.28383980243654322,0.841354335552423,-0.38401855623767606,-0.55490995036634749,0.85086192389506632,2.8812601257265591,0.73161246569775917,-0.33392917933710964
0.14999999999999999,0.62448571720895529,-0.27803895486690144,0.84489244092976301,-0.37617035070227839,-0.48092195698416773,0.85086192389506632,2.8711679074940086,0.73468907906935921,-0.32710465278458994
0.14999999999999999,0.62704672931847749,-0.27221401630419806,0.84835733966617544,-0.36828955147038556,-0.40693396360198808,0.85086192389506632,2.8640623799222786,0.73770203449232652,-0.32025178388729181
0.14999999999999999,0.6295534102699325,-0.26636549145668292,0.8517487315416733,-0.36037684138257103,-0.33294597021980843,0.85086192389506632,2.8592927537338437,0.74065107090580296,-0.31337116641962698
0.14999999999999999,0.63200554286917432,-0.26049388707626597,0.85506632270535343,-0.35243290604435984,-0.25895797683762878,0.85086192389506632,2.8562701142930385,0.74353593278726393,-0.30646339656031291
0.14999999999999999,0.63440291464845877,-0.25459971191461023,0.8583098257008559,-0.34445843376682556,-0.18496998345544913,0.85086192389506632,2.8544867500628701,0.74635637017465739,-0.29952907284071789
0.14999999999999999,0.63674531788485411,-0.24868347667904755,0.86147895949127307,-0.33645411550694665,-0.11098199007326948,0.85086192389506632,2.8535365594982345,0.74911213868806359,-0.29256879609299713
0.14999999999999999,0.63903254961823852,-0.24274569398832976,0.86457344948349901,-0.32842064480774025,-0.036993996691089714,0.85086192389506632,2.853134921414489,0.75180299955086882,-0.28558316939803502
0.14999999999999999,0.64126441166888648,-0.23678687832821124,0.86759302755202283,-0.3203587177381681,0.036993996691089936,0.85086192389506632,2.8531349214146053,0.75442871961045466,-0.27857279803318968
0.14999999999999999,0.64344071065463937,-0.23080754600687306,0.87053743206215906,-0.3122690328328282,0.11098199007326959,0.85086192389506632,2.8535365594981204,0.75698907135839921,-0.27153828941985064
0.14999999999999999,0.64556125800766251,-0.22480821511018337,0.87340640789271973,-0.30415229103142449,0.18496998345544924,0.85086192389506632,2.8544867500628808,0.75948383295019106,-0.26448025307080392
0.14999999999999999,0.64762586999078287,-0.218789405456809,0.87619970645811784,-0.29600919561803568,0.25895797683762889,0.85086192389506632,2.8562701142934994,0.7619127882244503,-0.25739930053742233
0.14999999999999999,0.64963436771340899,-0.212751638553177,0.87891708572990612,-0.28784045216018062,0.33294597021980854,0.85086192389506632,2.859292753733981,0.76427572672165756,-0.25029604535667876
0.14999999999999999,0.65158657714703228,-0.20669543754828451,0.88155831025774944,-0.27964676844767899,0.40693396360198819,0.85086192389506632,2.8640623799229696,0.76657244370239086,-0.24317110299798175
0.14999999999999999,0.65348232914030535,-0.20062132718837195,0.88412315118982487,-0.27142885443132669,0.48092195698416784,0.85086192389506632,2.8711679074944705,0.76880274016506511,-0.23602509080984932
0.14999999999999999,0.65532145943369768,-0.19452983377145722,0.88661138629264968,-0.26318742216138324,0.55490995036634749,0.85086192389506632,2.8812601257265591,0.77096642286317363,-0.22885862796642023
0.14999999999999999,0.65710380867372886,-0.18842148510173076,0.88902279997033895,-0.25492318572587097,0.62889794374852714,0.85086192389506632,2.8950329701965298,0.77306330432203396,-0.22167233541380088
0.14999999999999999,0.658829222426776,-0.18229681044382506,0.89135718328328517,-0.24663686118870448,0.70288593713070679,0.85086192389506632,2.9132029048498955,0.77509320285503058,-0.21446683581626477
0.14999999999999999,0.66049755119245401,-0.17615634047695772,0.89361433396626122,-0.23832916652764866,0.77687393051288645,0.85086192389506632,2.9364826376133824,0.77705594257935762,-0.2072427535023032
0.14999999999999999,0.66210865041656997,-0.1700006072489465,0.89579405644594756,-0.23000082157210405,0.85086192389506632,0.85086192389506632,2.9655455317457333,0.77895135343125876,-0.20000071441052528
0.14999999999999999,0.66366238050364823,-0.1638301441301114,0.89789616185787691,-0.22165254794073894,0.92484991727724575,0.85086192389506632,3.0009793828236124,0.78077927118076262,-0.19274134603542517
0.14999999999999999,0.66515860682902495,-0.15764548576706189,0.89992046806279835,-0.21328506897896604,-0.92484991727724575,0.92484991727724575,3.0398529945837938,0.78253953744591165,-0.18546527737301396
0.14999999999999999,0.66659719975051379,-0.15144716803636826,0.90186679966245964,-0.2048991096962629,-0.8508619238950661,0.92484991727724575,3.0009793828235214,0.78423199970648672,-0.17817313886631558
0.14999999999999999,0.66797803461963845,-0.14523572799813192,0.90373498801480479,-0.19649539670335492,-0.77687393051288645,0.92484991727724575,2.9683555807176569,0.78585651131722167,-0.17086556235074341
0.14999999999999999,0.66930099179243285,-0.13901170384945283,0.90552487124858561,-0.18807465814925967,-0.70288593713070679,0.92484991727724575,2.941506965241989,0.78741293152050917,-0.16354318099935625
0.14999999999999999,0.67056595663980822,-0.1327756348777934,0.90723629427738739,-0.17963762365819105,-0.62889794374852714,0.92484991727724575,2.9198562738125466,0.78890112545859781,-0.15620662926799223
0.14999999999999999,0.67177281955748502,-0.1265280614142531,0.90886910881306782,-0.17118502426634241,-0.55490995036634749,0.92484991727724575,2.9027698505261696,0.79032096418527642,-0.14885654284029776
0.14999999999999999,0.67292147597548924,-0.12026952478675253,0.91042317337860301,-0.16271759235854752,-0.48092195698416773,0.92484991727724575,2.8895973970156281,0.79167232467704618,-0.14149355857265003
0.14999999999999999,0.67401182636721424,-0.11400056727312603,0.91189835332034852,-0.15423606160481756,-0.40693396360198808,0.92484991727724575,2.8797036421155173,0.79295508984378138,-0.13411831443897179
0.14999999999999999,0.6750437762580429,-0.10772173205413779,0.91329452081970508,-0.14574116689677466,-0.33294597021980843,0.92484991727724575,2.8724932673223673,0.79416914853887399,-0.12673144947545623
0.14999999999999999,0.67601723623353493,-0.10143356316641607,0.91461155490419421,-0.13723364428397467,-0.25895797683762878,0.92484991727724575,2.8674314977866744,0.79531439556886452,-0.11933360372519537
0.14999999999999999,0.67693212194717245,-0.095136605455316964,0.91584934145793917,-0.1287142309101347,-0.18496998345544913,0.92484991727724575,2.8640623799227138,0.79639073170255581,-0.11192541818272583
0.14999999999999999,0.67778835412767036,-0.088831404527712154,0.9170077732315538,-0.12018366494925761,-0.11098199007326948,0.92484991727724575,2.8620255821463059,0.79739806367961208,-0.10450753473848488
0.14999999999999999,0.6785858585858433,-0.082518506704715902,0.9180867498514349,-0.11164268554167445,-0.036993996691089714,0.92484991727724575,2.8610712163742522,0.7983363042186391,-0.097080596123195181
0.14999999999999999,0.67932456622103443,-0.076198458974350347,0.91908617782845814,-0.10309203273000339,0.036993996691089936,0.92484991727724575,2.8610712163747531,0.79920537202474629,-0.089645245852176869
0.14999999999999999,0.68000441302710291,-0.069871808944147393,0.92000597056608036,-0.094532447395022937,0.11098199007326959,0.92484991727724575,2.862025582146281,0.80000519179659169,-0.082202128169585165
0.14999999999999999,0.68062534009796993,-0.063539104793702575,0.92084604836784156,-0.085964671191479949,0.18496998345544924,0.92484991727724575,2.8640623799226121,0.80073569423290569,-0.074751887992591262
0.14999999999999999,0.68118729363272146,-0.057200895227179173,0.92160633844427009,-0.077389446483830643,0.25895797683762889,0.92484991727724575,2.8674314977868298,0.80139681603849577,-0.067295170855504904
0.14999999999999999,0.68169022494027176,-0.050857729425761528,0.92228677491919109,-0.068807516281912645,0.33294597021980854,0.92484991727724575,2.8724932673225281,0.80198849992973142,-0.059832622853837093
0.14999999999999999,0.68213409044358064,-0.044510157000072423,0.92288729883543263,-0.060219624176568565,0.40693396360198819,0.92484991727724575,2.8797036421155031,0.80251069463950664,-0.052364890588320494
0.14999999999999999,0.68251885168343041,-0.03815872794255333,0.9234078581599352,-0.051626514275219207,0.48092195698416784,0.92484991727724575,2.8895973970154571,0.8029633549216828,-0.044892621108886269
0.14999999999999999,0.68284447532175718,-0.031803992579805998,0.92384840778825961,-0.043028931137384582,0.55490995036634749,0.92484991727724575,2.9027698505261696,0.80334644155500845,-0.03741646185859529
0.14999999999999999,0.68311093314454052,-0.025446501524910684,0.92420890954849599,-0.034427619710173274,0.62889794374852714,0.92484991727724575,2.9198562738125466,0.80365992134651831,-0.029937060617541981
0.14999999999999999,0.68331820206424732,-0.019086805629719455,0.92448933220456986,-0.025823325263738085,0.70288593713070679,0.92484991727724575,2.941506965241989,0.80390376713440859,-0.022455065446728768
0.14999999999999999,0.68346626412183253,-0.012725455937123372,0.92468965145894988,-0.017216793326696327,0.77687393051288645,0.92484991727724575,2.9683555807176569,0.80407795779039115,-0.01497112463190985
0.14999999999999999,0.68355510648829532,-0.0063630036333086216,0.92480984995475235,-0.0086087696215351919,0.85086192389506632,0.92484991727724575,3.0009793828233575,0.80418247822152378,-0.0074858866274219067
0.14999999999999999,0.68358472146579041,-1.6742996821782304e-16,0.92484991727724575,-2.2652289817705466e-16,0.92484991727724575,0.92484991727724575,3.0398529945837938,0.80421731937151808,-1.9697643319743885e-16
