J0,epsilon,scaled_imaginary,scaled_magnitude,scaled_real,tau,time
0.99980221851722184,0.0050000000000000001,-0.089224580838220879,1.1683810445743674,1.164969201092859,0.028127656348090207,400
0.99977672467115686,0.0050000000000000001,-0.10958662830231639,1.1372230351285573,1.1319306527010997,0.029885634869845846,425
0.99974968609866777,0.0050000000000000001,-0.12170011832019265,1.105105623353444,1.0983840493963188,0.031643613391601481,450
0.9997211028624261,0.0050000000000000001,-0.12628377164150945,1.0734351225813916,1.0659809432683693,0.03340159191335712,475
0.9996909750286822,0.0050000000000000001,-0.12431641971619072,1.043503863850014,1.0360722666198803,0.035159570435112759,500
0.99965930266726777,0.0050000000000000001,-0.11695237384280358,1.0164324780176726,1.0096816947046627,0.036917548956868398,525
0.99962608585159363,0.0050000000000000001,-0.10543779747337392,0.99311231007014789,0.98749933229183973,0.038675527478624037,550
0.99959132465865019,0.0050000000000000001,-0.091032738318267137,0.97415672996698666,0.96989400198900622,0.040433506000379676,575
0.99955501916900746,0.0050000000000000001,-0.074942677394538568,0.95987144269178726,0.95694136790095519,0.042191484522135315,600
0.99951716946681513,0.0050000000000000001,-0.058262452328495321,0.95025218366627151,0.94846439005963068,0.043949463043890948,625
0.99947777563980111,0.0050000000000000001,-0.04193431076747179,0.94501305599189733,0.94408219429009566,0.045707441565646587,650
0.9994368377792725,0.0050000000000000001,-0.026720742011327299,0.94364174953852842,0.94326335316204191,0.047465420087402226,675
0.99939435598011506,0.0050000000000000001,-0.013191705921134531,0.94547180987826285,0.94537977668732065,0.049223398609157865,700
0.99935033034079246,0.0050000000000000001,-0.0017249967750030653,0.94975942380867184,0.9497578572981149,0.050981377130913504,725
0.99930476096334664,0.0050000000000000001,0.007482204838648642,0.95575342781303463,0.95572413979511794,0.052739355652669143,750
0.99925764795339778,0.0050000000000000001,0.014392999230647343,0.96275111671852565,0.96264352400871367,0.054497334174424782,775
0.99920899142014286,0.0050000000000000001,0.019104290733338698,0.97013690879828562,0.96994878621928771,0.056255312696180414,800
0.99915879147635656,0.0050000000000000001,0.021816815682857951,0.97740447966199906,0.97716096085384163,0.058013291217936053,825
0.99910704823839003,0.0050000000000000001,0.02280414756175914,0.98416503638349573,0.98390080277114766,0.059771269739691692,850
0.99905376182617156,0.0050000000000000001,0.02238282616900808,0.99014513311308316,0.98989211216183215,0.061529248261447331,875
0.99899893236320536,0.0050000000000000001,0.020885329820208215,0.99517730292422768,0.99495812336692901,0.063287226783202963,900
0.99894255997657255,0.0050000000000000001,0.018637127188751549,0.9991862533299487,0.99901242551516389,0.065045205304958609,925
0.9988846447969284,0.0050000000000000001,0.015938553636668875,1.0021727517557353,1.0020460003760474,0.066803183826714241,950
0.99882518695850531,0.0050000000000000001,0.013051794723641957,1.0041967685758011,1.0041119462851604,0.068561162348469887,975
0.99876418659910904,0.0050000000000000001,0.010192857421011052,1.0053610014290602,1.0053093299338458,0.070319140870225519,1000
0.99870164386012117,0.0050000000000000001,0.0075280879585007746,1.005795572028976,1.0057673988576006,0.072077119391981165,1025
0.99863755888649719,0.0050000000000000001,0.0051745647478048549,1.0056444400736824,1.005631127069355,0.073835097913736797,1050
0.9985719318267664,0.0050000000000000001,0.0032035567575290367,1.0050538894352246,1.0050487838373687,0.075593076435492429,1075
0.99850476283303158,0.0050000000000000001,0.0016461855742169,1.0041632863829237,1.0041619370362578,0.077351054957248075,1100
0.99843605206096908,0.0050000000000000001,0.00050045083987539075,1.0030981735000586,1.0030980486613013,0.079109033479003707,1125
0.99836579966982719,0.0050000000000000001,-0.00026114224646808023,1.0019656399138832,1.0019656058831385,0.080867012000759353,1150
0.998294005822428,0.0050000000000000001,-0.00068399582007557305,1.0008517989021919,1.0008515651761114,0.082624990522514985,1175
0.99822067068516362,0.0050000000000000001,-0.00082437383393993717,0.99982111244692928,0.99982077258996627,0.084382969044270631,1200
0.99814579442799889,0.0050000000000000001,-0.00074325142010404043,0.99891723480704564,0.99891695829627458,0.086140947566026263,1225
0.99806937722446964,0.0050000000000000001,-0.00050127084535932004,0.99816500842217415,0.99816488255497082,0.087898926087781895,1250
0.99799141925168167,0.0050000000000000001,-0.00015489023368868191,0.99757323721157598,0.9975732251869025,0.089656904609537541,1275
0.99791192069031187,0.0050000000000000001,0.00024629207459049492,0.99713788267614678,0.99713785225919649,0.091414883131293173,1300
0.99783088172460566,0.0050000000000000001,0.00066113275489777421,0.99684537185169264,0.99684515261178841,0.093172861653048819,1325
0.99774830254237845,0.0050000000000000001,0.0010576062629560222,0.99667576555552584,0.99667520442453383,0.094930840174804451,1350
0.99766418333501417,0.0050000000000000001,0.0014127123763422872,0.99660560219995498,0.99660460092259084,0.096688818696560097,1375
0.9975785242974653,0.0050000000000000001,0.0017118150911610331,0.99661029902583154,0.99660882888596325,0.098446797218315729,1400
0.99749132562825149,0.0050000000000000001,0.0019475930580364698,0.99666605287764698,0.9966641499722908,0.10020477574007136,1425
0.99740258752945932,0.0050000000000000001,0.0021187640842867559,0.99675123265239807,0.99674898075334395,0.10196275426182701,1450
0.9973123102067436,0.0050000000000000001,0.0022287215393770872,0.99684729347294954,0.99684480201516046,0.10372073278358264,1475
0.99722049386932343,0.0050000000000000001,0.0022841924613631825,0.99693926839688018,0.99693665161659406,0.10547871130533829,1500
0.99712713872998526,0.0050000000000000001,0.0022939987291212224,0.99701590826323916,0.99701326916937394,0.10723668982709392,1525
0.9970322450050787,0.0050000000000000001,0.0022679760093740585,0.99706954601307596,0.99706696659328875,0.10899466834884956,1550
0.99693581291451994,0.0050000000000000001,0.0022160817278858392,0.99709576067045158,0.99709329800614033,0.1107526468706052,1575
0.99683784268178732,0.0050000000000000001,0.0021477038154101638,0.99709291024664015,0.99709059720390281,0.11251062539236083,1600
0.99673833453392391,0.0050000000000000001,0.0020711666830369275,0.99706159396834337,0.99705944277924829,0.11426860391411647,1625
0.9966372887015349,0.0050000000000000001,0.0019934196492078066,0.99700409390456068,0.99700210107128484,0.11602658243587211,1650
0.99653470541878753,0.0050000000000000001,0.0019198854843012394,0.99692383537406626,0.99692198670541188,0.11778456095762775,1675
0.9964305849234113,0.0050000000000000001,0.0018544423350424267,0.9968248952155796,0.99682317025898681,0.11954253947938338,1700
0.9963249274566961,0.0050000000000000001,0.0017995104677198369,0.99671157757817741,0.99670995311597843,0.12130051800113903,1725
0.99621773326349228,0.0050000000000000001,0.0017562154651542738,0.99658806861321969,0.99658652118592661,0.12305849652289466,1750
0.99610900259221025,0.0050000000000000001,0.0017246012141516553,0.99645817444559437,0.99645668203394511,0.12481647504465029,1775
0.99599873569481945,0.0050000000000000001,0.0017038687803263778,0.99632514109747616,0.99632368415795736,0.12657445356640593,1800
0.99588693282684693,0.0050000000000000001,0.0016926207087417887,0.99619155059561371,0.99619011263575064,0.12833243208816159,1825
0.99577359424737943,0.0050000000000000001,0.0016890941021607128,0.99605928423956058,0.99605785207533992,0.13009041060991722,1850
0.9956587202190581,0.0050000000000000001,0.0016913697640076413,0.99592954184625559,0.99592810563334033,0.13184838913167285,1875
0.99554231100808344,0.0050000000000000001,0.0016975485517240346,0.995802904605123,0.99580145769571671,0.13360636765342848,1900
0.99542436688420921,0.0050000000000000001,0.0017058897123435612,0.99567942885678373,0.99567796751201665,0.13536434617518414,1925
0.9953048881207458,0.0050000000000000001,0.0017149092461695489,0.9955587585204464,0.99555728150270195,0.13712232469693977,1950
0.9951838749945574,0.0050000000000000001,0.0017234391774817971,0.99544024490837846,0.99543875298315265,0.13888030321869541,1975
0.99506132778606193,0.0050000000000000001,0.0017306509410636955,0.99532306414651472,0.9953215595320577,0.14063828174045104,2000
0.99493724677923034,0.0050000000000000001,0.0017360478819275469,0.99520632423416244,0.99520481004335204,0.14239626026220667,2025
0.99481163226158542,0.0050000000000000001,0.0017394330970189808,0.99508915579117763,0.99508763551041046,0.14415423878396233,2050
0.99468448452420155,0.0050000000000000001,0.0017408595272935278,0.99497078263104488,0.99496925967465955,0.14591221730571796,2075
0.99455580386170461,0.0050000000000000001,0.0017405693622860492,0.99485057034363167,0.99484904771093008,0.14767019582747359,2100
0.99442559057226876,0.0050000000000000001,0.0017389294932570792,0.99472805296302091,0.99472653301086733,0.14942817434922923,2125
0.9942938449576193,0.0050000000000000001,0.0017363690107088368,0.9946029394384045,0.99460142376842242,0.15118615287098486,2150
0.99416056732302793,0.0050000000000000001,0.0017333236708633141,0.99447510294147401,0.9944735923892134,0.15294413139274052,2175
0.99402575797731585,0.0050000000000000001,0.0017301909520958537,0.99434455697525015,0.99434305168064396,0.15470210991449615,2200
0.99388941723284974,0.0050000000000000001,0.0017272978956498267,0.99421142276496988,0.9942099222992723,0.15646008843625178,2225
0.99375154540554278,0.0050000000000000001,0.0017248824893199427,0.99407589250768924,0.99407439603148273,0.15821806695800741,2250
0.99361214281485355,0.0050000000000000001,0.0017230880196827175,0.99393819275945228,0.99393669918843552,0.15997604547976307,2275
0.99347120978378434,0.0050000000000000001,0.0017219686882153102,0.99379855160198172,0.99379705976121369,0.16173402400151871,2300
0.99332874663888182,0.0050000000000000001,0.0017215039401331966,0.99365717233540873,0.99365568108766134,0.16349200252327434,2325
0.99318475371023485,0.0050000000000000001,0.0017216184456807539,0.99351421538958007,0.99351272372884103,0.16524998104502997,2350
0.99303923133147409,0.0050000000000000001,0.001722204523166612,0.99336978904485229,0.99336829615132904,0.1670079595667856,2375
0.99289217983977174,0.0050000000000000001,0.0017231439875287945,0.99322394851517404,0.99322245377300622,0.16876593808854126,2400
0.99274359957583957,0.0050000000000000001,0.0017243269003777446,0.99307670207186749,0.99307520505482239,0.17052391661029689,2425
0.9925934908839289,0.0050000000000000001,0.001725665411402105,0.99292802225467558,0.99292652268809367,0.17228189513205253,2450
0.99244185411182906,0.0050000000000000001,0.0017271017209382054,0.99277785987639056,0.99277635758532823,0.17403987365380816,2475
0.99228868961086691,0.0050000000000000001,0.0017286100545525946,0.9926261584930347,0.99262465334683192,0.17579785217556379,2500
0.99213399773590683,0.0050000000000000001,0.001730193321146816,0.99247286726179318,0.99247135912424,0.17755583069731945,2525
0.99197777884534766,0.0050000000000000001,0.0017318757399414958,0.99231795059029659,0.99231643928242352,0.17931380921907508,2550
0.99182003330112312,0.0050000000000000001,0.0017336931073779981,0.99216139361536704,0.99215987889502799,0.18107178774083071,2575
0.99166076146870119,0.0050000000000000001,0.0017356825028362604,0.99200320324478608,0.99200168480409634,0.18282976626258635,2600
0.99149996371708282,0.0050000000000000001,0.0017378731066081913,0.99184340515783531,0.99184188263662021,0.18458774478434201,2625
0.99133764041880024,0.0050000000000000001,0.0017402794615149261,0.99168203770520269,0.99168051071629859,0.18634572330609764,2650
0.99117379194991673,0.0050000000000000001,0.001742898013502353,0.99151914401279306,0.99151761217356926,0.18810370182785327,2675
0.99100841869002632,0.0050000000000000001,0.0017457071957494071,0.9913547637414416,0.99135322670541415,0.1898616803496089,2700
0.9908415210222512,0.0050000000000000001,0.0017486707594844368,0.9911889258812534,0.99118738336411838,0.19161965887136453,2725
0.99067309933324166,0.0050000000000000001,0.0017517435807224253,0.99102164369145285,0.9910200954871381,0.19337763739312019,2750
0.99050315401317557,0.0050000000000000001,0.0017548788464082667,0.99085291248567819,0.99085135846986916,0.19513561591487583,2775
0.99033168545575578,0.0050000000000000001,0.0017580353826045765,0.99068271047687628,0.99068115059760975,0.19689359443663146,2800
0.99015869405821189,0.0050000000000000001,0.0017611839397102488,0.99051100241027679,0.99050943666728486,0.19865157295838709,2825
0.98998418022129564,0.0050000000000000001,0.0017643114756399226,0.99033774529769636,0.99033617371392724,0.20040955148014272,2850
0.98980814434928233,0.0050000000000000001,0.0017674228341061488,0.99016289527808898,0.99016131786795891,0.20216753000189838,2875
0.98963058684996963,0.0050000000000000001,0.0017705396419429721,0.989986414502673,0.98998483124199166,0.20392550852365401,2900
0.98945150813467586,0.0050000000000000001,0.0017736966802418988,0.98980827698771134,0.98980668778982717,0.20568348704540965,2925
0.98927090861823874,0.0050000000000000001,0.001776936355327788,0.98962847257834863,0.98962687727998999,0.20744146556716528,2950
0.98908878871901496,0.0050000000000000001,0.0017803021557859153,0.98944700848515288,0.9894454068438806,0.20919944408892094,2975
0.98890514885887915,0.0050000000000000001,0.0017838320982004224,0.98926390823834853,0.98926229994175818,0.21095742261067657,3000
0.98871998946322204,0.0050000000000000001,0.0017875531270103693,0.98907920829354934,0.98907759297863596,0.2127154011324322,3025
0.98853331096094987,0.0050000000000000001,0.0017914772559768084,0.98889295285969525,0.98889133013936814,0.21447337965418783,3050
0.98834511378448364,0.0050000000000000001,0.0017955999530454311,0.98870518775799565,0.98870355725079817,0.21623135817594347,3075
0.98815539836975741,0.0050000000000000001,0.0017999009239546286,0.98851595422984084,0.98851431558859926,0.21798933669769913,3100
0.98796416515621732,0.0050000000000000001,0.0018043470962560665,0.988325283582146,0.98832363651755573,0.21974731521945476,3125
0.98777141458682061,0.0050000000000000001,0.0018088972964540146,0.9881331934013623,0.98813153769735795,0.22150529374121039,3150
0.98757714710803368,0.0050000000000000001,0.0018135078914403248,0.98793968581144997,0.98793802133046482,0.22326327226296602,3175
0.98738136316983305,0.0050000000000000001,0.0018181385592582475,0.98774474793846312,0.98774307461616639,0.22502125078472165,3200
0.98718406322570129,0.0050000000000000001,0.0018227573730985318,0.98754835442304534,0.98754667225363246,0.22677922930647731,3225
0.9869852477326283,0.0050000000000000001,0.0018273445173848707,0.98735047153895472,0.98734878055336206,0.22853720782823295,3250
0.98678491715110905,0.0050000000000000001,0.0018318941804895325,0.98715106226967231,0.98714936250997687,0.23029518634998858,3275
0.98658307194514239,0.0050000000000000001,0.0018364144478801648,0.98695009159174241,0.98694838308541966,0.23205316487174421,3300
0.98637971258222967,0.0050000000000000001,0.0018409253094570251,0.98674753122234793,0.98674581395990923,0.23381114339349987,3325
0.98617483953337459,0.0050000000000000001,0.0018454551533318517,0.98654336320230462,0.98654163712120702,0.2355691219152555,3350
0.98596845327308091,0.0050000000000000001,0.0018500363101101825,0.98633758188226051,0.98633584685896736,0.23732710043701113,3375
0.98576055427935094,0.0050000000000000001,0.0018547003131602017,0.98613019412665048,0.98612844997749349,0.23908507895876677,3400
0.98555114303368607,0.0050000000000000001,0.001859473542110009,0.98592121780881292,0.98591946429906696,0.2408430574805224,3425
0.98534022002108368,0.0050000000000000001,0.0018643738244727181,0.98571067890407427,0.98570891576356034,0.24260103600227806,3450
0.98512778573003701,0.0050000000000000001,0.0018694084025973098,0.98549860766383313,0.98549683460657433,0.24435901452403369,3475
0.98491384065253307,0.0050000000000000001,0.0018745734585777541,0.98528503445118742,0.9852832511962365,0.24611699304578932,3500
0.9846983852840524,0.0050000000000000001,0.0018798551616665436,0.98506998582851446,0.98506819211908414,0.24787497156754495,3525
0.98448142012356643,0.0050000000000000001,0.0018852319944330635,0.98485348141382656,0.9848516770322634,0.24963295008930059,3550
0.98426294567353767,0.0050000000000000001,0.0018906779536021355,0.9846355318816179,0.9846337166584701,0.25139092861105622,3575
0.98404296243991751,0.0050000000000000001,0.0018961661287441841,0.98441613829979124,0.98441431211613639,0.25314890713281185,3600
0.98382147093214478,0.0050000000000000001,0.0019016721452825517,0.98419529279620466,0.98419345557936866,0.25490688565456754,3625
0.98359847166314573,0.0050000000000000001,0.0019071770146534459,0.98397298036546832,0.98397113207915654,0.25666486417632317,3650
0.98337396514933029,0.0050000000000000001,0.0019126690506674866,0.98374918148368284,0.98374732211422988,0.2584228426980788,3675
0.98314795191059356,0.0050000000000000001,0.0019181446662621892,0.98352387511326755,0.98352200465411932,0.26018082121983443,3700
0.98292043247031258,0.0050000000000000001,0.0019236080339422761,0.98329704165958676,0.98329516009620777,0.26193879974159007,3725
0.98269140735534577,0.0050000000000000001,0.0019290697511556119,0.98306866548374527,0.98306677278091681,0.2636967782633457,3750
0.98246087709603047,0.0050000000000000001,0.0019345447770649352,0.98283873667055044,0.98283683276354128,0.26545475678510133,3775
0.98222884222618367,0.0050000000000000001,0.0019400499844183234,0.98260725187955267,0.98260533666999017,0.26721273530685696,3800
0.98199530328309903,0.0050000000000000001,0.0019456016924919905,0.98237421424903482,0.98237228760560147,0.2689707138286126,3825
0.98176026080754508,0.0050000000000000001,0.001951213515811754,0.98213963245641356,0.982137694219825,0.27072869235036828,3850
0.98152371534376537,0.0050000000000000001,0.0019568947877436215,0.98190351914525853,0.98190156913645521,0.27248667087212392,3875
0.98128566743947676,0.0050000000000000001,0.001962649712873086,0.98166588899614771,0.98166392702630245,0.27424464939387955,3900
0.98104611764586647,0.0050000000000000001,0.0019684772852896879,0.98142675673973678,0.98142478262058153,0.27600262791563518,3925
0.98080506651759203,0.0050000000000000001,0.0019743718994298031,0.98118613538701738,0.98118414894010242,0.27776060643739081,3950
0.98056251461278088,0.0050000000000000001,0.0019803244915106875,0.98094403489143822,0.9809420359552361,0.27951858495914644,3975
0.98031846249302546,0.0050000000000000001,0.0019863239936058976,0.98070046137278977,0.98069844980697041,0.28127656348090208,4000
0.98007291072338565,0.0050000000000000001,0.0019923588640052398,0.98045541693850935,0.98045339262517894,0.28303454200265771,4025
0.97982585987238469,0.0050000000000000001,0.0019984184755392708,0.98020890004923289,0.98020686289136116,0.28479252052441334,4050
0.97957731051200947,0.0050000000000000001,0.0020044941914456539,0.97996090630468891,0.97995885622231305,0.28655049904616897,4075
0.97932726321770769,0.0050000000000000001,0.0020105800256839173,0.97971142948213352,0.97970936640714301,0.28830847756792466,4100
0.97907571856838627,0.0050000000000000001,0.0020166728589821282,0.97946046264608422,0.97945838651647743,0.29006645608968029,4125
0.97882267714641191,0.0050000000000000001,0.0020227722510847827,0.97920799916379297,0.97920590991822509,0.29182443461143592,4150
0.97856813953760702,0.0050000000000000001,0.0020288799435002483,0.97895403349986376,0.9789519310731386,0.29358241313319156,4175
0.97831210633124999,0.0050000000000000001,0.0020349991788582455,0.97869856171677583,0.97869644603667982,0.29534039165494719,4200
0.9780545781200729,0.0050000000000000001,0.0020411339703010727,0.97844158166556772,0.97843945265117604,0.29709837017670282,4225
0.97779555550025998,0.0050000000000000001,0.0020472884389322989,0.97818309290264349,0.97818095046398734,0.29885634869845845,4250
0.97753503907144668,0.0050000000000000001,0.0020534663045798218,0.97792309640672881,0.97792094044552513,0.30061432722021408,4275
0.97727302943671701,0.0050000000000000001,0.0020596705726859061,0.97766159418960141,0.97765942460065547,0.30237230574196972,4300
0.97700952720260348,0.0050000000000000001,0.0020659034165840771,0.97739858889418851,0.97739640556706775,0.3041302842637254,4325
0.9767445329790837,0.0050000000000000001,0.0020721662176762172,0.97713408345631869,0.97713188627696845,0.30588826278548104,4350
0.9764780473795811,0.0050000000000000001,0.0020784597020490096,0.97686808087699073,0.97686586972908518,0.30764624130723667,4375
0.97621007102096113,0.0050000000000000001,0.0020847841039536926,0.97660058411739026,0.97659835888335766,0.3094042198289923,4400
0.97594060452353126,0.0050000000000000001,0.0020911392943479177,0.97633159609625586,0.9763293566580461,0.31116219835074793,4425
0.97566964851103788,0.0050000000000000001,0.0020975248332892656,0.97606111974493681,0.97605886598468716,0.31292017687250356,4450
0.97539720361066662,0.0050000000000000001,0.0021039399332598114,0.97578915806383282,0.97578688986462658,0.3146781553942592,4475
0.97512327045303915,0.0050000000000000001,0.002110383350059219,0.97551571412658145,0.9755134313734537,0.31643613391601483,4500
0.97484784967221183,0.0050000000000000001,0.0021168532425052174,0.97524079099406569,0.97523849357533099,0.31819411243777046,4525
0.97457094190567495,0.0050000000000000001,0.0021233470566614206,0.97496439152545755,0.97496207933431067,0.31995209095952615,4550
0.97429254779435026,0.0050000000000000001,0.002129861491753527,0.97468651810260232,0.97468419103882076,0.32171006948128178,4575
0.97401266798258923,0.0050000000000000001,0.002136392592896167,0.97440717231099871,0.97440483028246805,0.32346804800303741,4600
0.97373130311817213,0.0050000000000000001,0.002142935992408058,0.974126354639818,0.97412399756355106,0.32522602652479304,4625
0.97344845385230538,0.0050000000000000001,0.0021494872913141276,0.9738440642705759,0.97384169207290461,0.32698400504654868,4650
0.97316412083962145,0.0050000000000000001,0.0021560425412323211,0.9735602990173241,0.97355791163302763,0.32874198356830431,4675
0.97287830473817516,0.0050000000000000001,0.0021625987603722811,0.97327505546115733,0.97327265283142561,0.33049996209005994,4700
0.97259100620944361,0.0050000000000000001,0.0021691544011058477,0.97298832929145329,0.97298591136077484,0.33225794061181557,4725
0.97230222591832327,0.0050000000000000001,0.0021757096841097598,0.97270011583072657,0.97269768254297773,0.3340159191335712,4750
0.97201196453312899,0.0050000000000000001,0.0021822667266884073,0.97241041068530132,0.97240796197948209,0.33577389765532684,4775
0.97172022272559266,0.0050000000000000001,0.002188829419258053,0.97211921043640293,0.97211674624258426,0.33753187617708252,4800
0.97142700117086078,0.0050000000000000001,0.0021954030402727667,0.97182651327093239,0.97182403350700708,0.33928985469883816,4825
0.97113230054749233,0.0050000000000000001,0.0022019936406274371,0.97153231945135876,0.97152982402113819,0.34104783322059379,4850
0.97083612153745824,0.0050000000000000001,0.0022086072671420993,0.97123663154067141,0.97123412033371714,0.34280581174234942,4875
0.97053846482613881,0.0050000000000000001,0.0022152491248401225,0.97093945432932705,0.97093692722269365,0.34456379026410505,4900
0.97023933110232197,0.0050000000000000001,0.0022219227940404977,0.97064079445232598,0.97063825131412362,0.34632176878586068,4925
0.96993872105820178,0.0050000000000000001,0.0022286296176687939,0.97034065972991135,0.97033810042433499,0.34807974730761632,4950
0.9696366353893765,0.0050000000000000001,0.0022353683559764928,0.9700390583080708,0.97003648270130627,0.34983772582937195,4975
0.96933307479484698,0.0050000000000000001,0.0022421351721653745,0.96973599770826624,0.96973340567452671,0.35159570435112758,5000
0.9690280399770147,0.0050000000000000001,0.0022489239678009951,0.96943148391433587,0.96942887534121769,0.35335368287288327,5025
0.96872153164167929,0.0050000000000000001,0.0022557270376871775,0.9691255206249092,0.96912289541731123,0.3551116613946389,5050
0.96841355049803857,0.0050000000000000001,0.0022625359672611258,0.96881810878140373,0.96881546686341291,0.35686963991639453,5075
0.96810409725868518,0.0050000000000000001,0.0022693426585304751,0.96850924644684511,0.96850658776124687,0.35862761843815016,5100
0.9677931726396044,0.0050000000000000001,0.0022761403487357229,0.96819892906408256,0.96819625356946581,0.3603855969599058,5125
0.9674807773601739,0.0050000000000000001,0.002282924482882173,0.96788715006991155,0.96788445773566445,0.36214357548166143,5150
0.96716691214316053,0.0050000000000000001,0.0022896933178267118,0.96757390179163427,0.96757119259142765,0.36390155400341706,5175
0.96685157771471919,0.0050000000000000001,0.00229644816972402,0.96725917651184246,0.9672564504164195,0.36565953252517269,5200
0.96653477480439076,0.0050000000000000001,0.0023031932638268829,0.96694296756166331,0.96694022453187123,0.36741751104692832,5225
0.96621650414509985,0.0050000000000000001,0.0023099351992720034,0.96662527029626555,0.96662251027725588,0.36917548956868401,5250
0.96589676647315348,0.0050000000000000001,0.002316682094207107,0.96630608282011232,0.96630330573750189,0.37093346809043964,5275
0.96557556252823928,0.0050000000000000001,0.0023234425209265018,0.96598540636169206,0.96598261212022607,0.37269144661219528,5300
0.96525289305342243,0.0050000000000000001,0.0023302243703492583,0.96566324524375668,0.96566043372869304,0.37444942513395091,5325
0.96492875879514539,0.0050000000000000001,0.0023370337960029377,0.96533960644924988,0.96533677753032343,0.37620740365570654,5350
0.96460316050322492,0.0050000000000000001,0.0023438743780138755,0.96501449883749102,0.96501165237497222,0.37796538217746217,5375
0.9642760989308502,0.0050000000000000001,0.0023507466188028192,0.96468793211243153,0.96468506796451114,0.3797233606992178,5400
0.96394757483458116,0.0050000000000000001,0.0023576478381301547,0.96435991567830037,0.96435703370884873,0.38148133922097344,5425
0.96361758897434702,0.0050000000000000001,0.0023645724819001215,0.96403045753317063,0.96402755761886405,0.38323931774272907,5450
0.96328614211344277,0.0050000000000000001,0.0023715128040124396,0.96369956334587914,0.96369664538176047,0.3849972962644847,5475
0.96295323501852903,0.0050000000000000001,0.0023784598310543103,0.9633672358370291,0.96336429973977677,0.38675527478624039,5500
0.96261886845962885,0.0050000000000000001,0.0023854044824605882,0.96303347454404231,0.96303052025251301,0.38851325330799602,5525
0.96228304321012659,0.0050000000000000001,0.0023923386988825668,0.96269827599896252,0.96269530347193688,0.39027123182975165,5550
0.9619457600467648,0.0050000000000000001,0.0023992564314303383,0.96236163429299293,0.96235864350441436,0.39202921035150728,5575
0.96160701974964335,0.0050000000000000001,0.0024061543640516939,0.96202354195099804,0.96202053288332678,0.39378718887326292,5600
0.96126682310221723,0.0050000000000000001,0.0024130322776674826,0.96168399099917568,0.96168096363572131,0.39554516739501855,5625
0.96092517089129359,0.0050000000000000001,0.0024198930127802194,0.96134297408504188,0.96133992840226923,0.39730314591677418,5650
0.96058206390703116,0.0050000000000000001,0.002426742040450576,0.96100048550382944,0.96099742146462863,0.39906112443852981,5675
0.96023750294293686,0.0050000000000000001,0.0024335867026705404,0.96065652199966489,0.96065343954844262,0.40081910296028544,5700
0.95989148879586483,0.0050000000000000001,0.0024404352254059967,0.96031108324138714,0.96030798230159309,0.40257708148204113,5725
0.95954402226601321,0.0050000000000000001,0.0024472956355257687,0.95996417191694916,0.95996105239132812,0.40433506000379676,5750
0.95919510415692399,0.0050000000000000001,0.0024541747229883024,0.95961579344106973,0.95961265521457284,0.4060930385255524,5775
0.95884473527547864,0.0050000000000000001,0.0024610771810590739,0.95926595532118297,0.95926279826613248,0.40785101704730803,5800
0.95849291643189738,0.0050000000000000001,0.0024680050314863011,0.95891466627019539,0.95891149025300804,0.40960899556906366,5825
0.95813964843973731,0.0050000000000000001,0.0024749574022982393,0.95856193518548483,0.95855874007407527,0.41136697409081929,5850
0.95778493211588944,0.0050000000000000001,0.0024819306786704348,0.95820777012815106,0.95820455579905783,0.41312495261257492,5875
0.95742876828057688,0.0050000000000000001,0.0024889189985769981,0.95785217743327455,0.95784894377761043,0.41488293113433056,5900
0.95707115775735341,0.0050000000000000001,0.0024959150211284289,0.95749516106172461,0.9574919079892138,0.41664090965608619,5925
0.95671210137310037,0.0050000000000000001,0.0025029108622341713,0.95713672226998092,0.95713344971061287,0.41839888817784188,5950
0.95635159995802488,0.0050000000000000001,0.0025098990735837245,0.95677685963136316,0.9567735675344996,0.42015686669959751,5975
0.95598965434565819,0.0050000000000000001,0.0025168735389226515,0.95641556939590622,0.95641225772701421,0.42191484522135314,6000
0.95562626537285311,0.0050000000000000001,0.0025238301759906976,0.9560528461329878,0.95604951486846612,0.42367282374310877,6025
0.95526143387978157,0.0050000000000000001,0.0025307673608779371,0.95568868356626702,0.9556853326870669,0.4254308022648644,6050
0.95489516070993274,0.0050000000000000001,0.0025376860297909648,0.95532307548875384,0.95531970497363117,0.42718878078662004,6075
0.95452744671011147,0.0050000000000000001,0.0025445894560164914,0.9549560166392953,0.95495262645855383,0.42894675930837567,6100
0.95415829273043529,0.0050000000000000001,0.0025514827414511872,0.95458750343077514,0.95458409354127638,0.4307047378301313,6125
0.95378769962433152,0.0050000000000000001,0.0025583720971202968,0.95421753444314494,0.95421410478517199,0.43246271635188693,6150
0.95341566824853774,0.0050000000000000001,0.002565264011291373,0.95384611062757718,0.95384266112389227,0.43422069487364257,6175
0.95304219946309643,0.0050000000000000001,0.0025721644143899421,0.95347323520683969,0.95346976576398212,0.43597867339539825,6200
0.95266729413135531,0.0050000000000000001,0.002579077946082487,0.95309891329623242,0.95309542380781964,0.43773665191715389,6225
0.95229095311996326,0.0050000000000000001,0.0025860074127134051,0.95272315130394225,0.95271964165549561,0.43949463043890952,6250
0.95191317729886882,0.0050000000000000001,0.002592953495485609,0.95234595619525897,0.95234242626989607,0.44125260896066515,6275
0.95153396754131847,0.0050000000000000001,0.0025999147354473684,0.95196733471878481,0.95196378440303886,0.44301058748242078,6300
0.95115332472385328,0.0050000000000000001,0.0026068877851712327,0.95158729269331488,0.9515837218823513,0.44476856600417641,6325
0.95077124972630811,0.0050000000000000001,0.0026138678837330951,0.95120583444199747,0.95120224304360379,0.44652654452593205,6350
0.9503877434318081,0.0050000000000000001,0.0026208494853854143,0.95082296243781939,0.95081935037472065,0.44828452304768768,6375
0.95000280672676629,0.0050000000000000001,0.0026278269562014754,0.95043867719478903,0.95043504440507076,0.45004250156944331,6400
0.94961644050088212,0.0050000000000000001,0.0026347952485316416,0.95005297740657857,0.95004932384224317,0.451800480091199,6425
0.94922864564713971,0.0050000000000000001,0.0026417504703562722,0.94966586030315603,0.94966218592707252,0.45355845861295463,6450
0.94883942306180358,0.0050000000000000001,0.0026486902840435356,0.94927732217003247,0.94927362695172701,0.45531643713471026,6475
0.94844877364441782,0.0050000000000000001,0.0026556140938179861,0.9488873589572151,0.94888364286807236,0.45707441565646589,6500
0.94805669829780437,0.0050000000000000001,0.0026625230099211186,0.94849596689759141,0.94849222990608539,0.45883239417822153,6525
0.94766319792805831,0.0050000000000000001,0.0026694196060444895,0.94810314305765941,0.94809938512519842,0.46059037269997716,6550
0.94726827344454767,0.0050000000000000001,0.002676307511542117,0.9477088857563104,0.94770510683417275,0.46234835122173279,6575
0.94687192575991108,0.0050000000000000001,0.0026831908981892298,0.9473131948075163,0.94730939483519694,0.46410632974348842,6600
0.94647415579005345,0.0050000000000000001,0.0026900739308805765,0.94691607156733026,0.94691225047242455,0.46586430826524405,6625
0.94607496445414596,0.0050000000000000001,0.0026969602519872357,0.94651751879115964,0.94651367649071627,0.46762228678699974,6650
0.9456743526746223,0.0050000000000000001,0.0027038525605958446,0.946117540330499,0.94611367673359625,0.46938026530875537,6675
0.94527232137717654,0.0050000000000000001,0.0027107523322055359,0.94571614071639198,0.9457122557275548,0.47113824383051101,6700
0.94486887149076082,0.0050000000000000001,0.0027176597040859123,0.9453133246878771,0.94530941821087366,0.47289622235226664,6725
0.94446400394758379,0.0050000000000000001,0.0027245735293213928,0.94490909672659762,0.94490516866813556,0.47465420087402227,6750
0.94405771968310648,0.0050000000000000001,0.0027314915815150865,0.94450346065384061,0.94449951092672424,0.4764121793957779,6775
0.943650019636041,0.0050000000000000001,0.0027384108747918207,0.94409641933461552,0.94409244786001911,0.47817015791753353,6800
0.94324090474834865,0.0050000000000000001,0.0027453280520867056,0.94368797451699893,0.94368398122564445,0.47992813643928917,6825
0.942830375965236,0.0050000000000000001,0.0027522397897750519,0.94327812681627243,0.94327411164844088,0.4816861149610448,6850
0.9424184342351537,0.0050000000000000001,0.0027591431686192144,0.94286687583487827,0.94286283873933574,0.48344409348280043,6875
0.94200508050979359,0.0050000000000000001,0.0027660359690356694,0.9424542203932933,0.9424501613253341,0.48520207200455612,6900
0.94159031574408669,0.0050000000000000001,0.002772916861276726,0.94204015883535408,0.94203607775425435,0.48696005052631175,6925
0.94117414089619911,0.0050000000000000001,0.0027797854763684112,0.94162468936548571,0.94162058623171185,0.48871802904806738,6950
0.94075655692753246,0.0050000000000000001,0.0027866423593331273,0.94120781037501178,0.94120368514752706,0.49047600756982301,6975
0.94033756480271835,0.0050000000000000001,0.002793488820389304,0.94078952071977451,0.94078537335374934,0.49223398609157865,7000
0.93991716548961812,0.0050000000000000001,0.0028003267107429056,0.94036981992059088,0.94036565036574871,0.49399196461333428,7025
0.9394953599593191,0.0050000000000000001,0.00280715815622984,0.93994870827000154,0.93994451646973842,0.49574994313508991,7050
0.93907214918613302,0.0050000000000000001,0.0028139852839447399,0.93952618684164424,0.93952197273295424,0.49750792165684554,7075
0.9386475341475925,0.0050000000000000001,0.0028208099743656846,0.9391022574106086,0.93909802092475381,0.49926590017860117,7100
0.93822151582444924,0.0050000000000000001,0.0028276336651076642,0.93867692230290456,0.93867266336668664,0.50102387870035681,7125
0.93779409520067125,0.0050000000000000001,0.0028344572235347045,0.93825018419869299,0.93824590273612662,0.50278185722211244,7150
0.9373652732634411,0.0050000000000000001,0.0028412808954007161,0.93782204591669305,0.93781774185085953,0.50453983574386807,7175
0.93693505100315133,0.0050000000000000001,0.0028481043269211162,0.93739251020626446,0.93738818346112329,0.5062978142656237,7200
0.93650342941340425,0.0050000000000000001,0.0028549266493852385,0.93696157956961912,0.93695723007158782,0.50805579278737933,7225
0.93607040949100895,0.0050000000000000001,0.0028617466094666352,0.93652925613032845,0.93652488380948518,0.50981377130913508,7250
0.93563599223597593,0.0050000000000000001,0.0028685627253073839,0.9360955415568557,0.93609114634768009,0.51157174983089071,7275
0.93520017865151917,0.0050000000000000001,0.0028753734481663366,0.9356604370423367,0.93565601888396466,0.51332972835264634,7300
0.93476296974405015,0.0050000000000000001,0.0028821773116744437,0.93522394333529613,0.93521950217131655,0.51508770687440197,7325
0.93432436652317596,0.0050000000000000001,0.002888973054796531,0.93478606081102822,0.93478159658889737,0.51684568539615761,7350
0.93388437000169755,0.0050000000000000001,0.0028957597097049271,0.93434678957050221,0.93434230224067671,0.51860366391791324,7375
0.93344298119560654,0.0050000000000000001,0.0029025366510516443,0.93390612955282248,0.93390161906772728,0.52036164243966887,7400
0.93300020112408222,0.0050000000000000001,0.0029093036078814707,0.93346408064828434,0.93345954696122957,0.5221196209614245,7425
0.93255603080948979,0.0050000000000000001,0.0029160606430779041,0.93302064280145136,0.93301608586559703,0.52387759948318013,7450
0.93211047127737734,0.0050000000000000001,0.0029228081075439029,0.9325758160967782,0.93257123586423052,0.52563557800493577,7475
0.93166352355647264,0.0050000000000000001,0.00292954657722206,0.93212960082262908,0.93212499724372033,0.5273935565266914,7500
0.9312151886786818,0.0050000000000000001,0.0029362767807557546,0.93168199751244629,0.93167737053523458,0.52915153504844703,7525
0.93076546767908508,0.0050000000000000001,0.0029429995244625437,0.93123300696407518,0.93122835653407399,0.53090951357020266,7550
0.93031436159593572,0.0050000000000000001,0.0029497156197463149,0.93078263023961727,0.9307779562997518,0.53266749209195829,7575
0.92986187147065624,0.0050000000000000001,0.0029564258164875602,0.93033086864873327,0.93032617113950855,0.53442547061371393,7600
0.92940799834783616,0.0050000000000000001,0.0029631307447334017,0.92987772371825383,0.92987300257811067,0.53618344913546956,7625
0.92895274327522848,0.0050000000000000001,0.0029698308662245792,0.92942319715054211,0.92941845231637255,0.53794142765722519,7650
0.92849610730374921,0.0050000000000000001,0.0029765264370465953,0.92896729077264328,0.92896252218043451,0.53969940617898082,7675
0.92803809148747196,0.0050000000000000001,0.0029832174828073339,0.92851000647807358,0.92850521406363817,0.54145738470073657,7700
0.92757869688362704,0.0050000000000000001,0.0029899037879984438,0.92805134616334184,0.92804652986309344,0.5432153632224922,7725
0.92711792455259801,0.0050000000000000001,0.0029965849012987588,0.92759131166194853,0.92758647141367023,0.54497334174424783,7750
0.92665577555791911,0.0050000000000000001,0.0030032601583146246,0.92712990467955447,0.92712504042310351,0.54673132026600346,7775
0.92619225096627289,0.0050000000000000001,0.0030099287223835682,0.9266671267350246,0.92666223841291395,0.54848929878775909,7800
0.92572735184748622,0.0050000000000000001,0.0030165896426533122,0.9262029791128189,0.92619806667061699,0.55024727730951473,7825
0.9252610792745295,0.0050000000000000001,0.0030232419267027396,0.92573746283239544,0.92573252621889301,0.55200525583127036,7850
0.92479343432351235,0.0050000000000000001,0.0030298846228279026,0.92527057863972906,0.92526561780683914,0.55376323435302599,7875
0.92432441807368104,0.0050000000000000001,0.00303651690507798,0.92480232702455467,0.92479734192693097,0.55552121287478162,7900
0.92385403160741675,0.0050000000000000001,0.003043138152606414,0.92433270826460379,0.92432769885899302,0.55727919139653725,7925
0.92338227601023126,0.0050000000000000001,0.0030497480142645458,0.92386172249512133,0.92385668873949389,0.55903716991829289,7950
0.92290915237076554,0.0050000000000000001,0.0030563464498463318,0.9233893697986949,0.92338431165122647,0.56079514844004852,7975
0.92243466178078559,0.0050000000000000001,0.0030629337411433059,0.92291565030732603,0.92291056772533053,0.56255312696180415,8000
0.92195880533518138,0.0050000000000000001,0.0030695104688562291,0.92244056430628907,0.9224354572452137,0.56431110548355978,8025
0.92148158413196291,0.0050000000000000001,0.0030760774551830375,0.92196411232798414,0.92195898074058447,0.56606908400531541,8050
0.92100299927225637,0.0050000000000000001,0.003082635676102387,0.92148629522414038,0.92148113905993745,0.56782706252707105,8075
0.92052305186030414,0.0050000000000000001,0.0030891861514783557,0.9210071142063625,0.92100193341146308,0.56958504104882668,8100
0.92004174300345931,0.0050000000000000001,0.0030957298244695067,0.92052657084816847,0.9205213653654879,0.57134301957058231,8125
0.91955907381218382,0.0050000000000000001,0.0031022674439091778,0.92004466704592103,0.92003943681580636,0.57310099809233794,8150
0.91907504540004592,0.0050000000000000001,0.003108799463837326,0.9195614049410028,0.91955614990220391,0.57485897661409369,8175
0.91858965888371724,0.0050000000000000001,0.0031153259731113926,0.91907678681054161,0.91907150690143324,0.57661695513584932,8200
0.91810291538296862,0.0050000000000000001,0.0031218466649887543,0.9185908149382993,0.9185855100982212,0.57837493365760495,8225
0.91761481602066908,0.0050000000000000001,0.003128360852116859,0.91810349148041759,0.91809816165098168,0.58013291217936058,8250
0.91712536192278249,0.0050000000000000001,0.0031348675269622112,0.91761481834201708,0.91760946346822381,0.58189089070111621,8275
0.9166345542183636,0.0050000000000000001,0.0031413654620669569,0.91712479708000694,0.91711941711103118,0.58364886922287185,8300
0.91614239403955633,0.0050000000000000001,0.0031478533393295262,0.91663342884477861,0.91662802373432251,0.58540684774462748,8325
0.91564888252159016,0.0050000000000000001,0.0031543298935269369,0.91614071436909228,0.91613528407524703,0.58716482626638311,8350
0.9151540208027773,0.0050000000000000001,0.0031607940530215023,0.91564665400684553,0.91564119849146497,0.58892280478813874,8375
0.9146578100245103,0.0050000000000000001,0.0031672450604637819,0.91515124781830048,0.91514576704594963,0.59068078330989437,8400
0.91416025133125856,0.0050000000000000001,0.0031736825583067473,0.9146544956924757,0.9146489896290686,0.59243876183165001,8425
0.91366134587056536,0.0050000000000000001,0.0031801066279770582,0.9141563974925575,0.91415086610384266,0.59419674035340564,8450
0.91316109479304564,0.0050000000000000001,0.0031865177770487715,0.91365695320703622,0.91365139645710658,0.59595471887516127,8475
0.91265949925238232,0.0050000000000000001,0.0031929168751184873,0.91315616308820591,0.91315058093821666,0.5977126973969169,8500
0.91215656040532278,0.0050000000000000001,0.0031993050454726278,0.9126540277609535,0.91264842016820324,0.59947067591867254,8525
0.91165227941167815,0.0050000000000000001,0.0032056835252035252,0.91215054828816766,0.91214491520566021,0.60122865444042817,8550
0.91114665743431733,0.0050000000000000001,0.0032120535105255939,0.91164572618433048,0.91164006756087723,0.6029866329621838,8575
0.91063969563916625,0.0050000000000000001,0.0032184160060438525,0.91113956337516422,0.91113387915602007,0.60474461148393943,8600
0.91013139519520447,0.0050000000000000001,0.0032247716964105074,0.91063206210788517,0.9106263522358472,0.60650259000569506,8625
0.90962175727446104,0.0050000000000000001,0.0032311208561551365,0.91012322482275188,0.91011748923959157,0.60826056852745081,8650
0.90911078305201221,0.0050000000000000001,0.0032374633088437283,0.90961305400144843,0.9096072926495069,0.61001854704920644,8675
0.90859847370597968,0.0050000000000000001,0.0032437984406559427,0.90910155201076026,0.9090957648345136,0.61177652557096207,8700
0.90808483041752541,0.0050000000000000001,0.0032501252667555968,0.90858872096061238,0.90858290790801921,0.6135345040927177,8725
0.90756985437084925,0.0050000000000000001,0.0032564425423136979,0.90807456259378727,0.90806872361725266,0.61529248261447334,8750
0.90705354675318739,0.0050000000000000001,0.0032627489045400529,0.90755907822068715,0.9075532132775298,0.61705046113622897,8775
0.90653590875480705,0.0050000000000000001,0.003269043028282573,0.90704226870694937,0.90703637775930968,0.6188084396579846,8800
0.9060169415690047,0.0050000000000000001,0.0032753237761704245,0.90652413451513225,0.90651821752933948,0.62056641817974023,8825
0.90549664639210325,0.0050000000000000001,0.0032815903250291993,0.90600467579506472,0.90599873274053699,0.62232439670149586,8850
0.90497502442344835,0.0050000000000000001,0.0032878422533625033,0.9054838925114701,0.90547792335928345,0.6240823752232515,8875
0.90445207686540496,0.0050000000000000001,0.0032940795795974478,0.90496178459298604,0.90495578931428766,0.62584035374500713,8900
0.90392780492335556,0.0050000000000000001,0.0033003027469390143,0.90443835208424528,0.90443233064870243,0.62759833226676276,8925
0.90340220980569597,0.0050000000000000001,0.0033065125572948788,0.90391359528245929,0.90390754765693271,0.62935631078851839,8950
0.90287529272383193,0.0050000000000000001,0.0033127100629367729,0.90338751484211588,0.90338144098971451,0.63111428931027402,8975
0.90234705489217759,0.0050000000000000001,0.0033188964296591386,0.90286011183550219,0.90285401171513024,0.63287226783202966,9000
0.90181749752815099,0.0050000000000000001,0.0033250727884628476,0.90233138776236199,0.90232526132880786,0.63463024635378529,9025
0.90128662185217112,0.0050000000000000001,0.0033312400939681428,0.90180134450834293,0.9017951917128918,0.63638822487554092,9050
0.90075442908765546,0.0050000000000000001,0.0033373990065966802,0.90126998425815319,0.90126380504964376,0.63814620339729655,9075
0.90022092046101598,0.0050000000000000001,0.0033435498123823267,0.90073730937478735,0.90073110370097886,0.6399041819190523,9100
0.89968609720165671,0.0050000000000000001,0.0033496923893774799,0.90020332226011923,0.90019709006919835,0.64166216044080793,9125
0.89914996054197049,0.0050000000000000001,0.0033558262237790093,0.8996680252141126,0.89966176645615925,0.64342013896256356,9150
0.89861251171733481,0.0050000000000000001,0.0033619504727346824,0.89913142030973003,0.89912513493796364,0.64517811748431919,9175
0.89807375196611028,0.0050000000000000001,0.0033680640651795974,0.89859350929828774,0.8985871972699504,0.64693609600607482,9200
0.89753368252963595,0.0050000000000000001,0.0033741658276208852,0.89805429355599109,0.89804795483276834,0.64869407452783046,9225
0.89699230465222723,0.0050000000000000001,0.0033802546190519543,0.89751377407706345,0.897507408625001,0.65045205304958609,9250
0.89644961958117209,0.0050000000000000001,0.0033863294585009143,0.89697195151310327,0.89696555930204103,0.65221003157134172,9275
0.89590562856672795,0.0050000000000000001,0.0033923896300166521,0.89642882625268094,0.89642240725528355,0.65396801009309735,9300
0.89536033286211836,0.0050000000000000001,0.0033984347530932402,0.89588439853045609,0.89587795272096427,0.65572598861485298,9325
0.89481373372353024,0.0050000000000000001,0.0034044648110431257,0.8953386685518312,0.89533219590469115,0.65748396713660862,9350
0.89426583241011026,0.0050000000000000001,0.0034104801351807013,0.89479163661767946,0.89478513710621765,0.65924194565836425,9375
0.89371663018396152,0.0050000000000000001,0.0034164813480824568,0.89424330323416701,0.89423677682946612,0.66099992418011988,9400
0.89316612831014075,0.0050000000000000001,0.0034224692740487807,0.89369366919494664,0.89368711586505201,0.66275790270187551,9425
0.89261432805665475,0.0050000000000000001,0.0034284448285951457,0.89314273562679714,0.8931361553363385,0.66451588122363114,9450
0.89206123069445742,0.0050000000000000001,0.0034344089009242197,0.89259050399448225,0.89258389670474403,0.66627385974538678,9475
0.89150683749744541,0.0050000000000000001,0.0034403622437033398,0.89203697606567756,0.8920303417350951,0.66803183826714241,9500
0.89095114974245693,0.0050000000000000001,0.0034463053830536302,0.89148215384162188,0.89147549242663082,0.66978981678889804,9525
0.89039416870926613,0.0050000000000000001,0.0034522385587501393,0.89092603946304838,0.89091935091917651,0.67154779531065367,9550
0.88983589568058175,0.0050000000000000001,0.0034581617006129496,0.89036863510357134,0.89036191938663301,0.67330577383240942,9575
0.88927633194204248,0.0050000000000000001,0.0034640744424590409,0.88980994286374226,0.88980319993099233,0.67506375235416505,9600
0.88871547878221469,0.0050000000000000001,0.0034699761704425603,0.88924996467834649,0.88924319448945865,0.67682173087592068,9625
0.88815333749258807,0.0050000000000000001,0.0034758660985874349,0.88868870224742547,0.88868190476518527,0.67857970939767631,9650
0.88758990936757298,0.0050000000000000001,0.0034817433613814792,0.88812615699819186,0.88811933218883499,0.68033768791943194,9675
0.88702519570449756,0.0050000000000000001,0.0034876071116955931,0.88756233008099961,0.88755547791416833,0.68209566644118758,9700
0.88645919780360349,0.0050000000000000001,0.0034934566121850434,0.88699722239830514,0.88699034284664391,0.68385364496294321,9725
0.88589191696804259,0.0050000000000000001,0.0034992913096695759,0.88643083466166384,0.88642392770011802,0.68561162348469884,9750
0.88532335450387456,0.0050000000000000001,0.0035051108845055574,0.88586316746869864,0.88585623307360817,0.68736960200645447,9775
0.88475351172006267,0.0050000000000000001,0.0035109152703503002,0.8852942213899806,0.88528725953808718,0.6891275805282101,9800
0.88418238992847098,0.0050000000000000001,0.0035167046434739701,0.88472399705510396,0.88471700772258821,0.69088555904996574,9825
0.88360999044385991,0.0050000000000000001,0.0035224793844327125,0.88415249522786199,0.88414547838952429,0.69264353757172137,9850
0.8830363145838851,0.0050000000000000001,0.0035282400180554688,0.88357971686228143,0.88357267249095262,0.694401516093477,9875
0.88246136366909089,0.0050000000000000001,0.0035339871399473768,0.88300566313398188,0.88299859120022262,0.69615949461523263,9900
0.88188513902290955,0.0050000000000000001,0.0035397213388454812,0.88243033544455085,0.88242323591665794,0.69791747313698826,9925
0.88130764197165701,0.0050000000000000001,0.0035454431241267403,0.88185373539995027,0.88184660824425654,0.6996754516587439,9950
0.88072887384452925,0.0050000000000000001,0.0035511528666111753,0.88127586476699349,0.88126870994840745,0.70143343018049953,9975
0.88014883597359894,0.0050000000000000001,0.0035568507587412082,0.88069672541423005,0.88068954289694379,0.70319140870225516,10000
0.87956752969381213,0.0050000000000000001,0.0035625367975810245,0.88011631924506961,0.88010910899334238,0.70494938722401079,10025
0.87898495634298501,0.0050000000000000001,0.0035682107911635154,0.8795346481313473,0.87952741011027202,0.70670736574576654,10050
0.87840111726179992,0.0050000000000000001,0.0035738723859519502,0.87895171385497162,0.87894444803113747,0.70846534426752217,10075
0.87781601379380236,0.0050000000000000001,0.0035795211108757136,0.87836751806383095,0.87836022440581363,0.7102233227892778,10100
0.87722964728539821,0.0050000000000000001,0.0035851564317590243,0.87778206224604616,0.8777747407246812,0.71198130131103343,10125
0.87664201908584782,0.0050000000000000001,0.003590777809211737,0.87719534772424235,0.87718799831266459,0.71373927983278906,10150
0.87605313054726663,0.0050000000000000001,0.0035963847531345302,0.87660737566906233,0.876599998342521,0.7154972583545447,10175
0.875462983024617,0.0050000000000000001,0.0036019768679150885,0.87601814712898085,0.87601074186446803,0.71725523687630033,10200
0.87487157787570802,0.0050000000000000001,0.0036075538838970453,0.87542766307182118,0.87542022984756585,0.71901321539805596,10225
0.87427891646119171,0.0050000000000000001,0.0036131156726555346,0.87483592443241132,0.87482846322730468,0.72077119391981159,10250
0.87368500014455752,0.0050000000000000001,0.0036186622456529072,0.87424293216054483,0.87423544295356659,0.72252917244156722,10275
0.87308983029213194,0.0050000000000000001,0.0036241937377783015,0.87364868726389822,0.87364117003360353,0.72428715096332286,10300
0.87249340827307109,0.0050000000000000001,0.0036297103788707173,0.87305319084157118,0.87304564556569109,0.72604512948507849,10325
0.87189573545936105,0.0050000000000000001,0.0036352124573867601,0.87245644410537238,0.87244887076056243,0.72780310800683412,10350
0.87129681322581176,0.0050000000000000001,0.0036407002808911053,0.87185844838763138,0.87185084694938086,0.72956108652858975,10375
0.87069664295005511,0.0050000000000000001,0.0036461741379206648,0.8712592051359126,0.87125157557861443,0.73131906505034538,10400
0.87009522601253975,0.0050000000000000001,0.0036516342652021228,0.87065871589645105,0.87065105819360844,0.73307704357210102,10425
0.86949256379652917,0.0050000000000000001,0.0036570808231738022,0.87005698228916051,0.87004929641369932,0.73483502209385665,10450
0.86888865768809753,0.0050000000000000001,0.0036625138815530975,0.86945400597768796,0.86944629190233313,0.73659300061561228,10475
0.86828350907612528,0.0050000000000000001,0.0036679334154067589,0.86884978863814499,0.86884204633581663,0.73835097913736802,10500
0.86767711935229719,0.0050000000000000001,0.0036733393110013769,0.86824433192983963,0.86823656137402994,0.74010895765912366,10525
0.86706948991109734,0.0050000000000000001,0.0036787313797710065,0.86763763747075107,0.86762983863584464,0.74186693618087929,10550
0.86646062214980646,0.0050000000000000001,0.0036841093781093581,0.86702970681962965,0.8670218796811433,0.74362491470263492,10575
0.86585051746849795,0.0050000000000000001,0.0036894730303791163,0.86642054146567737,0.86641268600040455,0.74538289322439055,10600
0.8652391772700343,0.0050000000000000001,0.0036948220525979776,0.86581014282588753,0.86580225901194285,0.74714087174614618,10625
0.86462660296006355,0.0050000000000000001,0.0037001561745321466,0.86519851224935651,0.86519060006612647,0.74889885026790182,10650
0.86401279594701563,0.0050000000000000001,0.0037054751584410382,0.86458565102730889,0.8645777104553215,0.75065682878965745,10675
0.86339775764209936,0.0050000000000000001,0.0037107788132825876,0.8639715604072804,0.86396359142801249,0.75241480731141308,10700
0.86278148945929722,0.0050000000000000001,0.0037160670037900867,0.86335624160975977,0.86334824420540357,0.75417278583316871,10725
0.86216399281536382,0.0050000000000000001,0.003721339654347585,0.86273969584570986,0.86273166999891981,0.75593076435492434,10750
0.86154526912982077,0.0050000000000000001,0.0037265967479996141,0.86212192433356494,0.86211387002720641,0.75768874287667998,10775
0.86092531982495346,0.0050000000000000001,0.0037318383212217488,0.86150292831459041,0.86149484553150901,0.75944672139843561,10800
0.86030414632580721,0.0050000000000000001,0.0037370644552165559,0.86088270906580411,0.86087459778863007,0.76120469992019124,10825
0.85968175006018444,0.0050000000000000001,0.0037422752645671631,0.860261267909875,0.86025312812087473,0.76296267844194687,10850
0.85905813245864027,0.0050000000000000001,0.0037474708840836788,0.85963860622166588,0.8596304379026497,0.76472065696370251,10875
0.8584332949544784,0.0050000000000000001,0.0037526514546354487,0.85901472543121649,0.85900652856350757,0.76647863548545814,10900
0.85780723898374855,0.0050000000000000001,0.0037578171087631197,0.85838962702307886,0.8583814015875445,0.76823661400721377,10925
0.85717996598524293,0.0050000000000000001,0.0037629679568582405,0.8577633125320403,0.85775505850918443,0.7699945925289694,10950
0.85655147740049031,0.0050000000000000001,0.0037681040747306305,0.85713578353537423,0.85712750090548484,0.77175257105072514,10975
0.85592177467375508,0.0050000000000000001,0.0037732254934065017,0.85650704164191926,0.85649873038526347,0.77351054957248078,11000
0.85529085925203219,0.0050000000000000001,0.003778332191991847,0.85587708847851129,0.85586874857556317,0.77526852809423641,11025
0.85465873258504321,0.0050000000000000001,0.0037834240943816029,0.85524592567455104,0.85523755710623561,0.77702650661599204,11050
0.85402539612523343,0.0050000000000000001,0.003788501070400508,0.85461355484572943,0.85460515759366573,0.77878448513774767,11075
0.85339085132776737,0.0050000000000000001,0.0037935629417270361,0.85397997757820365,0.85397155162492167,0.7805424636595033,11100
0.85275509965052565,0.0050000000000000001,0.0037986094925391463,0.85334519541466169,0.85333674074377597,0.78230044218125894,11125
0.85211814255410112,0.0050000000000000001,0.0038036404843434022,0.85270920984376164,0.85270072644007877,0.78405842070301457,11150
0.85147998150179449,0.0050000000000000001,0.0038086556739993344,0.85207202229426982,0.85206351014381754,0.7858163992247702,11175
0.85084061795961163,0.0050000000000000001,0.0038136548334165871,0.85143363413495621,0.85142509322492366,0.78757437774652583,11200
0.85020005339625915,0.0050000000000000001,0.0038186377690846503,0.85079404668076508,0.85078547699935525,0.78933235626828147,11225
0.84955828928314026,0.0050000000000000001,0.0038236043393559465,0.85015326120517842,0.8501446627413809,0.7910903347900371,11250
0.84891532709435236,0.0050000000000000001,0.0038285544674568411,0.84951127895797551,0.84950265170127925,0.79284831331179273,11275
0.8482711683066817,0.0050000000000000001,0.0038334881484645782,0.84886810118690004,0.84885944512697076,0.79460629183354836,11300
0.84762581439960027,0.0050000000000000001,0.003838405449015272,0.84822372916114108,0.84821504428749772,0.79636427035530399,11325
0.84697926685526248,0.0050000000000000001,0.0038433064992351783,0.84757816419415721,0.8475694504958815,0.79812224887705963,11350
0.84633152715850057,0.0050000000000000001,0.0038481914772662269,0.84693140766321262,0.8469226651287266,0.79988022739881526,11375
0.84568259679682101,0.0050000000000000001,0.0038530605876477045,0.84628346102320084,0.84627468964014008,0.80163820592057089,11400
0.84503247726040165,0.0050000000000000001,0.0038579140356368785,0.84563432581279951,0.84562552556800319,0.80339618444232652,11425
0.84438117004208579,0.0050000000000000001,0.0038627520001918076,0.84498400365179704,0.8449751745314209,0.80515416296408227,11450
0.84372867663738105,0.0050000000000000001,0.003867574608662403,0.84433249622938689,0.84432363821913337,0.8069121414858379,11475
0.84307499854445234,0.0050000000000000001,0.003872381916237371,0.8436798052843113,0.8436709183697565,0.80867012000759353,11500
0.84242013726412146,0.0050000000000000001,0.0038771738928014073,0.84302593257875791,0.84301701674574137,0.81042809852934916,11525
0.84176409429986065,0.0050000000000000001,0.0038819504190934551,0.84237087986876968,0.84236193510380619,0.81218607705110479,11550
0.84110687115779015,0.0050000000000000001,0.0038867112930735716,0.8417146488745002,0.8417056751651657,0.81394405557286043,11575
0.84044846934667361,0.0050000000000000001,0.0038914562461695688,0.84105724125383097,0.84104823858907707,0.81570203409461606,11600
0.83978889037791415,0.0050000000000000001,0.003896184967906266,0.84039865858261664,0.84038962695297303,0.81746001261637169,11625
0.83912813576555145,0.0050000000000000001,0.0039008971363042625,0.83973890234418302,0.83972984174182197,0.81921799113812732,11650
0.83846620702625718,0.0050000000000000001,0.0039055924506421389,0.8390779739296641,0.83906888434831117,0.82097596965988295,11675
0.83780310567933014,0.0050000000000000001,0.0039102706627447935,0.83841587464954226,0.83840675608424164,0.82273394818163859,11700
0.83713883324669525,0.0050000000000000001,0.0039149316029936689,0.83775260575537314,0.83774345820212859,0.82449192670339422,11725
0.8364733912528961,0.0050000000000000001,0.0039195751977701213,0.83708816846941447,0.83707899192474522,0.82624990522514985,11750
0.83580678122509333,0.0050000000000000001,0.0039242014759640516,0.83642256401883175,0.83641335847929443,0.82800788374690548,11775
0.83513900469306035,0.0050000000000000001,0.0039288105634546688,0.8357557936704908,0.83574655913222196,0.82976586226866111,11800
0.8344700631891786,0.0050000000000000001,0.0039334026658987562,0.83508785876214353,0.83507859522047956,0.83152384079041675,11825
0.83379995824843511,0.0050000000000000001,0.0039379780416071899,0.83441876072614196,0.83440946817536432,0.83328181931217238,11850
0.8331286914084165,0.0050000000000000001,0.0039425369675601526,0.83374850110263121,0.83373917953586874,0.83503979783392801,11875
0.83245626420930774,0.0050000000000000001,0.0039470797025192616,0.83307708154036664,0.8330677309496729,0.83679777635568375,11900
0.83178267819388507,0.0050000000000000001,0.0039516064516665946,0.83240450378480513,0.83239512416140382,0.83855575487743939,11925
0.83110793490751467,0.0050000000000000001,0.0039561173370872785,0.83173076965464243,0.83172136098931548,0.84031373339919502,11950
0.83043203589814718,0.0050000000000000001,0.0039606123778256376,0.83105588100944727,0.83104644329302158,0.84207171192095065,11975
0.82975498271631454,0.0050000000000000001,0.0039650914820955497,0.83037983971217755,0.83037037293605331,0.84382969044270628,12000
0.82907677691512571,0.0050000000000000001,0.0039695544528113996,0.8297026475910706,0.82969315174772806,0.84558766896446191,12025
0.82839742005026251,0.0050000000000000001,0.003974001005965842,0.82902430640555713,0.829014781488979,0.84734564748621755,12050
0.82771691367997569,0.0050000000000000001,0.0039784307997890317,0.82834481782042613,0.82833526382638456,0.84910362600797318,12075
0.8270352593650816,0.0050000000000000001,0.0039828434712592693,0.82766418339152426,0.82765460031769411,0.85086160452972881,12100
0.82635245866895701,0.0050000000000000001,0.0039872386755691169,0.82698240456487615,0.82697279241075916,0.85261958305148444,12125
0.82566851315753598,0.0050000000000000001,0.0039916161237396009,0.82629948268948628,0.82628984145615225,0.85437756157324007,12150
0.82498342439930594,0.0050000000000000001,0.0039959756137332722,0.82561541904238456,0.82560574873206094,0.85613554009499571,12175
0.82429719396530332,0.0050000000000000001,0.0040003170511688085,0.82493021486293705,0.82492051547849243,0.85789351861675134,12200
0.82360982342910904,0.0050000000000000001,0.0040046404570126511,0.82424387139227606,0.82423414293666397,0.85965149713850697,12225
0.8229213143668449,0.0050000000000000001,0.0040089459611959066,0.82355638991300195,0.82354663238872916,0.8614094756602626,12250
0.82223166835717065,0.0050000000000000001,0.0040132337828640997,0.82286777178426396,0.8228579851929515,0.86316745418201823,12275
0.82154088698127814,0.0050000000000000001,0.0040175041996352258,0.822178018467843,0.82216820280993275,0.86492543270377387,12300
0.82084897182288818,0.0050000000000000001,0.0040217575096303864,0.82148713154197184,0.82147728681661714,0.8666834112255295,12325
0.82015592446824659,0.0050000000000000001,0.0040259939909661835,0.82079511270113836,0.82078523890629207,0.86844138974728513,12350
0.81946174650611969,0.0050000000000000001,0.0040302138637364048,0.82010196374185784,0.82009206087454845,0.87019936826904087,12375
0.81876643952779005,0.0050000000000000001,0.0040344172592179928,0.81940768653616958,0.81939775459293029,0.87195734679079651,12400
0.81807000512705419,0.0050000000000000001,0.0040386042001446095,0.8187122829961534,0.81870232197355353,0.87371532531255214,12425
0.81737244490021554,0.0050000000000000001,0.0040427745945004557,0.81801575503390345,0.81800576492911425,0.87547330383430777,12450
0.81667376044608286,0.0050000000000000001,0.0040469282436005078,0.81731810452195985,0.81730808533328503,0.8772312823560634,12475
0.81597395336596468,0.0050000000000000001,0.0040510648634019437,0.81661933325916347,0.81660928498646967,0.87898926087781903,12500
0.81527302526366674,0.0050000000000000001,0.0040551841163455494,0.81591944294618557,0.81590936559117655,0.88074723939957467,12525
0.81457097774548581,0.0050000000000000001,0.004059285649674978,0.81521843517378068,0.81520832874008475,0.8825052179213303,12550
0.81386781242020667,0.0050000000000000001,0.0040633691353830961,0.81451631142517344,0.8145061759182306,0.88426319644308593,12575
0.81316353089909899,0.0050000000000000001,0.004067434306740331,0.81381307309219197,0.81380290851895942,0.88602117496484156,12600
0.81245813479591156,0.0050000000000000001,0.0040714809868164937,0.81310872150302871,0.81309852787153891,0.88777915348659719,12625
0.81175162572686788,0.0050000000000000001,0.0040755091054385309,0.81240325795801693,0.81239303527684903,0.88953713200835283,12650
0.81104400531066489,0.0050000000000000001,0.0040795187025397242,0.81169668376883297,0.81168643204656099,0.89129511053010846,12675
0.81033527516846549,0.0050000000000000001,0.004083509917593371,0.81098900029609344,0.81097871954078427,0.89305308905186409,12700
0.80962543692389566,0.0050000000000000001,0.0040874829666261497,0.8102802089805945,0.81026989919941705,0.89481106757361972,12725
0.80891449220304146,0.0050000000000000001,0.0040914381098678199,0.80957031136426683,0.80955997256326173,0.89656904609537535,12750
0.80820244263444285,0.0050000000000000001,0.0040953756142915665,0.8088593090982874,0.80884894128232432,0.89832702461713099,12775
0.80748928984909063,0.0050000000000000001,0.0040992957159173334,0.80814720393748252,0.80813680711040781,0.90008500313888662,12800
0.80677503548042251,0.0050000000000000001,0.004103198586710214,0.80743399772191438,0.8074235718868692,0.90184298166064225,12825
0.80605968116431892,0.0050000000000000001,0.0041070843102784162,0.80671969234822183,0.80670923750808632,0.90360096018239799,12850
0.80534322853909657,0.0050000000000000001,0.0041109528693724414,0.80600428973457294,0.80599380589247671,0.90535893870415363,12875
0.80462567924550854,0.0050000000000000001,0.0041148041465972748,0.80528779178385479,0.80527727894368917,0.90711691722590926,12900
0.80390703492673565,0.0050000000000000001,0.0041186379380356896,0.80457020034994076,0.80455965851680566,0.90887489574766489,12925
0.80318729722838589,0.0050000000000000001,0.0041224539777466431,0.80385151721133852,0.80384094639186676,0.91063287426942052,12950
0.80246646779848729,0.0050000000000000001,0.004126251969750595,0.80313174405553733,0.80312114425805736,0.91239085279117615,12975
0.80174454828748598,0.0050000000000000001,0.0041300316231402635,0.80241088247588488,0.80240025371040369,0.91414883131293179,13000
0.99920899142014286,0.01,-0.08768463469106838,1.1681449805295736,1.1648493895673946,0.056255312696180414,400
0.99910704823839003,0.01,-0.10803326450443898,1.1370787701993159,1.1319350438070652,0.059771269739691692,425
0.99899893236320536,0.01,-0.12017829053449644,1.1050613417786803,1.0985070539499979,0.063287226783202963,450
0.9988846447969284,0.01,-0.12483832566888106,1.0734890889872406,1.0662055226919649,0.066803183826714241,475
0.99876418659910904,0.01,-0.12298893701521606,1.0436422847278155,1.0363700786127328,0.070319140870225519,500
0.99863755888649719,0.01,-0.11577812932656441,1.0166283302165209,1.0100141516674273,0.073835097913736797,525
0.99850476283303158,0.01,-0.10444310219111827,0.99332559582802038,0.98781950665685236,0.077351054957248075,550
0.99836579966982719,0.01,-0.090232905110017053,0.97433644587095325,0.97014923212248516,0.080867012000759353,575
0.99822067068516362,0.01,-0.074340791608357243,0.95995921657585082,0.95707635233139254,0.084382969044270631,600
0.99806937722446964,0.01,-0.057849056292129102,0.9501871237696945,0.94842451300239738,0.087898926087781895,625
0.99791192069031187,0.01,-0.041688027675571421,0.94473702945598603,0.94381680593950079,0.091414883131293173,650
0.99774830254237845,0.01,-0.026609780785368898,0.94310420897511982,0.94272873540225821,0.094930840174804451,675
0.9975785242974653,0.01,-0.013176111822278548,0.94463345452439651,0.94454155730912226,0.098446797218315729,700
0.99740258752945932,0.01,-0.0017594504503423427,0.94859432123424881,0.94859268952062759,0.10196275426182701,725
0.99722049386932343,0.01,0.007445279057269198,0.95424957822668,0.95422053287778097,0.10547871130533829,750
0.9970322450050787,0.01,0.014400273312267174,0.96090969560896489,0.96080178769808988,0.10899466834884956,775
0.99683784268178732,0.01,0.01919857286561652,0.96797053838116354,0.9677801289414053,0.11251062539236083,800
0.9966372887015349,0.01,0.022034513364838526,0.97493488447622356,0.97468585153855702,0.11602658243587211,825
0.9964305849234113,0.01,0.023173330077394531,0.98142038555725353,0.98114676270192736,0.11954253947938338,850
0.99621773326349228,0.01,0.022922002482953709,0.98715730447244565,0.98689114170483672,0.12305849652289466,875
0.99599873569481945,0.01,0.021602991105157,0.99197924557681116,0.99174398633440175,0.12657445356640593,900
0.99577359424737943,0.01,0.019532036380338264,0.99580958226737681,0.99561801093108215,0.13009041060991722,925
0.99554231100808344,0.01,0.017000703834968031,0.99864567770396762,0.99850095927141325,0.13360636765342848,950
0.9953048881207458,0.01,0.014263909070534719,1.0005424428901699,1.0004407633251737,0.13712232469693977,975
0.99506132778606193,0.01,0.011532268927360891,1.0015963337189866,1.0015299408867926,0.14063828174045104,1000
0.99481163226158542,0.01,0.008968820532949319,1.0019305537224539,1.0018904105444022,0.14415423878396233,1025
0.99455580386170461,0.01,0.0066894364992895316,1.0016819789050093,1.0016596419454951,0.14767019582747359,1050
0.9942938449576193,0.01,0.0047661419745011532,1.0009901286227296,1.000978781738568,0.15118615287098486,1075
0.99402575797731585,0.01,0.0032324997571019582,0.99998835051980672,0.9999831259179548,0.15470210991449615,1100
0.99375154540554278,0.01,0.0020902599892878931,0.99879725441502643,0.99879506718854616,0.15821806695800741,1125
0.99347120978378434,0.01,0.0013165545501469965,0.99752031370677463,0.99751944489407252,0.16173402400151871,1150
0.99318475371023485,0.01,0.00087103549910108494,0.99624145315285773,0.99624107237017523,0.16524998104502997,1175
0.99289217983977174,0.01,0.0007024947443442154,0.99502436204301792,0.99502411405967883,0.16876593808854126,1200
0.9925934908839289,0.01,0.00075464353702057833,0.9939132160096309,0.99391292952236976,0.17228189513205253,1225
0.99228868961086691,0.01,0.00097086338402971274,0.99293446199828639,0.99293398735672056,0.17579785217556379,1250
0.99197777884534766,0.01,0.0012978559040490217,0.99209931962423847,0.99209847070183987,0.17931380921907508,1275
0.99166076146870119,0.01,0.0016882128320800031,0.99140667558816686,0.99140523820394155,0.18282976626258635,1300
0.99133764041880024,0.01,0.00210199674262064,0.99084609068244556,0.9908438610751843,0.18634572330609764,1325
0.99100841869002632,0.01,0.0025074686261471889,0.9904006942335245,0.99039752005916104,0.1898616803496089,1350
0.99067309933324166,0.01,0.0028811226425653571,0.99004980128405706,0.99004560912864981,0.19337763739312019,1375
0.99033168545575578,0.01,0.0032071948220530506,0.98977114688736545,0.98976595067324069,0.19689359443663146,1400
0.98998418022129564,0.01,0.0034768053821043008,0.98954268459179606,0.98953657661224115,0.20040955148014272,1425
0.98963058684996963,0.01,0.0036868778934420299,0.9893439394472977,0.98933706968479507,0.20392550852365401,1450
0.98927090861823874,0.01,0.003838956589636156,0.98915693840519403,0.98914948880714682,0.20744146556716528,1475
0.98890514885887915,0.01,0.003938018873625407,0.98896676301784892,0.98895892248432293,0.21095742261067657,1500
0.98853331096094987,0.01,0.0039913559745911346,0.988761782102485,0.98875372607336665,0.21447337965418783,1525
0.98815539836975741,0.01,0.0040075724392846408,0.98853362727892957,0.98852550378044446,0.21798933669769913,1550
0.98777141458682061,0.01,0.0039957357112091856,0.98827697393964342,0.98826889626023595,0.22150529374121039,1575
0.98738136316983305,0.01,0.0039646909127675932,0.98798918604905184,0.98798123108479852,0.22502125078472165,1600
0.9869852477326283,0.01,0.0039225431445133975,0.98766987669712147,0.98766208745207307,0.22853720782823295,1625
0.98658307194514239,0.01,0.00387629992980621,0.98732042869918701,0.98731281933620241,0.23205316487174421,1650
0.98617483953337459,0.01,0.0038316594949483872,0.98694351155101112,0.9869360736026197,0.2355691219152555,1675
0.98576055427935094,0.01,0.0037929259645672173,0.98654262323825925,0.98653533194632892,0.23908507895876677,1700
0.98534022002108368,0.01,0.0037630298601544318,0.98612167806949458,0.98611449820234742,0.24260103600227806,1725
0.98491384065253307,0.01,0.003743631151324772,0.98568465501172442,0.98567754582895162,0.24611699304578932,1750
0.98448142012356643,0.01,0.0037352822163766392,0.98523531503174122,0.98522823429521056,0.24963295008930059,1775
0.98404296243991751,0.01,0.0037376291666005551,0.98477699071735381,0.9847698977804612,0.25314890713281185,1800
0.98359847166314573,0.01,0.0037496318654589708,0.98431244698795339,0.98430530505340974,0.25666486417632317,1825
0.98314795191059356,0.01,0.0037697854456989889,0.98384380801933913,0.98383658566638377,0.26018082121983443,1850
0.98269140735534577,0.01,0.0037963290273284036,0.98337254261860085,0.98336521468988736,0.2636967782633457,1875
0.98222884222618367,0.01,0.0038274305073776943,0.98289949820056577,0.98289204612644787,0.26721273530685696,1900
0.98176026080754508,0.01,0.0038613395722266971,0.98242497223370995,0.98241738386752586,0.27072869235036828,1925
0.98128566743947676,0.01,0.0038965043225013844,0.98194880951516161,0.98194107855935431,0.27424464939387955,1950
0.98080506651759203,0.01,0.0039316499539488346,0.98147051384949235,0.98146263896524655,0.27776060643739081,1975
0.98031846249302546,0.01,0.0039658206729612823,0.98098936356399113,0.98098134727020903,0.28127656348090208,2000
0.97982585987238469,0.01,0.0039983883295205414,0.98050452168655433,0.98049636916132688,0.28479252052441334,2025
0.97932726321770769,0.01,0.0040290330358901272,0.98001513341102287,0.98000685130636744,0.28830847756792466,2050
0.97882267714641191,0.01,0.0040577022498420332,0.97952040553288544,0.97951200090032586,0.29182443461143592,2075
0.97831210633124999,0.01,0.0040845554147146013,0.97901966470211077,0.97901114410434453,0.29534039165494719,2100
0.97779555550025998,0.01,0.0041099012797601838,0.97851239345760976,0.97850376231346725,0.29885634869845845,2125
0.97727302943671701,0.01,0.0041341345235801508,0.97799824493833443,0.97798950711866195,0.30237230574196972,2150
0.9767445329790837,0.01,0.0041576773545549898,0.97747703878814984,0.97746819645299243,0.30588826278548104,2175
0.97621007102096113,0.01,0.0041809304760892819,0.97694874199204773,0.97693979563747868,0.3094042198289923,2200
0.97566964851103788,0.01,0.0042042363117737952,0.97641343914118284,0.97640438780893812,0.31292017687250356,2225
0.97512327045303915,0.01,0.0042278558264471564,0.97587129690328867,0.97586213849847536,0.31643613391601483,2250
0.97457094190567495,0.01,0.0042519587920247723,0.97532252729304036,0.97531325895412413,0.31995209095952615,2275
0.97401266798258923,0.01,0.0042766260568704367,0.97476735375183465,0.97475797222178384,0.32346804800303741,2300
0.97344845385230538,0.01,0.0043018613850269076,0.97420598314862161,0.97419648510513324,0.32698400504654868,2325
0.97287830473817516,0.01,0.0043276098039952103,0.97363858571733342,0.97362896803198784,0.33049996209005994,2350
0.97230222591832327,0.01,0.0043537791650263375,0.97306528377883228,0.97305554368831471,0.3340159191335712,2375
0.97172022272559266,0.01,0.00438026176498609,0.97248614898240748,0.97247628416815579,0.33753187617708252,2400
0.97113230054749233,0.01,0.0044069533522586423,0.97190120685624393,0.97189121544068624,0.34104783322059379,2425
0.97053846482613881,0.01,0.0044337675575849304,0.97131044676526224,0.97130032724208359,0.34456379026410505,2450
0.96993872105820178,0.01,0.0044606446496351726,0.97071383499149844,0.97070358611329532,0.34807974730761632,2475
0.96933307479484698,0.01,0.0044875544013085536,0.97011132859129745,0.9701009492401641,0.35159570435112758,2500
0.96872153164167929,0.01,0.004514493658109491,0.96950288792096884,0.96949237698607493,0.3551116613946389,2525
0.96810409725868518,0.01,0.0045414798338605008,0.96888848620017387,0.96887784248179765,0.35862761843815016,2550
0.9674807773601739,0.01,0.0045685419586904176,0.9682681151171838,0.96825733726987873,0.36214357548166143,2575
0.96685157771471919,0.01,0.0045957110408277576,0.96764178617583951,0.96763087269557413,0.36565953252517269,2600
0.96621650414509985,0.01,0.0046230113841981193,0.96700952814375296,0.96699847739618772,0.36917548956868401,2625
0.96557556252823928,0.01,0.0046504541678425272,0.96637138150026713,0.96636019178087407,0.37269144661219528,2650
0.96492875879514539,0.01,0.0046780341060582162,0.96572739113862394,0.96571606075094119,0.37620740365570654,2675
0.9642760989308502,0.01,0.0047057294505660477,0.96507759871669352,0.96506612605308928,0.3797233606992178,2700
0.96361758897434702,0.01,0.0047335050521682331,0.96442203597343046,0.96441041958341456,0.38323931774272907,2725
0.96295323501852903,0.01,0.0047613177453201911,0.96376072006296409,0.96374895869703081,0.38675527478624039,2750
0.96228304321012659,0.01,0.0047891230127902326,0.9630936515580979,0.96308174417973447,0.39027123182975165,2775
0.96160701974964335,0.01,0.004816881761984749,0.96242081530843626,0.96240876107246964,0.39378718887326292,2800
0.96092517089129359,0.01,0.0048445661044432733,0.96174218387842236,0.96172998207942795,0.39730314591677418,2825
0.96023750294293686,0.01,0.0048721632532984565,0.96105772290437508,0.96104537290357717,0.40081910296028544,2850
0.95954402226601321,0.01,0.0048996769958705591,0.96036739744898059,0.96035489859127821,0.40433506000379676,2875
0.95884473527547864,0.01,0.0049271266014190157,0.95967117832680904,0.95965852986081446,0.40785101704730803,2900
0.95813964843973731,0.01,0.0049545434237544435,0.9589690474307232,0.95895624844392702,0.41136697409081929,2925
0.95742876828057688,0.01,0.0049819657958279214,0.95826100128801139,0.95824805066658569,0.41488293113433056,2950
0.95671210137310037,0.01,0.0050094330423321618,0.95754705237845472,0.95753394879725351,0.41839888817784188,2975
0.95598965434565819,0.01,0.0050369795293534079,0.95682722810300436,0.95681397004668545,0.42191484522135314,3000
0.95526143387978157,0.01,0.005064629621480572,0.95610156764546061,0.95608815345704634,0.4254308022648644,3025
0.95452744671011147,0.01,0.0050923942419873695,0.95537011726831855,0.95535654521762969,0.42894675930837567,3050
0.95378769962433152,0.01,0.0051202694638447762,0.95463292478695816,0.95461919314872345,0.43246271635188693,3075
0.95304219946309643,0.01,0.0051482372432351247,0.95389003404925043,0.9538761411796437,0.43597867339539825,3100
0.95229095311996326,0.01,0.0051762680920756504,0.95314148020528344,0.95312742460625788,0.43949463043890952,3125
0.95153396754131847,0.01,0.0052043252179549528,0.9523872863977203,0.95237306676062561,0.44301058748242078,3150
0.95077124972630811,0.01,0.0052323694751624092,0.95162746226651107,0.95161307748973012,0.44652654452593205,3175
0.95000280672676629,0.01,0.0052603643911219638,0.9508620043816135,0.95084745356081812,0.45004250156944331,3200
0.94922864564713971,0.01,0.0052882805636436042,0.95009089843744832,0.9500761808309679,0.45355845861295463,3225
0.94844877364441782,0.01,0.005316098854679068,0.94931412280357086,0.94929923777873138,0.45707441565646589,3250
0.94766319792805831,0.01,0.005343812010610959,0.94853165285958385,0.94851659982824199,0.46059037269997716,3275
0.94687192575991108,0.01,0.0053714245832671322,0.94774346546801946,0.94772824382059939,0.46410632974348842,3300
0.94607496445414596,0.01,0.0053989512720016243,0.9469495429614434,0.94693415200849584,0.46762228678699974,3325
0.94527232137717654,0.01,0.005426414019765474,0.94614987612968282,0.94613431505843826,0.47113824383051101,3350
0.94446400394758379,0.01,0.0054538383467983183,0.94534446586807064,0.94532873371895054,0.47465420087402227,3375
0.943650019636041,0.01,0.005481249477147402,0.94453332335819851,0.94451741902320296,0.47817015791753353,3400
0.942830375965236,0.01,0.005508668801026107,0.9437164688661146,0.94370039110788162,0.4816861149610448,3425
0.94200508050979359,0.01,0.0055361111280504373,0.94289392942826922,0.94287767691586577,0.48520207200455612,3450
0.94117414089619911,0.01,0.0055635830409479572,0.94206573582845399,0.94204930718394619,0.48871802904806738,3475
0.94033756480271835,0.01,0.0055910824817683091,0.94123191933434336,0.94121531318317064,0.49223398609157865,3500
0.9394953599593191,0.01,0.0056185995210006143,0.94039250865618162,0.94037572367436695,0.49574994313508991,3525
0.9386475341475925,0.01,0.0056461181006682588,0.93954752751926118,0.93953056247146649,0.49926590017860117,3550
0.93779409520067125,0.01,0.0056736184265638503,0.93869699312181776,0.93867984688598261,0.50278185722211244,3575
0.93693505100315133,0.01,0.0057010796251315676,0.93784091560229843,0.93782358717877501,0.5062978142656237,3600
0.93607040949100895,0.01,0.0057284822808114444,0.93697929848840589,0.9369617869937833,0.50981377130913508,3625
0.93520017865151917,0.01,0.0057558105243715324,0.93611213996714193,0.93609444461500213,0.51332972835264634,3650
0.93432436652317596,0.01,0.0057830534388872736,0.93523943471783488,0.93522155479023172,0.51684568539615761,3675
0.93344298119560654,0.01,0.0058102056696031782,0.93436117599955615,0.93434311081387567,0.52036164243966887,3700
0.93255603080948979,0.01,0.0058372672471845143,0.93347735768311835,0.93345910655911501,0.52387759948318013,3725
0.93166352355647264,0.01,0.0058642427423816895,0.93258797596126553,0.93256953819250832,0.5273935565266914,3750
0.93076546767908508,0.01,0.0058911399494447477,0.93169303054751296,0.93167440538039104,0.53090951357020266,3775
0.92986187147065624,0.01,0.0059179683371268308,0.93079252526954137,0.93077371189156954,0.53442547061371393,3800
0.92895274327522848,0.01,0.0059447375077703616,0.92988646806064057,0.92986746559832734,0.53794142765722519,3825
0.92803809148747196,0.01,0.0059714558710812831,0.9289748704376436,0.92895567796284895,0.54145738470073657,3850
0.92711792455259801,0.01,0.0059981296790369348,0.92805774661452745,0.92803836315724997,0.54497334174424783,3875
0.92619225096627289,0.01,0.006024762494352731,0.92713511243107671,0.92711553699604876,0.54848929878775909,3900
0.9252610792745295,0.01,0.0060513550902526999,0.92620698427468517,0.92618721585907171,0.55200525583127036,3925
0.92432441807368104,0.01,0.0060779057158298041,0.92527337814474619,0.92525341575457043,0.55552121287478162,3950
0.92338227601023126,0.01,0.006104410617735841,0.92433430896125468,0.92431415162480901,0.55903716991829289,3975
0.92243466178078559,0.01,0.0061308646898441252,0.92338979016254952,0.9233694369398372,0.56255312696180415,4000
0.92148158413196291,0.01,0.0061572621277464039,0.92243983358223236,0.92241928357027891,0.56606908400531541,4025
0.92052305186030414,0.01,0.0061835969903320884,0.92148444955132791,0.92146370188585014,0.56958504104882668,4050
0.91955907381218382,0.01,0.0062098636090289179,0.92052364714495072,0.92050270099929588,0.57310099809233794,4075
0.91858965888371724,0.01,0.0062360568279159322,0.91955743448564176,0.91953628906805751,0.57661695513584932,4100
0.91761481602066908,0.01,0.0062621720962834472,0.91858581902686509,0.91856447357705562,0.58013291217936058,4125
0.9166345542183636,0.01,0.0062882054624738533,0.917608807765384,0.91758726155100412,0.58364886922287185,4150
0.91564888252159016,0.01,0.0063141535298308748,0.91662640736366197,0.91660465967701465,0.58716482626638311,4175
0.9146578100245103,0.01,0.006340013431461641,0.91563862419561837,0.91561667435042571,0.59068078330989437,4200
0.91366134587056536,0.01,0.0063657828626292011,0.9146454643540699,0.91462331168192845,0.59419674035340564,4225
0.91265949925238232,0.01,0.0063914601828470793,0.91364693367116068,0.91362457751717985,0.5977126973969169,4250
0.91165227941167815,0.01,0.0064170445705683454,0.91264303780159939,0.91262047751883746,0.60122865444042817,4275
0.91063969563916625,0.01,0.0064425361883951662,0.91163378240342297,0.91161101734601302,0.60474461148393943,4300
0.90962175727446104,0.01,0.0064679363015917894,0.91061917342567411,0.91059620294093924,0.60826056852745081,4325
0.90859847370597968,0.01,0.0064932472909065928,0.90959921748231942,0.90957604090261024,0.61177652557096207,4350
0.90756985437084925,0.01,0.0065184725131470535,0.90857392226339206,0.90855053889873383,0.61529248261447334,4375
0.90653590875480705,0.01,0.0065436159876677809,0.9075432969137931,0.90751970604663068,0.6188084396579846,4400
0.90549664639210325,0.01,0.0065686819194537144,0.906507352302233,0.90648355318552021,0.62232439670149586,4425
0.90445207686540496,0.01,0.0065936741038927658,0.90546610110977366,0.90544209296936629,0.62584035374500713,4450
0.90340220980569597,0.01,0.0066185952879329584,0.90441955768908311,0.90439533973087849,0.62935631078851839,4475
0.90234705489217759,0.01,0.0066434465813114633,0.90336773767875389,0.90334330910033933,0.63287226783202966,4500
0.90128662185217112,0.01,0.0066682270156101873,0.9023106573965799,0.90228601740241787,0.63638822487554092,4525
0.90022092046101598,0.01,0.0066929333363584106,0.90124833307492458,0.90122348089343829,0.6399041819190523,4550
0.89914996054197049,0.01,0.0067175600853158256,0.90018078003343549,0.90015571493386881,0.64342013896256356,4575
0.89807375196611028,0.01,0.006742099990248906,0.89910801190341194,0.89908273321014642,0.64693609600607482,4600
0.89699230465222723,0.01,0.0067665446338637447,0.89803004002026754,0.89800454712240807,0.65045205304958609,4625
0.89590562856672795,0.01,0.0067908853291927078,0.89694687308437115,0.89692116543890121,0.65396801009309735,4650
0.89481373372353024,0.01,0.0068151140928316006,0.89585851715782738,0.89583259428540718,0.65748396713660862,4675
0.89371663018396152,0.01,0.0068392245860142377,0.89476497601976568,0.89473883749321725,0.66099992418011988,4700
0.89261432805665475,0.01,0.0068632128905909279,0.89366625185195281,0.89363989727850468,0.66451588122363114,4725
0.89150683749744541,0.01,0.00688707800371506,0.89256234617749186,0.89253577517679339,0.66803183826714241,4750
0.89039416870926613,0.01,0.0069108219696359403,0.89145326093561994,0.89142647311623779,0.67154779531065367,4775
0.88927633194204248,0.01,0.0069344496148864947,0.89033899955132811,0.89031199448878517,0.67506375235416505,4800
0.88815333749258807,0.01,0.0069579679075955046,0.88921956785383482,0.88919234507318923,0.67857970939767631,4825
0.88702519570449756,0.01,0.0069813850148796883,0.88809497471408516,0.88806753367955382,0.68209566644118758,4850
0.88589191696804259,0.01,0.0070047091764471065,0.88696523230649882,0.88693757241977011,0.68561162348469884,4875
0.88475351172006267,0.01,0.0070279475410950139,0.88583035594958592,0.88580247655734723,0.6891275805282101,4900
0.88360999044385991,0.01,0.0070511051213505045,0.88469036353687147,0.88466226394685199,0.69264353757172137,4925
0.88246136366909089,0.01,0.0070741840084787974,0.88354527462588939,0.88351695412954734,0.69615949461523263,4950
0.88130764197165701,0.01,0.0070971829570834321,0.88239510930079745,0.88236656719984574,0.6996754516587439,4975
0.88014883597359894,0.01,0.0071200973999374119,0.88123988695656852,0.88121112258995071,0.70319140870225516,5000
0.87898495634298501,0.01,0.0071429198962265836,0.8800796251651184,0.88005063793291538,0.70670736574576654,5025
0.87781601379380236,0.01,0.0071656409579818952,0.87891433877416203,0.87888512815525766,0.7102233227892778,5050
0.87664201908584782,0.01,0.0071882501482959235,0.87774403935940537,0.87771460492051223,0.71373927983278906,5075
0.875462983024617,0.01,0.0072107373080019521,0.87656873510388333,0.87653907649864471,0.71725523687630033,5100
0.87427891646119171,0.01,0.0072330937499862028,0.87538843112141063,0.87535854807959035,0.72077119391981159,5125
0.87308983029213194,0.01,0.0072553132645391061,0.87420313018193896,0.87417302249001805,0.72428715096332286,5150
0.87189573545936105,0.01,0.0072773928045164098,0.87301283374330862,0.87298250121894805,0.72780310800683412,5175
0.87069664295005511,0.01,0.0072993327619485905,0.8718175431536066,0.87178698561725565,0.73131906505034538,5200
0.86949256379652917,0.01,0.0073211368022322709,0.87061726086653735,0.87058647811384904,0.73483502209385665,5225
0.86828350907612528,0.01,0.0073428112806012066,0.86941199151164372,0.86938098329026037,0.73835097913736802,5250
0.86706948991109734,0.01,0.0073643643203037245,0.86820174268172634,0.86817050867542389,0.74186693618087929,5275
0.86585051746849795,0.01,0.0073858046754728731,0.8669865253384238,0.8669550651606398,0.74538289322439055,5300
0.86462660296006355,0.01,0.0074071405283401724,0.8657663537881618,0.86573466698570067,0.74889885026790182,5325
0.86339775764209936,0.01,0.0074283783769416778,0.86454124523749132,0.86450933130387952,0.75241480731141308,5350
0.86216399281536382,0.01,0.0074495221552301769,0.86331121899159791,0.86327907738831322,0.75593076435492434,5375
0.86092531982495346,0.01,0.0074705726948197798,0.86207629540510722,0.86204392558790488,0.75944672139843561,5400
0.85968175006018444,0.01,0.0074915275911807524,0.86083649472448143,0.86080389617141173,0.76296267844194687,5425
0.8584332949544784,0.01,0.007512381483390394,0.85959183597256528,0.85955900821010156,0.76647863548545814,5450
0.85717996598524293,0.01,0.0075331267028255064,0.8583423360171365,0.85830927864111661,0.7699945925289694,5475
0.85592177467375508,0.01,0.0075537541995349174,0.85708800893830261,0.85705472162710661,0.77351054957248078,5500
0.85465873258504321,0.01,0.0075742546214495853,0.85582886576822614,0.85579534828664372,0.77702650661599204,5525
0.85339085132776737,0.01,0.0075946194051213518,0.85456491462684492,0.85453116682030861,0.7805424636595033,5550
0.85211814255410112,0.01,0.0076148417390145802,0.85329616122572394,0.85326218300581347,0.78405842070301457,5575
0.85084061795961163,0.01,0.0076349172806822073,0.85202260966571663,0.85198840098894257,0.78757437774652583,5600
0.84955828928314026,0.01,0.0076548445441877539,0.85074426341871578,0.85070982426139752,0.7910903347900371,5625
0.8482711683066817,0.01,0.0076746249188878683,0.84946112636362603,0.84942645669611361,0.79460629183354836,5650
0.84697926685526248,0.01,0.0076942623289788159,0.84817320374397553,0.84813830350747188,0.79812224887705963,5675
0.84568259679682101,0.01,0.0077137625886634035,0.84688050292902095,0.84684537201784205,0.80163820592057089,5700
0.84438117004208579,0.01,0.0077331325445773227,0.84558303388931844,0.84554767214067372,0.80515416296408227,5725
0.84307499854445234,0.01,0.0077523791208104573,0.84428080933720018,0.84424521652956075,0.80867012000759353,5750
0.84176409429986065,0.01,0.0077715083898840243,0.84297384452693491,0.84293802038694821,0.81218607705110479,5775
0.84044846934667361,0.01,0.0077905247849800177,0.84166215675259137,0.84162610096942592,0.81570203409461606,5800
0.83912813576555145,0.01,0.0078094305462799839,0.84034576461829824,0.84030947686340829,0.81921799113812732,5825
0.83780310567933014,0.01,0.0078282254609288639,0.83902468718120904,0.83898816713089486,0.82273394818163859,5850
0.8364733912528961,0.01,0.007846906916662998,0.83769894307921922,0.837662190437101,0.82624990522514985,5875
0.83513900469306035,0.01,0.0078654702488686473,0.83636854975251529,0.83633156426915378,0.82976586226866111,5900
0.83379995824843511,0.01,0.0078839093249673912,0.83503352285133159,0.83499630433868444,0.83328181931217238,5925
0.83245626420930774,0.01,0.0079022172829231827,0.83369387589472377,0.83365642423385689,0.83679777635568375,5950
0.83110793490751467,0.01,0.0079203873253854348,0.8323496202107078,0.83231193535208026,0.84031373339919502,5975
0.82975498271631454,0.01,0.007938413468869766,0.83100076515155663,0.83096284710814228,0.84382969044270628,6000
0.82839742005026251,0.01,0.0079562911580232949,0.82964731854411966,0.82960916737850521,0.84734564748621755,6025
0.8270352593650816,0.01,0.0079740176764202895,0.82828928730791263,0.828250903115201,0.85086160452972881,6050
0.82566851315753598,0.01,0.0079915923141616711,0.82692667815650367,0.82688806104528678,0.85437756157324007,6075
0.82429719396530332,0.01,0.0080090162847886986,0.82555949829199382,0.82552064836579253,0.85789351861675134,6100
0.8229213143668449,0.01,0.0080262924153505551,0.82418775600828698,0.82414867334968078,0.8614094756602626,6125
0.82154088698127814,0.01,0.0080434246600311187,0.82281146113485548,0.82277214579409175,0.86492543270377387,6150
0.82015592446824659,0.01,0.0080604175064559747,0.82143062527632016,0.82139107726555438,0.86844138974728513,6175
0.81876643952779005,0.01,0.0080772753528026518,0.82004526183083637,0.82000548112441307,0.87195734679079651,6200
0.81737244490021554,0.01,0.0080940019326112,0.81865538579837094,0.81861537233880144,0.87547330383430777,6225
0.81597395336596468,0.01,0.0081105998535304941,0.81726101341484814,0.81722076712347469,0.87898926087781903,6250
0.81457097774548581,0.01,0.0081270702981378461,0.8158621616670112,0.81582168245783804,0.8825052179213303,6275
0.81316353089909899,0.01,0.0081434129121285958,0.81445884775367017,0.81441813554855136,0.88602117496484156,6300
0.81175162572686788,0.01,0.00815962588085219,0.81305108856104702,0.81301014330436727,0.88953713200835283,6325
0.81033527516846549,0.01,0.0081757061723870851,0.81163890021354868,0.81159772188470414,0.89305308905186409,6350
0.80891449220304146,0.01,0.0081916499069332877,0.81022229774788879,0.81018088637024177,0.89656904609537535,6375
0.80748928984909063,0.01,0.0082074528000862599,0.808801294940236,0.80875965058572052,0.90008500313888662,6400
0.80605968116431892,0.01,0.0082231106226736614,0.807375904295629,0.80733402708474511,0.90360096018239799,6425
0.80462567924550854,0.01,0.0082386196222233293,0.80594613718890951,0.80590402728640398,0.90711691722590926,6450
0.80318729722838589,0.01,0.0082539768599688944,0.80451200412936963,0.80446966173638257,0.91063287426942052,6475
0.80174454828748598,0.01,0.0082691804309176584,0.8030735151089522,0.80303094045276324,0.91414883131293179,6500
0.80029744563601724,0.01,0.008284229550870199,0.80163067998736814,0.80158787331006875,0.91766478835644305,6525
0.79884600252572735,0.01,0.0082991245111327053,0.80018350886709122,0.80014047041453862,0.92118074539995431,6550
0.79739023224676586,0.01,0.0083138665169335563,0.79873201241642489,0.79868874242869514,0.92469670244346558,6575
0.79593014812755003,0.01,0.0083284574375273139,0.79727620210851191,0.79723270081280784,0.92821265948697684,6600
0.79446576353462683,0.01,0.0083428995035600036,0.79581609035666756,0.79577235796328416,0.93172861653048811,6625
0.79299709187253731,0.01,0.0083571949899394933,0.79435169054003529,0.79430772724159748,0.93524457357399948,6650
0.79152414658367853,0.01,0.0083713459204744507,0.79288301692648988,0.79283882290029928,0.93876053061751075,6675
0.79004694114816676,0.01,0.008385353824558987,0.7914100845105273,0.79136565992352548,0.94227648766102201,6700
0.78856548908369795,0.01,0.0083992195674087635,0.78993290879152822,0.78988825380714656,0.94579244470453327,6725
0.78707980394541177,0.01,0.008412943265084339,0.78845150552171284,0.78840662030774078,0.94930840174804454,6750
0.78558989932575152,0.01,0.0084265242851732734,0.78696589045332244,0.78692077518989301,0.9528243587915558,6775
0.78409578885432407,0.01,0.0084399613247528853,0.78547607911147188,0.78543073399833796,0.95634031583506707,6800
0.78259748619776237,0.01,0.0084532525500199858,0.78398208661351165,0.78393651187593061,0.95985627287857833,6825
0.7810950050595844,0.01,0.0084663957773264895,0.78248392754857243,0.78243812344132446,0.9633722299220896,6850
0.77958835918005343,0.01,0.0084793886734502426,0.78098161592326765,0.78093558273255981,0.96688818696560086,6875
0.77807756233603731,0.01,0.0084922289535940467,0.7794751651722216,0.77942890321546443,0.97040414400911224,6900
0.7765626283408672,0.01,0.0085049145583511766,0.77796458822591141,0.77791809784955313,0.9739201010526235,6925
0.77504357104419686,0.01,0.0085174437951257165,0.77644989762375261,0.77640317919952695,0.97743605809613476,6950
0.77352040433186042,0.01,0.0085298154345165578,0.77493110565759893,0.77488415957765056,0.98095201513964603,6975
0.771993142125731,0.01,0.0085420287573458372,0.77340822452988411,0.77336105120129783,0.98446797218315729,7000
0.77046179838357709,0.01,0.0085540835527965972,0.77188126651121514,0.77183386635047913,0.98798392922666856,7025
0.76892638709892169,0.01,0.0085659800721450095,0.77035024408402641,0.77030261751192486,0.99149988627017982,7050
0.76738692230089789,0.01,0.0085777189456171209,0.76881517006149269,0.7687673174988463,0.99501584331369108,7075
0.76584341805410461,0.01,0.0085893010719546217,0.76727605767392837,0.76722797953850763,0.99853180035720235,7100
0.76429588845846552,0.01,0.0086007274913547285,0.76573292061801312,0.76568461732283211,1.0020477574007136,7125
0.7627443476490815,0.01,0.0086119992527294749,0.76418577306721636,0.76413724502029734,1.0055637144442249,7150
0.76118880979608894,0.01,0.0086231172858619084,0.76263462964453976,0.76258587725012228,1.0090796714877361,7175
0.75962928910451299,0.01,0.0086340822881136002,0.76107950536118463,0.76103052902223811,1.0125956285312474,7200
0.75806579981412403,0.01,0.0086448946340256169,0.759520415526861,0.75947121564866582,1.0161115855747587,7225
0.7564983561992894,0.01,0.0086555543144371788,0.7579573756392628,0.75790795263374056,1.0196275426182702,7250
0.7549269725688309,0.01,0.0086660609097000286,0.75639040126162393,0.75634075555203939,1.0231434996617814,7275
0.75335166326587599,0.01,0.0086764135991873655,0.75481950789825381,0.75476963992387625,1.0266594567052927,7300
0.75177244266771193,0.01,0.0086866112066532695,0.75324471087832034,0.75319462109863011,1.0301754137488039,7325
0.75018932518563974,0.01,0.0086966522781722934,0.75166602525791271,0.75161571415596529,1.0336913707923152,7350
0.74860232526482473,0.01,0.0087065351865800965,0.75008346574933837,0.75003293383396419,1.0372073278358265,7375
0.74701145738415164,0.01,0.0087162582537533041,0.74849704668474859,0.74844629449135802,1.0407232848793377,7400
0.74541673605607439,0.01,0.0087258198799875022,0.74690678201848537,0.74685581010837099,1.044239241922849,7425
0.74381817582646892,0.01,0.0087352186684788394,0.7453126853692098,0.7452614943273782,1.0477551989663603,7450
0.74221579127448467,0.01,0.0087444535326795976,0.74371477009910791,0.74366336053081428,1.0512711560098715,7475
0.74060959701239515,0.01,0.0087535237753011766,0.74211304942364409,0.74206142194994562,1.0547871130533828,7500
0.73899960768544815,0.01,0.0087624291299800636,0.74050753654188384,0.740455691794635,1.0583030700968941,7525
0.73738583797171753,0.01,0.008771169760002414,0.73889824477472343,0.73884618339151498,1.0618190271404053,7550
0.73576830258195269,0.01,0.0087797462127290893,0.73728518769688278,0.73723291031645333,1.0653349841839166,7575
0.73414701625942769,0.01,0.0087881593330443666,0.73566837924848305,0.7356158865071003,1.0688509412274279,7600
0.73252199377979088,0.01,0.0087964101437626105,0.73404783381359984,0.73399512634282582,1.0723668982709391,7625
0.73089324995091487,0.01,0.0088044997049141552,0.73242356625625227,0.73237064468237179,1.0758828553144504,7650
0.72926079961274448,0.01,0.0088124289666721388,0.73079559190865429,0.73074245685386852,1.0793988123579616,7675
0.72762465763714501,0.01,0.008820198631950887,0.72916392651169659,0.72911057859699691,1.0829147694014731,7700
0.72598483892775156,0.01,0.0088278090441839402,0.7275285861130476,0.72747502596249281,1.0864307264449844,7725
0.72434135841981528,0.01,0.0088352601134203887,0.72588958693326266,0.72583581517921181,1.0899466834884957,7750
0.72269423108005226,0.01,0.0088425512898853177,0.72424694521424671,0.72419296250298781,1.0934626405320069,7775
0.72104347190648965,0.01,0.0088496815889216006,0.72260067706687814,0.72254648406402577,1.0969785975755182,7800
0.71938909592831313,0.01,0.0088566496653980885,0.72095079833506015,0.72089639573011111,1.1004945546190295,7825
0.71773111820571367,0.01,0.0088634539298676398,0.71929732449198713,0.71924271300150411,1.1040105116625407,7850
0.71606955382973336,0.01,0.0088700926937552698,0.71764027058093682,0.71758545094997883,1.107526468706052,7875
0.71440441792211151,0.01,0.0088765643272337852,0.71597965120792562,0.71592462420953729,1.1110424257495632,7900
0.71273572563513043,0.01,0.0088828674117166304,0.71431548058759686,0.71426024702039481,1.1145583827930745,7925
0.71106349215146092,0.01,0.0088890008692954457,0.71264777263747592,0.71259233332158534,1.1180743398365858,7950
0.70938773268400634,0.01,0.0088949640539620917,0.71097654110998976,0.71092089688178639,1.121590296880097,7975
0.70770846247574926,0.01,0.0089007567938263251,0.70930179974709673,0.7092459514533499,1.1251062539236083,8000
0.70602569679959448,0.01,0.0089063793792461335,0.70762356243961366,0.70756751093170089,1.1286222109671196,8025
0.70433945095821315,0.01,0.0089118324981443675,0.70594184337266774,0.70588558950153191,1.1321381680106308,8050
0.70264974028388738,0.01,0.0089171171260302908,0.70425665714028651,0.70420020175272013,1.1356541250541421,8075
0.70095658013835371,0.01,0.0089222343836135067,0.70256801881577613,0.70251136275246728,1.1391700820976534,8100
0.69925998591264604,0.01,0.0089271853787295311,0.70087594396974839,0.7008190880653149,1.1426860391411646,8125
0.69755997302693906,0.01,0.008931971051117725,0.69918044863389994,0.69912339371890819,1.1462019961846759,8150
0.69585655693038995,0.01,0.0089365920381895524,0.69748154921505123,0.6974242961197803,1.1497179532281874,8175
0.69414975310098281,0.01,0.0089410485773507055,0.69577926236984167,0.69572181192935034,1.1532339102716986,8200
0.69243957704536885,0.01,0.0089453404560010438,0.69407360485505076,0.69401595791495407,1.1567498673152099,8225
0.6907260442987091,0.01,0.0089494670146057238,0.69236459337129519,0.69230675079357218,1.1602658243587212,8250
0.68900917042451648,0.01,0.0089534272018997763,0.69065224441844952,0.69059420708660879,1.1637817814022324,8275
0.68728897101449626,0.01,0.0089572196751179119,0.68893657417956222,0.68887834300256756,1.1672977384457437,8300
0.68556546168838683,0.01,0.00896084293291401,0.6872175984464477,0.68715917436095886,1.170813695489255,8325
0.68383865809380218,0.01,0.0089642954649357919,0.68549533259503237,0.68543671656571725,1.1743296525327662,8350
0.68210857590607032,0.01,0.0089675759002929688,0.6837697916125256,0.6837109846304279,1.1778456095762775,8375
0.68037523082807561,0.01,0.0089706831375791565,0.68204099017232944,0.68198199325150566,1.1813615666197887,8400
0.67863863859009621,0.01,0.0089736164415887606,0.68030894274704079,0.68024975691987988,1.1848775236633,8425
0.67689881494964621,0.01,0.0089763754960904864,0.67857366374558292,0.67851429005736985,1.1883934807068113,8450
0.67515577569131346,0.01,0.008978960407395039,0.67683516765795337,0.67677560716131924,1.1919094377503225,8475
0.67340953662659986,0.01,0.0089813716593711169,0.67509346919050561,0.67503372294040864,1.1954253947938338,8500
0.67166011359375821,0.01,0.0089836100262583353,0.67334858337621051,0.67328865242601987,1.1989413518373451,8525
0.66990752245763396,0.01,0.0089856764544341307,0.67160052564763095,0.67154041104674433,1.2024573088808563,8550
0.66815177910950108,0.01,0.0089875719276536724,0.6698493118650295,0.66978901465827201,1.2059732659243676,8575
0.66639289946690128,0.01,0.0089892973318518813,0.66809495829749066,0.66803447952632311,1.2094892229678789,8600
0.66463089947348064,0.01,0.0089908533352097628,0.66633748156049899,0.66627682226586049,1.2130051800113901,8625
0.66286579509882959,0.01,0.0089922402969533841,0.66457689851840551,0.66451605974482286,1.2165211370549016,8650
0.66109760233831794,0.01,0.0089934582146210321,0.66281322616407845,0.6627522089645389,1.2200370940984129,8675
0.65932633721293332,0.01,0.0089945067147336709,0.66104648149031409,0.66098528693132264,1.2235530511419241,8700
0.65755201576911715,0.01,0.008995385086612644,0.65927668136809903,0.65921531053433324,1.2270690081854354,8725
0.6557746540786018,0.01,0.0089960923540725705,0.65750384244551963,0.65744229644355845,1.2305849652289467,8750
0.65399426823824713,0.01,0.0089966273754901165,0.65572798107827068,0.65566626103899184,1.2341009222724579,8775
0.65221087436987635,0.01,0.0089969889597995324,0.65394911329865724,0.6538872203780689,1.2376168793159692,8800
0.65042448862011171,0.01,0.0089971759845543509,0.65216725482531079,0.65210519020376223,1.2411328363594805,8825
0.64863512716020977,0.01,0.0089971875024579453,0.65038242111103872,0.65032018599094876,1.2446487934029917,8850
0.64684280618589873,0.01,0.0089970228246035958,0.64859462742193386,0.64853222302433877,1.248164750446503,8875
0.64504754191721059,0.01,0.008996681571793572,0.64680388893754004,0.64674131649788802,1.2516807074900143,8900
0.64324935059831867,0.01,0.0089961636893035081,0.64501022085983728,0.64494748162352822,1.2551966645335255,8925
0.64144824849737159,0.01,0.0089954694248286192,0.64321363851831148,0.64315073373649512,1.2587126215770368,8950
0.63964425190632612,0.01,0.0089945992735783829,0.64141415745931862,0.64135108838541421,1.262228578620548,8975
0.63783737714078426,0.01,0.0089935538980500541,0.63961179351024955,0.63954856139755401,1.2657445356640593,9000
0.63602764053982508,0.01,0.0089923340325816659,0.63780656281226988,0.63774316891288485,1.2692604927075706,9025
0.63421505846583925,0.01,0.008990940384068901,0.63599848181924445,0.6359349273843935,1.2727764497510818,9050
0.63239964730436216,0.01,0.0089893735401589021,0.63418756726439363,0.63412385354604439,1.2762924067945931,9075
0.63058142346390822,0.01,0.0089876338948830237,0.63237383609978948,0.63230996435335007,1.2798083638381046,9100
0.62876040337580352,0.01,0.0089857215992690687,0.63055730541663302,0.63049327690438173,1.2833243208816159,9125
0.62693660349401781,0.01,0.0089836365413202904,0.62873799235604066,0.62867380835087927,1.2868402779251271,9150
0.6251100402949985,0.01,0.0089813783562512003,0.62691591402065361,0.62685157580975537,1.2903562349686384,9175
0.62328073027750275,0.01,0.0089789464644693777,0.62509108739681485,0.62502659628476664,1.2938721920121496,9200
0.62144868996242908,0.01,0.0089763401318064869,0.62326352929539341,0.62319888660650535,1.2973881490556609,9225
0.61961393589265001,0.01,0.0089735585443363446,0.6214332563168794,0.62136846339643892,1.3009041060991722,9250
0.61777648463284396,0.01,0.0089706008888759264,0.61960028484340834,0.61953534305778335,1.3044200631426834,9275
0.6159363527693269,0.01,0.0089674664300909944,0.61776463105727542,0.61769954179289854,1.3079360201861947,9300
0.61409355690988343,0.01,0.0089641545759832249,0.61592631098263084,0.61586107564402082,1.311451977229706,9325
0.61224811368359755,0.01,0.0089606649252030011,0.61408534054467023,0.61401996055174124,1.3149679342732172,9350
0.6104000397406848,0.01,0.0089569972919667454,0.61224173563905482,0.61217621242403231,1.3184838913167285,9375
0.60854935175232261,0.01,0.0089531517070043851,0.61039551220354493,0.61032984720783523,1.3219998483602398,9400
0.60669606641048091,0.01,0.0089491283956152183,0.60854668628404163,0.60848088095538921,1.325515805403751,9425
0.60484020042775155,0.01,0.0089449277363182703,0.60669527408822232,0.60662932987844831,1.3290317624472623,9450
0.60298177053718083,0.01,0.0089405502054675842,0.60484129202167103,0.6047752103852041,1.3325477194907736,9475
0.60112079349209702,0.01,0.0089359963144030937,0.60298475670351859,0.60291853909684223,1.3360636765342848,9500
0.59925728606594175,0.01,0.0089312665461477869,0.60112568496094554,0.60105933284297952,1.3395796335777961,9525
0.59739126505209939,0.01,0.0089263612983245134,0.59926409380416079,0.59919760863749594,1.3430955906213073,9550
0.59552274726372578,0.01,0.0089212808379700043,0.59740000038542318,0.59733338363824406,1.3466115476648188,9575
0.59365174953357858,0.01,0.008916025272363964,0.59553342194715386,0.59546667509561724,1.3501275047083301,9600
0.59177828871384597,0.01,0.0089105945381237218,0.59366437576503617,0.5935975002958378,1.3536434617518414,9625
0.58990238167597464,0.01,0.0089049884088043731,0.591792879092225,0.59172587650507891,1.3571594187953526,9650
0.58802404531050023,0.01,0.0088992065193299243,0.58991894911033205,0.58985182092010613,1.3606753758388639,9675
0.58614329652687436,0.01,0.0088932484039621652,0.58804260289188259,0.58797535063018225,1.3641913328823752,9700
0.58426015225329364,0.01,0.0088871135432840188,0.58616385737752696,0.58609648259358338,1.3677072899258864,9725
0.58237462943652807,0.01,0.0088808014150136803,0.58428272936963599,0.58421523363043049,1.3712232469693977,9750
0.58048674504174869,0.01,0.00887431154331173,0.58239923554216821,0.58233162043180697,1.3747392040129089,9775
0.57859651605235574,0.01,0.008867643541672271,0.58051339246508882,0.58044565958351702,1.3782551610564202,9800
0.57670395946980557,0.01,0.0088607971453492102,0.57862521664023259,0.57855736760143761,1.3817711180999315,9825
0.57480909231343935,0.01,0.0088537722304924821,0.57673472454451169,0.57666676097441605,1.3852870751434427,9850
0.57291193162030962,0.01,0.0088465688186184221,0.57484193267582562,0.57477385621008881,1.388803032186954,9875
0.5710124944450079,0.01,0.008839187066542388,0.57294685759695685,0.5728786698789109,1.3923189892304653,9900
0.56911079785949081,0.01,0.0088316272433214358,0.57104951597313336,0.57098121865205431,1.3958349462739765,9925
0.56720685895290845,0.01,0.0088238896969881769,0.56914992459972213,0.56908151932959905,1.3993509033174878,9950
0.56530069483142964,0.01,0.0088159748147270383,0.56724810041763141,0.56717958885654318,1.4028668603609991,9975
0.56339232261806949,0.01,0.0088078829806838132,0.56534406051527664,0.56527544432541854,1.4063828174045103,10000
0.56148175945251488,0.01,0.0087996145356689353,0.5634378221173304,0.56336910296567033,1.4098987744480216,10025
0.55956902249095186,0.01,0.0087911697427082661,0.56152940256175221,0.56146058212123251,1.4134147314915331,10050
0.55765412890589083,0.01,0.0087825487616944031,0.5596188192677034,0.55954989921885157,1.4169306885350443,10075
0.55573709588599252,0.01,0.0087737516354156331,0.55770608969777735,0.55763707173055244,1.4204466455785556,10100
0.55381794063589429,0.01,0.0087647782880656711,0.55579123131842523,0.55572211713410524,1.4239626026220669,10125
0.55189668037603556,0.01,0.0087556285360755066,0.55387426156256403,0.55380505287548054,1.4274785596655781,10150
0.5499733323424828,0.01,0.0087463021099151231,0.5519551977980387,0.55188589633698204,1.4309945167090894,10175
0.54804791378675599,0.01,0.0087367986844346449,0.55003405730494903,0.54996466481410577,1.4345104737526007,10200
0.54612044197565279,0.01,0.0087271179145379865,0.54811085726393804,0.54804137550326881,1.4380264307961119,10225
0.544190934191074,0.01,0.0087172594724886868,0.54618561475638694,0.54611604550141313,1.4415423878396232,10250
0.54225940772984882,0.01,0.0087072230830556128,0.54425834677628004,0.54418869181730656,1.4450583448831344,10275
0.5403258799035594,0.01,0.0086970085529677922,0.54232907025232679,0.54225933139318383,1.4485743019266457,10300
0.53839036803836515,0.01,0.0086866157917710688,0.54039780207790988,0.54032798113434954,1.452090258970157,10325
0.53645288947482828,0.01,0.0086760448220921764,0.53846455914567914,0.53839465794359032,1.4556062160136682,10350
0.53451346156773705,0.01,0.0086652957783878871,0.53652935838316473,0.53645937875679228,1.4591221730571795,10375
0.53257210168593094,0.01,0.0086543688944756263,0.53459221678571611,0.53452216057606483,1.4626381301006908,10400
0.53062882721212434,0.01,0.0086432644812521678,0.53265315144339276,0.53258302049697848,1.466154087144202,10425
0.52868365554273111,0.01,0.0086319828970350277,0.53071217955906946,0.53064197572714056,1.4696700441877133,10450
0.52673660408768763,0.01,0.0086205245136820943,0.5287693184559592,0.52869904359426312,1.4731860012312246,10475
0.52478769027027772,0.01,0.0086088896820673139,0.52682458557387535,0.526754241542987,1.476701958274736,10500
0.52283693152695554,0.01,0.0085970787005315713,0.52487799845471739,0.52480758712088682,1.4802179153182473,10525
0.52088434530716976,0.01,0.0085850917895843645,0.52292957471880108,0.52285909795522401,1.4837338723617586,10550
0.51892994907318601,0.01,0.0085729290754545384,0.520979332034614,0.52090879172298465,1.4872498294052698,10575
0.51697376029991127,0.01,0.0085605905841317186,0.51902728808522169,0.51895668611739709,1.4907657864487811,10600
0.51501579647471696,0.01,0.0085480762464242091,0.51707346053491821,0.51700279881451405,1.4942817434922924,10625
0.51305607509726148,0.01,0.0085353859133710831,0.51511786699963258,0.51504714744337821,1.4977977005358036,10650
0.51109461367931386,0.01,0.0085225193802623434,0.51316052502419141,0.51308974956289732,1.5013136575793149,10675
0.5091314297445767,0.01,0.0085094764166009831,0.51120145206876832,0.51113062264780473,1.5048296146228262,10700
0.50716654082850809,0.01,0.0084962567987294478,0.50924066550585478,0.50916978408508884,1.5083455716663374,10725
0.50519996447814541,0.01,0.0084828603415913022,0.50727818262793045,0.50720725118113308,1.5118615287098487,10750
0.50323171825192781,0.01,0.0084692869262129895,0.50531402066486486,0.50524304117865182,1.51537748575336,10775
0.50126181971951789,0.01,0.0084555365199991146,0.50334819680903131,0.50327717128145433,1.5188934427968712,10800
0.49929028646162543,0.01,0.0084416091877375886,0.50138072824529967,0.50130965868423938,1.5224093998403825,10825
0.4973171360698283,0.01,0.0084275050922429564,0.49941163218257445,0.49934052060410961,1.5259253568838937,10850
0.49534238614639614,0.01,0.0084132244847187603,0.49744092588341443,0.4973697743103398,1.529441313927405,10875
0.49336605430411135,0.01,0.0083987676860262303,0.49546862668852593,0.49539743714917417,1.5329572709709163,10900
0.49138815816609172,0.01,0.0083841350610369854,0.49349475203351345,0.49342352656100336,1.5364732280144275,10925
0.48940871536561265,0.01,0.0083693269889711323,0.49151931945616706,0.4914480600881494,1.5399891850579388,10950
0.48742774354592827,0.01,0.0083543438330253607,0.48954234659362655,0.48947105537254598,1.5435051421014503,10975
0.4854452603600945,0.01,0.0083391859126194772,0.48756385116987033,0.48749253014370408,1.5470210991449616,11000
0.48346128347078954,0.01,0.0083238534812466146,0.48558385097506113,0.48551250219844294,1.5505370561884728,11025
0.48147583055013604,0.01,0.0083083467122607446,0.48360236383912825,0.48353098937472605,1.5540530132319841,11050
0.47948891927952281,0.01,0.008292665694003375,0.48161940760256899,0.48154800952255733,1.5575689702754953,11075
0.47750056734942675,0.01,0.0082768104346194991,0.4796350000877086,0.47956358047517084,1.5610849273190066,11100
0.47551079245923317,0.01,0.008260780875851614,0.47764915907354166,0.47757772002364457,1.5646008843625179,11125
0.47351961231705791,0.01,0.0082445769140997299,0.47566190227681787,0.47559044589763205,1.5681168414060291,11150
0.47152704463956913,0.01,0.0082281984262893536,0.47367324734129812,0.47360177575417539,1.5716327984495404,11175
0.46953310715180702,0.01,0.0082116452975972143,0.47168321183615908,0.47161172717563049,1.5751487554930517,11200
0.46753781758700741,0.01,0.0081949174479558091,0.46969181326348658,0.46962031767669843,1.5786647125365629,11225
0.46554119368641977,0.01,0.0081780148544532243,0.46769906907380931,0.46762756471956202,1.5821806695800742,11250
0.46354325319913126,0.01,0.0081609375672746353,0.46570499668774451,0.4656334857352456,1.5856966266235855,11275
0.46154401388188571,0.01,0.0081436857176073515,0.46370961352121776,0.46363809814868534,1.5892125836670967,11300
0.45954349349890572,0.01,0.0081262595168413842,0.46171293701137828,0.46164141940464781,1.592728540710608,11325
0.45754170982171288,0.01,0.0081086592473969595,0.45971498464033389,0.45964346699161512,1.5962444977541193,11350
0.45553868062894876,0.01,0.0080908852464059086,0.45771577395415664,0.45764425846106949,1.5997604547976305,11375
0.45353442370619612,0.01,0.0080729378842364329,0.45571532257519787,0.45564381144017951,1.6032764118411418,11400
0.45152895684579908,0.01,0.0080548175403459925,0.45371364820653837,0.45364214363667554,1.606792368884653,11425
0.44952229784668413,0.01,0.008036524579181319,0.45171076862831594,0.4516392728356029,1.6103083259281645,11450
0.44751446451418103,0.01,0.0080180593287340948,0.44970670168655902,0.4496352168885403,1.6138242829716758,11475
0.44550547465984253,0.01,0.0079994220640030814,0.44770146527594362,0.44762999369665668,1.6173402400151871,11500
0.44349534610126595,0.01,0.0079806129969916696,0.44569507731854224,0.44562362118964649,1.6208561970586983,11525
0.44148409666191307,0.01,0.007961632274101833,0.44368755574095181,0.44361611730291339,1.6243721541022096,11550
0.43947174417093099,0.01,0.0079424799809635592,0.44167891845232748,0.44160749995552578,1.6278881111457209,11575
0.43745830646297246,0.01,0.0079231561539048305,0.43966918332561433,0.43959778703125141,1.6314040681892321,11600
0.43544380137801586,0.01,0.0079036607966146838,0.43765836818387671,0.43758699636459242,1.6349200252327434,11625
0.43342824676118641,0.01,0.007883993900011637,0.43564649079297069,0.43557514573310363,1.6384359822762546,11650
0.43141166046257612,0.01,0.0078641554630879146,0.43363356886109611,0.43356225285656885,1.6419519393197659,11675
0.4293940603370639,0.01,0.0078441455124764435,0.43161962004499854,0.43154833540284693,1.6454678963632772,11700
0.42737546424413619,0.01,0.0078239641187093333,0.42960466196187996,0.42953341099948239,1.6489838534067884,11725
0.42535589004770735,0.01,0.0078036114075901988,0.42758871220553413,0.4275174972496289,1.6524998104502997,11750
0.42333535561593927,0.01,0.007783087565671188,0.42557178836481807,0.42550061175041165,1.656015767493811,11775
0.42131387882106264,0.01,0.0077623928394976345,0.42355390804240861,0.423482772111691,1.6595317245373222,11800
0.41929147753919627,0.01,0.0077415275289563204,0.42153508887187446,0.42146399597324741,1.6630476815808335,11825
0.4172681696501675,0.01,0.007720491975646478,0.41951534853132766,0.41944430101863978,1.6665636386243448,11850
0.41524397303733274,0.01,0.0076992865476886926,0.41749470475238115,0.4174237049844372,1.670079595667856,11875
0.41321890558739743,0.01,0.0076779116226710509,0.41547317532366129,0.41540222566404267,1.6735955527113675,11900
0.4111929851902365,0.01,0.0076563675705470955,0.41345077808873337,0.41337988090593347,1.6771115097548788,11925
0.40916622973871364,0.01,0.0076346547382249667,0.4114275309388491,0.41135668860669539,1.68062746679839,11950
0.40713865712850267,0.01,0.0076127734373256832,0.40940345180146098,0.40933266669976764,1.6841434238419013,11975
0.40511028525790671,0.01,0.0075907239362130938,0.40737855862579475,0.40730783314116892,1.6876593808854126,12000
0.40308113202767881,0.01,0.0075685064569077157,0.40535286936702142,0.40528220589373182,1.6911753379289238,12025
0.40105121534084226,0.01,0.0075461211770000694,0.40332640197063307,0.40325580291145063,1.6946912949724351,12050
0.39902055310251028,0.01,0.0075235682361761312,0.4012991743585298,0.40122864212545106,1.6982072520159464,12075
0.39698916321970606,0.01,0.0075008477465502129,0.39927120441808678,0.39920074143286943,1.7017232090594576,12100
0.39495706360118404,0.01,0.0074779598056670081,0.39724250999514643,0.39717211868960389,1.7052391661029689,12125
0.39292427215724868,0.01,0.0074549045108154143,0.39521310889144678,0.39514279170747529,1.7087551231464801,12150
0.3908908067995755,0.01,0.0074316819732598528,0.39318301886657153,0.39311277825590846,1.7122710801899914,12175
0.38885668544103086,0.01,0.0074082923310279294,0.39115225764408407,0.39108209606782307,1.7157870372335027,12200
0.38682192599549231,0.01,0.0073847357590879677,0.38912084292112659,0.38905076284903556,1.7193029942770139,12225
0.38478654637766885,0.01,0.0073610124760190342,0.38708879238047905,0.38701879629018732,1.7228189513205252,12250
0.38275056450292133,0.01,0.0073371227466423527,0.38505612370387182,0.38498621408000072,1.7263349083640365,12275
0.38071399828708208,0.01,0.0073130668804231381,0.38302285458526225,0.38295303391858043,1.7298508654075477,12300
0.37867686564627567,0.01,0.0072888452258770518,0.38098900274283193,0.38091927352951144,1.733366822451059,12325
0.3766391844967395,0.01,0.0072644581615410545,0.37895458592856734,0.37888495066960787,1.7368827794945703,12350
0.37460097275464299,0.01,0.0072399060843875646,0.37691962193454226,0.37685008313541274,1.7403987365380817,12375
0.37256224833590951,0.01,0.0072151893967681516,0.37488412859531317,0.3748146887658434,1.743914693581593,12400
0.3705230291560353,0.01,0.0071903084931231737,0.37284812378618243,0.37277878544070897,1.7474306506251043,12425
0.36848333312991077,0.01,0.0071652637477067011,0.37081162541746665,0.37074239107521734,1.7509466076686155,12450
0.36644317817164013,0.01,0.0071400555044896811,0.36877465142526888,0.36870552361094538,1.7544625647121268,12475
0.36440258219436289,0.01,0.007114684070249541,0.3667372197595794,0.36666820100407749,1.7579785217556381,12500
0.36236156311007367,0.01,0.007089149711530263,0.36469934837080009,0.36463044121199445,1.7614944787991493,12525
0.36032013882944269,0.01,0.0070634526558610647,0.36266105519595304,0.36259226217946311,1.7650104358426606,12550
0.35827832726163666,0.01,0.0070375930971916219,0.36062235814590415,0.36055368182575959,1.7685263928861719,12575
0.35623614631413958,0.01,0.0070115712050991584,0.35858327509487631,0.35851471803400703,1.7720423499296831,12600
0.35419361389257259,0.01,0.006985387136962156,0.35654382387334105,0.35647538864383166,1.7755583069731944,12625
0.35215074790051532,0.01,0.0069590410519309942,0.35450402226509592,0.35443571144816821,1.7790742640167057,12650
0.35010756623932676,0.01,0.0069325331253353804,0.35246388800892209,0.35239570419463423,1.7825902210602169,12675
0.34806408680796563,0.01,0.0069058635620493922,0.35042343880479687,0.35035538459147675,1.7861061781037282,12700
0.34602032750281142,0.01,0.0068790326073767376,0.34838269232413416,0.34831477031759506,1.7896221351472394,12725
0.34397630621748537,0.01,0.0068520405542197805,0.34634166622309859,0.34627387903570717,1.7931380921907507,12750
0.3419320408426712,0.01,0.0068248877456387634,0.34430037815766196,0.34423272840735009,1.796654049234262,12775
0.33988754926593651,0.01,0.0067975745723462344,0.34225884579881855,0.34219133610813823,1.8001700062777732,12800
0.33784284937155346,0.01,0.0067701014652351401,0.34021708684629037,0.34014971984161135,1.8036859633212845,12825
0.33579795904032,0.01,0.0067424688835656249,0.33817511903914294,0.33810789735008062,1.807201920364796,12850
0.33375289614938153,0.01,0.0067146772999626741,0.33613296016199529,0.3360658864211345,1.8107178774083073,12875
0.3317076785720513,0.01,0.0066867271837930588,0.33409062804594453,0.33402370488889432,1.8142338344518185,12900
0.32966232417763242,0.01,0.0066586189847221595,0.33204814056389309,0.33198137062967131,1.8177497914953298,12925
0.3276168508312392,0.01,0.0066303531183397046,0.33000551562058023,0.32993890155228911,1.821265748538841,12950
0.32557127639361827,0.01,0.0066019299555680703,0.32796277113825251,0.3278963155839717,1.8247817055823523,12975
0.32352561872097035,0.01,0.0065733498172145296,0.32591992503945399,0.32585363065324874,1.8282976626258636,13000
0.99683784268178732,0.02,-0.083239032089646767,1.1661849292060389,1.1632104507113374,0.11251062539236083,400
0.9964305849234113,0.02,-0.10346118206655384,1.1352021847172986,1.1304776795639617,0.11954253947938338,425
0.99599873569481945,0.02,-0.11558951482296367,1.1032925507580373,1.0972208148869436,0.12657445356640593,450
0.99554231100808344,0.02,-0.12034458488573886,1.0718293477633594,1.0650517976208986,0.13360636765342848,475
0.99506132778606193,0.02,-0.1186960688049762,1.0420640632134406,1.0352819688814976,0.14063828174045104,500
0.99455580386170461,0.02,-0.1117784242637246,1.0150718471660325,1.0088986266113065,0.14767019582747359,525
0.99402575797731585,0.02,-0.10080850290878733,0.99169871453670977,0.98656169911214964,0.15470210991449615,550
0.99347120978378434,0.02,-0.087009664083273403,0.97251865715357888,0.96861853010765608,0.16173402400151871,575
0.99289217983977174,0.02,-0.071546054545421192,0.95780967223293345,0.95513377612873851,0.16876593808854126,600
0.99228868961086691,0.02,-0.055469658173819249,0.94755573513662339,0.9459307523346443,0.17579785217556379,625
0.99166076146870119,0.02,-0.039681584161313163,0.94147686609025938,0.94064024008203317,0.18282976626258635,650
0.99100841869002632,0.02,-0.024907950313907457,0.93908315679046372,0.93875277330013918,0.1898616803496089,675
0.99033168545575578,0.02,-0.011689714127810388,0.93974341996001087,0.93967071144191106,0.19689359443663146,700
0.98963058684996963,0.02,-0.00038497352663218137,0.94275700501714244,0.94275692641543407,0.20392550852365401,725
0.98890514885887915,0.02,0.0088183556685693786,0.94741865040242346,0.94737760989673592,0.21095742261067657,750
0.98815539836975741,0.02,0.015881957783682111,0.95306980967699551,0.95293747199630141,0.21798933669769913,775
0.98738136316983305,0.02,0.020891249496889773,0.95913392824601063,0.95890638125266536,0.22502125078472165,800
0.98658307194514239,0.02,0.024026779885887646,0.9651363427759051,0.964837226683944,0.23205316487174421,825
0.98576055427935094,0.02,0.025535211780349149,0.97071133382394725,0.97037541527678839,0.23908507895876677,850
0.98491384065253307,0.02,0.025701827895351623,0.97559952996820287,0.97526091837877726,0.24611699304578932,875
0.98404296243991751,0.02,0.024826054961856692,0.97963875187192007,0.97932412977737071,0.25314890713281185,900
0.98314795191059356,0.02,0.023201017076294551,0.98275089978336461,0.98247699404700473,0.26018082121983443,925
0.98222884222618367,0.02,0.021097659170233304,0.98492690409776928,0.98470091662044923,0.26721273530685696,950
0.98128566743947676,0.02,0.018753558063712733,0.98621122060332678,0.9860328978811278,0.27424464939387955,975
0.98031846249302546,0.02,0.016366187203499728,0.98668691242173479,0.98655117001641446,0.28127656348090208,1000
0.97932726321770769,0.02,0.014090136487333302,0.98646202158842999,0.98636138817884611,0.28830847756792466,1025
0.97831210633124999,0.02,0.012037615040054741,0.98565767631240564,0.98558416723165687,0.29534039165494719,1050
0.97727302943671701,0.02,0.010281478252412064,0.98439818317609107,0.9843444896200384,0.30237230574196972,1075
0.97621007102096113,0.02,0.0088600099346086581,0.98280319887743617,0.98276326139497094,0.3094042198289923,1100
0.97512327045303915,0.02,0.0077827407717375383,0.98098195188115611,0.98095107873055676,0.31643613391601483,1125
0.97401266798258923,0.02,0.007036677963904202,0.97902938465034395,0.97900409660637444,0.32346804800303741,1150
0.97287830473817516,0.02,0.0065924404865174754,0.97702401019494511,0.97700176879361067,0.33049996209005994,1175
0.97172022272559266,0.02,0.0064099239039843315,0.97502722278271281,0.97500615282310643,0.33753187617708252,1200
0.97053846482613881,0.02,0.0064432449586693486,0.9730837723079836,0.97306244019771848,0.34456379026410505,1225
0.96933307479484698,0.02,0.0066448294849001674,0.9712231043889975,0.97120037311572238,0.35159570435112758,1250
0.96810409725868518,0.02,0.0069686013760246433,0.9694612813952429,0.96943623550977742,0.35862761843815016,1275
0.96685157771471919,0.02,0.007372302493096063,0.96780322919644346,0.96777514929812802,0.36565953252517269,1300
0.96557556252823928,0.02,0.0078190234676156333,0.96624509519833901,0.9662134582310784,0.37269144661219528,1325
0.9642760989308502,0.02,0.0082780553273949561,0.96477654954606817,0.96474103486584084,0.3797233606992178,1350
0.96295323501852903,0.02,0.0087251851081422103,0.96338290804882654,0.96334339602524,0.38675527478624039,1375
0.96160701974964335,0.02,0.0091425590728412467,0.96204699830732987,0.96200355538103033,0.39378718887326292,1400
0.96023750294293686,0.02,0.0095182288445915496,0.96075072701567676,0.96070357695847763,0.40081910296028544,1425
0.95884473527547864,0.02,0.0098454822536906232,0.95947633519940945,0.95942582010642263,0.40785101704730803,1450
0.95742876828057688,0.02,0.010122044911578608,0.95820734919565498,0.95815388547945257,0.41488293113433056,1475
0.95598965434565819,0.02,0.010349222562197623,0.9569292492985334,0.95687328406399397,0.42191484522135314,1500
0.95452744671011147,0.02,0.010531039456085503,0.95562988648430269,0.95557185870554784,0.42894675930837567,1525
0.95304219946309643,0.02,0.010673415005982763,0.95429968193748616,0.95423999138481785,0.43597867339539825,1550
0.95153396754131847,0.02,0.010783409971267992,0.95293164555044219,0.95287063086279733,0.44301058748242078,1575
0.95000280672676629,0.02,0.010868564212677047,0.95152124923029713,0.95145917518763778,0.45004250156944331,1600
0.94844877364441782,0.02,0.010936340329942406,0.95006618946462451,0.95000324253342383,0.45707441565646589,1625
0.94687192575991108,0.02,0.010993680889663612,0.94856607161206707,0.94850236225011331,0.46410632974348842,1650
0.94527232137717654,0.02,0.011046681181338959,0.94702204599533513,0.94695761596603056,0.47113824383051101,1675
0.943650019636041,0.02,0.011100374331638328,0.94543642312169363,0.94537125609722228,0.47817015791753353,1700
0.94200508050979359,0.02,0.011158621107743414,0.94381229220538976,0.94374632613481779,0.48520207200455612,1725
0.94033756480271835,0.02,0.01122409289790998,0.94215316357862711,0.94208630357299772,0.49223398609157865,1750
0.9386475341475925,0.02,0.011298333282404325,0.94046265155936404,0.94039478233511564,0.49926590017860117,1775
0.93693505100315133,0.02,0.011381881430492801,0.93874420997300401,0.93867520715790809,0.5062978142656237,1800
0.93520017865151917,0.02,0.011474439386643911,0.93700092795287571,0.93693066777927192,0.51332972835264634,1825
0.93344298119560654,0.02,0.011575065194591724,0.93523538908272874,0.93516375617239578,0.52036164243966887,1850
0.93166352355647264,0.02,0.011682374731074125,0.93344959263806115,0.93337648573167153,0.5273935565266914,1875
0.92986187147065624,0.02,0.011794736982716433,0.93164493187834485,0.93157026749146221,0.53442547061371393,1900
0.92803809148747196,0.02,0.011910450128494345,0.92982222125600777,0.92974593536040417,0.54145738470073657,1925
0.92619225096627289,0.02,0.012027888959418542,0.92798176220213946,0.92790381013711121,0.54848929878775909,1950
0.92432441807368104,0.02,0.012145617615923273,0.92612343591226565,0.92604379082129173,0.55552121287478162,1975
0.92243466178078559,0.02,0.012262465082431156,0.92424681129700059,0.92416546145307532,0.56255312696180415,2000
0.92052305186030414,0.02,0.012377564093523925,0.9223512569120661,0.92226820233291074,0.56958504104882668,2025
0.91858965888371724,0.02,0.012490356859405556,0.92043604710206783,0.92035129585957798,0.57661695513584932,2050
0.9166345542183636,0.02,0.012600573145009225,0.91850045459241347,0.91841401918899712,0.58364886922287185,2075
0.9146578100245103,0.02,0.012708187635756594,0.91654382412189084,0.91645571824447358,0.59068078330989437,2100
0.91265949925238232,0.02,0.012813364160013989,0.91456562419230669,0.91447586007131243,0.5977126973969169,2125
0.91063969563916625,0.02,0.012916394246145605,0.9125654763992529,0.91247406290561139,0.60474461148393943,2150
0.90859847370597968,0.02,0.013017636762080969,0.91054316390621381,0.91045010542559057,0.61177652557096207,2175
0.90653590875480705,0.02,0.013117464155593322,0.90849862228305589,0.90840391832286671,0.6188084396579846,2200
0.90445207686540496,0.02,0.013216219253646307,0.90643191705270876,0.90633556247147673,0.62584035374500713,2225
0.90234705489217759,0.02,0.013314184872725178,0.90434321283790087,0.90424519854249252,0.63287226783202966,2250
0.90022092046101598,0.02,0.013411566818595894,0.90223273899153478,0.9021330529271373,0.6399041819190523,2275
0.89807375196611028,0.02,0.013508489372319955,0.90010075609936124,0.89999938435841143,0.64693609600607482,2300
0.89590562856672795,0.02,0.013605001193878129,0.89794752687243795,0.89784445476866559,0.65396801009309735,2325
0.89371663018396152,0.02,0.013701088805294134,0.89577329383650739,0.89566850682395627,0.66099992418011988,2350
0.89150683749744541,0.02,0.013796694472329544,0.89357826502380799,0.89347174938248386,0.66803183826714241,2375
0.88927633194204248,0.02,0.013891735369751815,0.89136260772211895,0.89125435097596728,0.67506375235416505,2400
0.88702519570449756,0.02,0.013986121329191579,0.88912644935776819,0.88901644043162509,0.68209566644118758,2425
0.88475351172006267,0.02,0.014079769137610575,0.8868698838732193,0.88675811302876106,0.6891275805282101,2450
0.88246136366909089,0.02,0.014172612166144748,0.88459298155529387,0.88447944016877678,0.69615949461523263,2475
0.88014883597359894,0.02,0.014264604946889664,0.88229580018455989,0.88218048043981456,0.70319140870225516,2500
0.87781601379380236,0.02,0.014355723072186041,0.87997839557806656,0.87986129014704517,0.7102233227892778,2525
0.875462983024617,0.02,0.014445959382182882,0.87764083002291704,0.87752193179478044,0.71725523687630033,2550
0.87308983029213194,0.02,0.014535317777332728,0.87528317766241359,0.87516247956360904,0.72428715096332286,2575
0.87069664295005511,0.02,0.014623806122843102,0.87290552650692255,0.87278302143248021,0.73131906505034538,2600
0.86828350907612528,0.02,0.014711429615543302,0.87050797730965934,0.87038365816369812,0.73835097913736802,2625
0.86585051746849795,0.02,0.014798185702435858,0.86809064000051617,0.8679644998249767,0.74538289322439055,2650
0.86339775764209936,0.02,0.014884061236875839,0.86565362865981654,0.8655256608171733,0.75241480731141308,2675
0.86092531982495346,0.02,0.0149690321053732,0.86319705611748487,0.86306725448699562,0.75944672139843561,2700
0.8584332949544784,0.02,0.015053065126705234,0.86072102918884297,0.86058938833696541,0.76647863548545814,2725
0.85592177467375508,0.02,0.015136121675987773,0.85822564533771217,0.85809216063074611,0.77351054957248078,2750
0.85339085132776737,0.02,0.015218162261790565,0.85571099123992589,0.85557565887897391,0.7805424636595033,2775
0.85084061795961163,0.02,0.015299151204050801,0.85317714336383865,0.85303996033651064,0.78757437774652583,2800
0.8482711683066817,0.02,0.015379060621108186,0.85062417034662774,0.85048513430412231,0.79460629183354836,2825
0.84568259679682101,0.02,0.015457873111867743,0.84805213667522505,0.84791124575528065,0.80163820592057089,2850
0.84307499854445234,0.02,0.015535582775200974,0.84546110701255672,0.84531835963661217,0.80867012000759353,2875
0.84044846934667361,0.02,0.015612194496690292,0.84285115045898085,0.84270654513479681,0.81570203409461606,2900
0.83780310567933014,0.02,0.015687721705976567,0.84022234410169672,0.8400758792605737,0.82273394818163859,2925
0.83513900469306035,0.02,0.015762183026319845,0.83757477536128344,0.83742644925255916,0.82976586226866111,2950
0.83245626420930774,0.02,0.015835598373620932,0.8349085428619103,0.83475835351791938,0.83679777635568375,2975
0.82975498271631454,0.02,0.015907985102314521,0.83222375579177021,0.83207170106556605,0.84382969044270628,3000
0.8270352593650816,0.02,0.015979354742985032,0.82952053194463815,0.82936660961224706,0.85086160452972881,3025
0.82429719396530332,0.02,0.016049710747778143,0.8267989948100537,0.82664320272039249,0.85789351861675134,3050
0.82154088698127814,0.02,0.016119047481013584,0.82405927018644243,0.82390160643642218,0.86492543270377387,3075
0.81876643952779005,0.02,0.016187350495160357,0.82130148281930748,0.82114194592965484,0.87195734679079651,3100
0.81597395336596468,0.02,0.016254597947545888,0.81852575351884282,0.81836434258779445,0.87898926087781903,3125
0.81316353089909899,0.02,0.016320762866926974,0.81573219710247324,0.81556891191920122,0.88602117496484156,3150
0.81033527516846549,0.02,0.016385815889024737,0.81292092136006366,0.81275576246652703,0.89305308905186409,3175
0.80748928984909063,0.02,0.016449728053764313,0.8100920270786417,0.8099249957763619,0.90008500313888662,3200
0.80462567924550854,0.02,0.016512473291334984,0.80724560901444131,0.80707670732025161,0.90711691722590926,3225
0.80174454828748598,0.02,0.016574030307617314,0.8043817575834723,0.80421098814455283,0.91414883131293179,3250
0.79884600252572735,0.02,0.01663438369419128,0.80150056097100619,0.80132792695372346,0.92118074539995431,3275
0.79593014812755003,0.02,0.016693524213618832,0.79860210734037085,0.79842761230922532,0.92821265948697684,3300
0.79299709187253731,0.02,0.016751448327224465,0.79568648684890619,0.79551013465127829,0.93524457357399948,3325
0.79004694114816676,0.02,0.016808157124289291,0.79275379324383755,0.79257558791359339,0.94227648766102201,3350
0.78707980394541177,0.02,0.01686365486815717,0.78980412489857243,0.78962407058757245,0.94930840174804454,3375
0.78409578885432407,0.02,0.016917947392823103,0.78683758524441338,0.78665568618632209,0.95634031583506707,3400
0.7810950050595844,0.02,0.016971040565990258,0.78385428263883294,0.78367054314510687,0.9633722299220896,3425
0.77807756233603731,0.02,0.017022938989450273,0.78085432977768765,0.7806687542618338,0.97040414400911224,3450
0.77504357104419686,0.02,0.017073645046217351,0.77783784279817469,0.77765043582174742,0.97743605809613476,3475
0.771993142125731,0.02,0.017123158338288952,0.77480494023048285,0.77461570656299239,0.98446797218315729,3500
0.76892638709892169,0.02,0.017171475500191921,0.77175574194230057,0.77156468662715327,0.99149988627017982,3525
0.76584341805410461,0.02,0.017218590329643232,0.76869036818848691,0.76849749660803157,0.99853180035720235,3550
0.7627443476490815,0.02,0.017264494151901955,0.76560893883721681,0.7654142567715394,1.0055637144442249,3575
0.75962928910451299,0.02,0.017309176328823932,0.7625115728026638,0.76231508647855695,1.0125956285312474,3600
0.7564983561992894,0.02,0.017352624833843425,0.75939838768019485,0.75920010380838032,1.0196275426182702,3625
0.75335166326587599,0.02,0.017394826834351118,0.75626949955782663,0.75606942535778321,1.0266594567052927,3650
0.75018932518563974,0.02,0.017435769246450478,0.75312502296883688,0.752923166181381,1.0336913707923152,3675
0.74701145738415164,0.02,0.017475439247670116,0.74996507095332199,0.74976143984144861,1.0407232848793377,3700
0.74381817582646892,0.02,0.017513824746350701,0.74678975520720714,0.74658435854576699,1.0477551989663603,3725
0.74060959701239515,0.02,0.017550914810068305,0.74359918631054489,0.74339203336532622,1.0547871130533828,3750
0.73738583797171753,0.02,0.017586700050221029,0.74039347403765055,0.74018457453454445,1.0618190271404053,3775
0.73414701625942769,0.02,0.017621172948676708,0.73717272775570142,0.73696209184102157,1.0688509412274279,3800
0.73089324995091487,0.02,0.017654328099565859,0.7339370569138155,0.73372469510754923,1.0758828553144504,3825
0.72762465763714501,0.02,0.017686162329754427,0.73068657161166461,0.73047249475641041,1.0829147694014731,3850
0.72434135841981528,0.02,0.017716674659369363,0.72742138321802885,0.72720560242743215,1.0899466834884957,3875
0.72104347190648965,0.02,0.017745866071508312,0.72414160498960267,0.72392413160101921,1.0969785975755182,3900
0.71773111820571367,0.02,0.017773739078255284,0.72084735262392685,0.72062819816053691,1.1040105116625407,3925
0.71440441792211151,0.02,0.017800297096294292,0.71753874467222323,0.71731792081968337,1.1110424257495632,3950
0.71106349215146092,0.02,0.017825543675659992,0.71421590274158409,0.71399342134339239,1.1180743398365858,3975
0.70770846247574926,0.02,0.017849481654161555,0.71087895143270952,0.71065482450676887,1.1251062539236083,4000
0.70433945095821315,0.02,0.017872112332043995,0.70752801798802178,0.70730225776456357,1.1321381680106308,4025
0.70095658013835371,0.02,0.017893434771654664,0.70416323166198036,0.70393585064032382,1.1391700820976534,4050
0.69755997302693906,0.02,0.017913445322065239,0.70078472286541205,0.70055573388435399,1.1462019961846759,4075
0.69414975310098281,0.02,0.017932137448000412,0.69739262217224418,0.69716203848662373,1.1532339102716986,4100
0.6907260442987091,0.02,0.017949501907923302,0.69398705930401328,0.69375489465854556,1.1602658243587212,4125
0.68728897101449626,0.02,0.017965527282032958,0.69056816221977713,0.69033443091090196,1.1672977384457437,4150
0.68383865809380218,0.02,0.017980200803415839,0.68713605643369491,0.68690077335108501,1.1743296525327662,4175
0.68037523082807561,0.02,0.01799350940165911,0.68369086465919471,0.68345404530066967,1.1813615666197887,4200
0.67689881494964621,0.02,0.018005440834720658,0.68023270683988846,0.67999436729657481,1.1883934807068113,4225
0.67340953662659986,0.02,0.018015984767179215,0.6767617005781762,0.67652185749045368,1.1954253947938338,4250
0.66990752245763396,0.02,0.01802513365446003,0.67327796191963851,0.67303663240822265,1.2024573088808563,4275
0.66639289946690128,0.02,0.018032883313673267,0.66978160640233997,0.66953880798225174,1.2094892229678789,4300
0.66286579509882959,0.02,0.018039233099922558,0.66627275024224186,0.66602850072990671,1.2165211370549016,4325
0.65932633721293332,0.02,0.018044185657291763,0.66275151150475331,0.66250582892967846,1.2235530511419241,4350
0.6557746540786018,0.02,0.018047746269340598,0.6592180111113134,0.65897091364350302,1.2305849652289467,4375
0.65221087436987635,0.02,0.0180499218871196,0.65567237354934793,0.65542387945184333,1.2376168793159692,4400
0.64863512716020977,0.02,0.018050719955971274,0.65211472719144903,0.65186485480431378,1.2446487934029917,4425
0.64504754191721059,0.02,0.018050147189689565,0.64854520418014872,0.64829397193827232,1.2516807074900143,4450
0.64144824849737159,0.02,0.01804820844807857,0.64496393989127832,0.64471136637405058,1.2587126215770368,4475
0.63783737714078426,0.02,0.018044905860603963,0.64137107204386534,0.64111717605066465,1.2657445356640593,4500
0.63421505846583925,0.02,0.018040238306496162,0.6377667395702824,0.63751154021237377,1.2727764497510818,4525
0.63058142346390822,0.02,0.018034201314886877,0.63415108139084198,0.63389459818814398,1.2798083638381046,4550
0.62693660349401781,0.02,0.018026787393763347,0.63052423524813772,0.63026648821868114,1.2868402779251271,4575
0.62328073027750275,0.02,0.018017986741195965,0.62688633674700445,0.62662734647785101,1.2938721920121496,4600
0.61961393589265001,0.02,0.018007788243848657,0.62323751871750888,0.62297730640828475,1.3009041060991722,4625
0.6159363527693269,0.02,0.017996180632556692,0.61957791097504133,0.61931649844876302,1.3079360201861947,4650
0.61224811368359755,0.02,0.017983153647178219,0.61590764049944724,0.61564505017948312,1.3149679342732172,4675
0.60854935175232261,0.02,0.017968699064898501,0.61222683200126127,0.61196308685754552,1.3219998483602398,4700
0.60484020042775155,0.02,0.017952811466955772,0.60853560879472135,0.60827073226614647,1.3290317624472623,4725
0.60112079349209702,0.02,0.017935488655098163,0.60483409386046172,0.60456810976324971,1.3360636765342848,4750
0.59739126505209939,0.02,0.017916731675750079,0.60112241096015651,0.6008553433935746,1.3430955906213073,4775
0.59365174953357858,0.02,0.017896544460450761,0.59740068566301363,0.5971325589239076,1.3501275047083301,4800
0.58990238167597464,0.02,0.017874933138927664,0.59366904615961635,0.5933998846758799,1.3571594187953526,4825
0.58614329652687436,0.02,0.017851905120096764,0.58992762376946373,0.5896574520599811,1.3641913328823752,4850
0.58237462943652807,0.02,0.017827468061681763,0.58617655309011585,0.58590539575525258,1.3712232469693977,4875
0.57859651605235574,0.02,0.017801628858320699,0.58241597178230819,0.58214385352515829,1.3782551610564202,4900
0.57480909231343935,0.02,0.017774392770505548,0.57864602003061738,0.57837296570544638,1.3852870751434427,4925
0.5710124944450079,0.02,0.017745762794221197,0.57486683975754638,0.57459287443865836,1.3923189892304653,4950
0.56720685895290845,0.02,0.017715739337255624,0.57107857369569637,0.57080372275769664,1.3993509033174878,4975
0.56339232261806949,0.02,0.017684320227716856,0.56728136443523602,0.5670056536345881,1.4063828174045103,5000
0.55956902249095186,0.02,0.017651501038704984,0.56347535356131551,0.56319880910929676,1.4134147314915331,5025
0.55573709588599252,0.02,0.017617275675650766,0.55966068097952337,0.55938332959807802,1.4204466455785556,5050
0.55189668037603556,0.02,0.017581637143921667,0.55583748449984394,0.55555935345420449,1.4274785596655781,5075
0.54804791378675599,0.02,0.017544578397037238,0.55200589971486724,0.55172701681981307,1.4345104737526007,5100
0.544190934191074,0.02,0.017506093161618975,0.54816606017096559,0.54788645377082967,1.4415423878396232,5125
0.5403258799035594,0.02,0.01746617664374904,0.54431809779645535,0.54403779672206676,1.4485743019266457,5150
0.53645288947482828,0.02,0.017424826040832019,0.54046214352249322,0.54018117703079482,1.4556062160136682,5175
0.53257210168593094,0.02,0.017382040810316107,0.53659832801360985,0.53631672571743472,1.4626381301006908,5200
0.52868365554273111,0.02,0.017337822677858574,0.5327267824169678,0.53244457421324753,1.4696700441877133,5225
0.52478769027027772,0.02,0.017292175398767203,0.52884763904284371,0.52856485504729522,1.476701958274736,5250
0.52088434530716976,0.02,0.01724510431404332,0.52496103190219645,0.52467770239740197,1.4837338723617586,5275
0.51697376029991127,0.02,0.017196615763193614,0.52106709704823584,0.52078325245016155,1.4907657864487811,5300
0.51305607509726148,0.02,0.017146716428194021,0.5171659726945711,0.51688164354023347,1.4977977005358036,5325
0.5091314297445767,0.02,0.017095412685865619,0.51325779910946845,0.51297301606594803,1.5048296146228262,5350
0.50519996447814541,0.02,0.017042710039867775,0.50934271831078404,0.5090575122034009,1.5118615287098487,5375
0.50126181971951789,0.02,0.016988612689939429,0.50542087360658416,0.50513527546204295,1.5188934427968712,5400
0.4973171360698283,0.02,0.016933123277076256,0.50149240904037851,0.50120645013926701,1.5259253568838937,5425
0.49336605430411135,0.02,0.016876242821586604,0.4975574688062982,0.49727118073859583,1.5329572709709163,5450
0.48940871536561265,0.02,0.016817970849030747,0.4936161966983762,0.49332961141562459,1.5399891850579388,5475
0.4854452603600945,0.02,0.016758305679329434,0.48966873565010716,0.48938188550857975,1.5470210991449616,5500
0.48147583055013604,0.02,0.016697244838729561,0.48571522740715833,0.48542814519760086,1.5540530132319841,5525
0.47750056734942675,0.02,0.016634785544124384,0.48175581235928711,0.48146853132043604,1.5610849273190066,5550
0.47351961231705791,0.02,0.01657092520502261,0.47779062953929813,0.47750318335421432,1.5681168414060291,5575
0.46953310715180702,0.02,0.0165056618901567,0.47381981677919333,0.47353223955527696,1.5751487554930517,5600
0.46554119368641977,0.02,0.016438994712629194,0.46984351099827337,0.46955583723346772,1.5821806695800742,5625
0.46154401388188571,0.02,0.016370924098505903,0.46586184858615232,0.46557411312514801,1.5892125836670967,5650
0.45754170982171288,0.02,0.016301451917463287,0.46187496583630733,0.46158720382141516,1.5962444977541193,5675
0.45353442370619612,0.02,0.01623058146898175,0.45788299938323807,0.45759524620495035,1.6032764118411418,5700
0.44952229784668413,0.02,0.01615831733215177,0.45388608659842844,0.45359837785052709,1.6103083259281645,5725
0.44550547465984253,0.02,0.016084665100131672,0.44988436590657005,0.44959673735000927,1.6173402400151871,5750
0.44148409666191307,0.02,0.016009631030568818,0.44587797699307874,0.44559046453184514,1.6243721541022096,5775
0.43745830646297246,0.02,0.015933221650140363,0.44186706088574579,0.44157970055659812,1.6314040681892321,5800
0.43342824676118641,0.02,0.015855443354339284,0.43785175990627195,0.4375645878828141,1.6384359822762546,5825
0.4293940603370639,0.02,0.015776302042653179,0.4338322175002276,0.43354527011031241,1.6454678963632772,5850
0.42535589004770735,0.02,0.015695802824590276,0.42980857796554917,0.42952189171968769,1.6524998104502997,5875
0.42131387882106264,0.02,0.015613949824126784,0.42578098610903625,0.42549459773641424,1.6595317245373222,5900
0.4172681696501675,0.02,0.015530746099858399,0.42174958686668373,0.42146353335466652,1.6665636386243448,5925
0.41321890558739743,0.02,0.015446193686379388,0.41771452492651934,0.41742884355922333,1.6735955527113675,5950
0.40916622973871364,0.02,0.015360293750310287,0.41367594439172084,0.41339067278336883,1.68062746679839,5975
0.40511028525790671,0.02,0.01527304684300943,0.40963398851723276,0.40934916463658216,1.6876593808854126,6000
0.40105121534084226,0.02,0.015184453222464443,0.40558879954530869,0.40530446172838924,1.6946912949724351,6025
0.39698916321970606,0.02,0.015094513210060775,0.40154051865511703,0.40125670560474336,1.7017232090594576,6050
0.39292427215724868,0.02,0.015003227544572728,0.39748928602971711,0.39720603680163274,1.7087551231464801,6075
0.38885668544103086,0.02,0.014910597696199145,0.39343524103152011,0.39315259500844252,1.7157870372335027,6100
0.38478654637766885,0.02,0.014816626107774825,0.38937852246601634,0.38909651932213479,1.7228189513205252,6125
0.38071399828708208,0.02,0.014721316338074247,0.38531926890427526,0.3850379485637741,1.7298508654075477,6150
0.3766391844967395,0.02,0.014624673092597176,0.38125761902849653,0.38097702162231889,1.7368827794945703,6175
0.37256224833590951,0.02,0.014526702139346839,0.37719371196246376,0.37691387778772056,1.743914693581593,6200
0.36848333312991077,0.02,0.014427410119598463,0.37312768755043224,0.37284865703657016,1.7509466076686155,6225
0.36440258219436289,0.02,0.01432680427511929,0.36905968655366389,0.36878150023876066,1.7579785217556381,6250
0.36032013882944269,0.02,0.0142248921224821,0.36498985074295132,0.36471254926238228,1.7650104358426606,6275
0.35623614631413958,0.02,0.014121681110942766,0.36091832287707343,0.36064194696540819,1.7720423499296831,6300
0.35215074790051532,0.02,0.014017178302089782,0.35684524656989919,0.35656983707540318,1.7790742640167057,6325
0.34806408680796563,0.02,0.013911390106916947,0.35277076606139368,0.35249636397108514,1.7861061781037282,6350
0.34397630621748537,0.02,0.01380432210932621,0.34869502591860962,0.34842167239062755,1.7931380921907507,6375
0.33988754926593651,0.02,0.013695978995084587,0.34461817070057305,0.34434590709978757,1.8001700062777732,6400
0.33579795904032,0.02,0.013586364593093118,0.34054034462492166,0.3402692125573572,1.807201920364796,6425
0.3317076785720513,0.02,0.013475482022856417,0.33646169127366288,0.33619173261546054,1.8142338344518185,6450
0.3276168508312392,0.02,0.013363333929845799,0.33238235337059352,0.33211361028788561,1.821265748538841,6475
0.32352561872097035,0.02,0.013249922780439159,0.32830247265428547,0.32803498761142874,1.8282976626258636,6500
0.31943412507159691,0.02,0.013135251181508214,0.32422218985915474,0.32395600561413346,1.8353295767128861,6525
0.31534251263502927,0.02,0.013019322187285666,0.32014164480435287,0.31987680439165966,1.8423614907999086,6550
0.3112509240790341,0.02,0.012902139558164166,0.31606097657758869,0.3157975232803461,1.8493934048869312,6575
0.30715950198153746,0.02,0.01278370794226211,0.31198032379003759,0.31171830110435228,1.8564253189739537,6600
0.30306838882493281,0.02,0.012664032960184216,0.30789982487053957,0.30763927646594852,1.8634572330609762,6625
0.29897772699039549,0.02,0.012543121185181326,0.30381961836323174,0.30356058804349689,1.870489147147999,6650
0.29488765875220291,0.02,0.012420980023435597,0.29973984319309449,0.29948237486149043,1.8775210612350215,6675
0.29079832627206037,0.02,0.012297617510912464,0.29566063886845989,0.2954047765010937,1.884552975322044,6700
0.28670987159343375,0.02,0.012173042052734295,0.29158214559773848,0.29132793322742523,1.8915848894090665,6725
0.28262243663588926,0.02,0.012047262137195791,0.28750450430840152,0.28725198602031871,1.8986168034960891,6750
0.2785361631894388,0.02,0.011920286058699981,0.28342785656818326,0.28317707650710966,1.9056487175831116,6775
0.27445119290889414,0.02,0.011792121681856798,0.27935234442014034,0.27910334680771748,1.9126806316701341,6800
0.27036766730822681,0.02,0.011662776273102436,0.27527811015310999,0.27503093931241868,1.9197125457571567,6825
0.26628572775493675,0.02,0.011532256417317048,0.27120529603613097,0.27095999642008173,1.9267444598441792,6850
0.26220551546442861,0.02,0.01140056802618607,0.26713404404873814,0.26689066026842051,1.9337763739312017,6875
0.25812717149439512,0.02,0.011267716433867358,0.26306449563840112,0.26282307248765724,1.9408082880182245,6900
0.25405083673921092,0.02,0.0111337065652735,0.25899679153197408,0.2587573740050228,1.947840202105247,6925
0.24997665192433219,0.02,0.010998543154180957,0.25493107162052869,0.25469370492039406,1.9548721161922695,6950
0.24590475760070749,0.02,0.010862230983358047,0.25086747492737932,0.25063220446403822,1.9619040302792921,6975
0.24183529413919608,0.02,0.010724775117475922,0.24680613965876974,0.24657301103718493,1.9689359443663146,7000
0.23776840172499664,0.02,0.010586181101709278,0.24274720332683167,0.24251626232622006,1.9759678584533371,7025
0.23370422035208435,0.02,0.010446455104301667,0.23869080292629527,0.2384620954729563,1.9829997725403596,7050
0.22964288981765868,0.02,0.010305603989090098,0.23463707514091914,0.23441064727760424,1.9900316866273822,7075
0.22558454971660052,0.02,0.010163635313028517,0.23058615655327266,0.23036205440834681,1.9970636007144047,7100
0.22152933943593991,0.02,0.010020557252934895,0.22653818383249563,0.22631645359201405,2.0040955148014272,7125
0.21747739814933406,0.02,0.0098763784738635715,0.22249329387865971,0.22227398176398569,2.0111274288884498,7150
0.21342886481155587,0.02,0.009731107957726335,0.21845162390872619,0.21823477616153353,2.0181593429754723,7175
0.20938387815299347,0.02,0.009584754814406694,0.21441331147690476,0.21419897435244617,2.0251912570624948,7200
0.2053425766741615,0.02,0.0094373280983156647,0.21037849443042134,0.21016671419893199,2.0322231711495173,7225
0.20130509864022217,0.02,0.0092888366512466364,0.2063473108092842,0.20613813376444884,2.0392550852365403,7250
0.19727158207552065,0.02,0.0091392889879115917,0.20231989870467168,0.20211337117732719,2.0462869993235628,7275
0.19324216475812855,0.02,0.0089886932344040108,0.19829639609443908,0.19809256446919066,2.0533189134105854,7300
0.18921698421440314,0.02,0.0088370571229058805,0.19427694067562759,0.19407585140786535,2.0603508274976079,7325
0.18519617771355645,0.02,0.008684388039125952,0.19026166971274378,0.19006336934366677,2.0673827415846304,7350
0.18117988226223777,0.02,0.0085306931130840896,0.1862507199173187,0.18605525508496096,2.074414655671653,7375
0.17716823459912909,0.02,0.0083759793395547268,0.18224422736939477,0.18205164481424224,2.0814465697586755,7400
0.17316137118955297,0.02,0.008220253712169617,0.17824232748586064,0.17805267405036171,2.088478483845698,7425
0.16915942822009417,0.02,0.0080635233549646509,0.17424515503473853,0.17405847765674617,2.0955103979327205,7450
0.16516254159323376,0.02,0.0079057956368793706,0.17025284418933362,0.17006918989018974,2.1025423120197431,7475
0.16117084692199865,0.02,0.0077470782579770773,0.16626552861216481,0.16608494448067043,2.1095742261067656,7500
0.15718447952462292,0.02,0.0075873793004379627,0.16228334155617305,0.16210587473003196,2.1166061401937881,7525
0.15320357441922453,0.02,0.0074267072420154401,0.15830641596999354,0.15813211361645052,2.1236380542808106,7550
0.14922826631849642,0.02,0.0072650709340810922,0.15433488459497685,0.15416379389230014,2.1306699683678332,7575
0.14525868962441132,0.02,0.007102479550081202,0.15036888004387497,0.1502010481650842,2.1377018824548557,7600
0.14129497842294184,0.02,0.0069389425128140135,0.14640853485423144,0.14624400895409892,2.1447337965418782,7625
0.13733726647879646,0.02,0.0067744694102733604,0.14245398151306632,0.14229280871897326,2.1517657106289008,7650
0.13338568723016825,0.02,0.0066090699098491868,0.13850535245292533,0.13834757985969903,2.1587976247159233,7675
0.12944037378350173,0.02,0.0064427536796288019,0.13456278002236657,0.1344084546908097,2.1658295388029463,7700
0.12550145890827472,0.02,0.0062755303236766598,0.13062639643621374,0.13047556539470329,2.1728614528899688,7725
0.12156907503179397,0.02,0.0061074093358183109,0.12669633371221686,0.12654904396052219,2.1798933669769913,7750
0.11764335423400982,0.02,0.0059384000740117255,0.12277272360118768,0.12262902211554409,2.1869252810640138,7775
0.11372442824234552,0.02,0.0057685117551062263,0.11885569751726956,0.11871563125573599,2.1939571951510364,7800
0.10981242842654343,0.02,0.0055977534679531281,0.11494538647398096,0.11480900238119338,2.2009891092380589,7825
0.10590748579352817,0.02,0.0054261342015332328,0.11104192103031353,0.11090926604089189,2.2080210233250814,7850
0.10200973098228615,0.02,0.0052536628840431504,0.10714543124964972,0.10701655228970068,2.215052937412104,7875
0.098119294258762979,0.02,0.0050803484286747564,0.10325604667283067,0.1031309906591857,2.2220848514991265,7900
0.094236305510777968,0.02,0.0049061997820140412,0.099373896305505208,0.099252710142525916,2.229116765586149,7925
0.090360894242956277,0.02,0.0047312259714216067,0.095499108618944228,0.095381839192900095,2.2361486796731715,7950
0.086493189571678328,0.02,0.004555436148316468,0.091631811562843973,0.091518505734016209,2.2431805937601941,7975
0.082633320220048587,0.02,0.0043788396248365972,0.087772132588225416,0.087662837181014072,2.2502125078472166,8000
0.078781414512881051,0.02,0.0042014459018779125,0.083920198678224964,0.0838149604696342,2.2572444219342391,8025
0.074937600371704147,0.02,0.004023264686960553,0.080076136384370208,0.079975002091321731,2.2642763360212617,8050
0.071102005309784097,0.02,0.0038443059008233527,0.076240071865715492,0.076143088131690295,2.2713082501082842,8075
0.067274756427166696,0.02,0.0036645796721331498,0.072412130928004761,0.072319344309535141,2.2783401641953067,8100
0.063455980405739229,0.02,0.0034840963202706532,0.068592439059860816,0.068503896013378668,2.2853720782823292,8125
0.059645803504310167,0.02,0.0033028663269054257,0.064781121462911498,0.064696868332393714,2.2924039923693518,8150
0.055844351553709454,0.02,0.003120900297895374,0.060978303072890948,0.060898386078614086,2.2994359064563747,8175
0.052051749951908956,0.02,0.002938208918008535,0.057184108569153014,0.057108573797660309,2.3064678205433973,8200
0.048268123659160389,0.02,0.002754802901862293,0.053398662370773904,0.053327555765849577,2.3134997346304198,8225
0.044493597193156501,0.02,0.0025706929452170863,0.049622088618554307,0.049555455972567421,2.3205316487174423,8250
0.040728294624210064,0.02,0.0023858896812063855,0.045854511143697423,0.045792398088073359,2.3275635628044649,8275
0.036972339570454885,0.02,0.0022004036460829836,0.042096053425696028,0.042038505418406105,2.3345954768914874,8300
0.033225855193066388,0.02,0.0020142452585186631,0.038346838543951121,0.038293900850584421,2.3416273909785099,8325
0.029488964191504371,0.02,0.0018274248154401076,0.034606989129883831,0.034558706792642162,2.3486593050655324,8350
0.025761788798775304,0.02,0.0016399525058133036,0.030876627329178261,0.030833045114027166,2.355691219152555,8375
0.022044450776717676,0.02,0.0014518384418866798,0.027155874788453976,0.027117037092294034,2.3627231332395775,8400
0.018337071411306756,0.02,0.0012630927053992505,0.023444852690821319,0.0234108033717743,2.3697550473266,8425
0.014639771507983177,0.02,0.0010737254043325743,0.019743681891757049,0.019714463938920224,2.3767869614136226,8450
0.01095267138700199,0.02,0.00088374673428701751,0.016052483290769293,0.016028138117387944,2.3838188755006451,8475
0.0072758908788039733,0.02,0.00069316703766593955,0.012371378886089435,0.012351944583792178,2.3908507895876676,8500
0.0036095493194097054,0.02,0.0005019968537270604,0.008700495457633595,0.0086860014026680279,2.3978827036746901,8525
-4.6234454164301264e-05,0.02,0.00031024695331846006,0.0050399840958586769,0.005030426076831367,2.4049146177617127,8550
-0.0036913421084667523,0.02,0.00011792835365014172,0.0013903459430883243,0.0013853356073051501,2.4119465318487352,8575
-0.0073256558181497766,0.02,-7.4947689332116303e-05,0.002250401824698114,-0.0022491534444026664,2.4189784459357577,8600
-0.010949058270484507,0.02,-0.00026836971079681986,0.0058790534251707488,-0.0058729248994294778,2.4260103600227803,8625
-0.014561432669853065,0.02,-0.00046232608623570401,0.0094971227589735509,-0.0094858629174682553,2.4330422741098032,8650
-0.018162662742216618,0.02,-0.00065680509473191046,0.013104322270156631,-0.013087851971490863,2.4400741881968258,8675
-0.021752632739561618,0.02,-0.0008517949891389614,0.016700513517711141,-0.016678776845192526,2.4471061022838483,8700
-0.025331227444320328,0.02,-0.0010472840650125551,0.02028557477744182,-0.020258522654388069,2.4541380163708708,8725
-0.028898332173768745,0.02,-0.0012432607201219097,0.023859388710936603,-0.023826974890685786,2.4611699304578933,8750
-0.032453832784399575,0.02,-0.0014397134973800729,0.027421839799702648,-0.027384019483012677,2.4682018445449159,8775
-0.03599761567627139,0.02,-0.0016366311059497357,0.030972813620072436,-0.030929542870317087,2.4752337586319384,8800
-0.039529567797333007,0.02,-0.001834002417901786,0.034512196618244596,-0.034463432077312096,2.4822656727189609,8825
-0.043049576647723763,0.02,-0.0020318164407655448,0.038039876048318842,-0.037985574784679732,2.4892975868059835,8850
-0.046557530284047889,0.02,-0.0022300622692798464,0.04155573996318878,-0.041495859385766422,2.496329500893006,8875
-0.050053317323625147,0.02,-0.0024287290222262136,0.045059677214799518,-0.044994175023424079,2.5033614149800285,8900
-0.053536826948715317,0.02,-0.0026278057720599754,0.048551577444803463,-0.048480411603069921,2.510393329067051,8925
-0.057007948910717685,0.02,-0.0028272814759610536,0.052031331058083247,-0.051954459780961498,2.5174252431540736,8950
-0.060466573534345251,0.02,-0.0030271449167155384,0.055498829178238805,-0.055416210929731875,2.5244571572410961,8975
-0.063912591721772466,0.02,-0.0032273846606100235,0.058953963588506061,-0.058865557086018962,2.5314890713281186,9000
-0.067345894956758093,0.02,-0.0034279890373692229,0.062396626664431146,-0.062302390887188884,2.5385209854151412,9025
-0.070766375308741136,0.02,-0.0036289461444208508,0.065826711306183963,-0.065726605505446428,2.5455528995021637,9050
-0.074173925436911342,0.02,-0.0038302438747452889,0.069244110878678197,-0.069138094587851168,2.5525848135891862,9075
-0.077568438594252623,0.02,-0.0040318699646722782,0.072648719166800782,-0.072536752209929153,2.5596167276762092,9100
-0.080949808631559789,0.02,-0.0042338120555816079,0.076040430351206667,-0.07592247284878649,2.5666486417632317,9125
-0.084317930001430161,0.02,-0.0044360577618399464,0.07941913900757458,-0.079295151379123255,2.5736805558502542,9150
-0.087672697762226304,0.02,-0.0046385947366783713,0.08278474012933254,-0.082654683092671655,2.5807124699372768,9175
-0.091014007582012724,0.02,-0.004841410728124277,0.086137129170982665,-0.086000963738670722,2.5877443840242993,9200
-0.094341755742465574,0.02,-0.0050444936184926683,0.089476202106698405,-0.0893338895804483,2.5947762981113218,9225
-0.097655839142754067,0.02,-0.0052478314431241447,0.092801855497113755,-0.092653357461301641,2.6018082121983443,9250
-0.1009561553033957,0.02,-0.0054514123867102048,0.096113986556396983,-0.095959264871888647,2.6088401262853669,9275
-0.1042426023700825,0.02,-0.0056552247583632033,0.099412493211867931,-0.099251510011344829,2.6158720403723894,9300
-0.10751507911748029,0.02,-0.0058592569491742533,0.10269727414956971,-0.10252999183534266,2.6229039544594119,9325
-0.11077348495299991,0.02,-0.0060634973780479577,0.10596822884112098,-0.10579461008610312,2.6299358685464345,9350
-0.11401771992053955,0.02,-0.0062679344328740345,0.1092252575496368,-0.10904526530175292,2.636967782633457,9375
-0.11724768470420008,0.02,-0.0064725564144340504,0.11246826131516058,-0.11228185880505015,2.6439996967204795,9400
-0.12046328063197063,0.02,-0.0066773514898579075,0.11569714192255606,-0.1155042926740343,2.651031610807502,9425
-0.1236644096793867,0.02,-0.0068823076610101345,0.1189118018568693,-0.11871246969929716,2.6580635248945246,9450
-0.12685097447315852,0.02,-0.0070874127511538218,0.12211214425252083,-0.12190629333403276,2.6650954389815471,9475
-0.13002287829477144,0.02,-0.0072926544108501169,0.12529807284319899,-0.12508566764367335,2.6721273530685696,9500
-0.13318002508405666,0.02,-0.0074980201416411651,0.12846949191895096,-0.12825049726168297,2.6791592671555922,9525
-0.13632231944273329,0.02,-0.0077034973339354619,0.13162630629580221,-0.1314006873570393,2.6861911812426147,9550
-0.13944966663792063,0.02,-0.0079090733139244567,0.13476842130144631,-0.13453614361724173,2.6932230953296377,9575
-0.14256197260562078,0.02,-0.0081147353934823974,0.13789574277840358,-0.13765677224859446,2.7002550094166602,9600
-0.14565914395417306,0.02,-0.0083204709169273951,0.14100817710381316,-0.14076247999328834,2.7072869235036827,9625
-0.14874108796767707,0.02,-0.0085262672992086862,0.14410563122301839,-0.14385317416076374,2.7143188375907052,9650
-0.15180771260938661,0.02,-0.008732112051423874,0.14718801269254128,-0.14692876266919649,2.7213507516777278,9675
-0.15485892652507341,0.02,-0.0089379927913508395,0.15025522972711516,-0.14998915409192062,2.7283826657647503,9700
-0.15789463904636136,0.02,-0.009143897238648991,0.15330719124523698,-0.153034257703276,2.7354145798517728,9725
-0.16091476019402903,0.02,-0.0093498131963039716,0.15634380690819169,-0.15606398351874834,2.7424464939387954,9750
-0.16391920068128349,0.02,-0.0095557285214833768,0.15936498714860184,-0.15907824232527129,2.7494784080258179,9775
-0.16690787191700246,0.02,-0.0097616310900896803,0.16237064318608666,-0.16207694569902426,2.7565103221128404,9800
-0.1698806860089459,0.02,-0.0099675087598093664,0.16536068702935444,-0.1650600060097637,2.7635422361998629,9825
-0.17283755576693755,0.02,-0.010173349336318081,0.16833503146576398,-0.16802733641244505,2.7705741502868855,9850
-0.17577839470601456,0.02,-0.010379140546616542,0.1712935900408688,-0.17097885082840744,2.777606064373908,9875
-0.17870311704954661,0.02,-0.010584870022304405,0.17423627703152283,-0.17391446391952711,2.7846379784609305,9900
-0.18161163773232386,0.02,-0.010790525294169696,0.177163007416653,-0.17683409105935691,2.7916698925479531,9925
-0.18450387240361377,0.02,-0.010996093797985881,0.18007369684979119,-0.17973764830534641,2.7987018066349756,9950
-0.18737973743018563,0.02,-0.011201562890012234,0.18296826163692714,-0.18262505237579024,2.8057337207219981,9975
-0.19023914989930493,0.02,-0.011406919869618155,0.18584661872229438,-0.18549622063427051,2.8127656348090206,10000
-0.19308202762169482,0.02,-0.011612152005787968,0.18870868568350116,-0.18835107108320065,2.8197975488960432,10025
-0.19590828913446651,0.02,-0.011817246564039648,0.19155438073614334,-0.19118952236681816,2.8268294629830661,10050
-0.19871785370401721,0.02,-0.01202219083055282,0.19438362274683041,-0.1940114937827547,2.8338613770700887,10075
-0.20151064132889721,0.02,-0.012226972130938396,0.19719633125261279,-0.19681690530033097,2.8408932911571112,10100
-0.20428657274264361,0.02,-0.012431577841974318,0.19999242648417531,-0.19960567758304673,2.8479252052441337,10125
-0.207045569416582,0.02,-0.012635995395697886,0.20277182938995195,-0.20237773201246148,2.8549571193311563,10150
-0.20978755356259707,0.02,-0.012840212276238766,0.20553446165848252,-0.20513299071076635,2.8619890334181788,10175
-0.21251244813586859,0.02,-0.013044216010654662,0.20828024573681608,-0.20787137655977525,2.8690209475052013,10200
-0.21522017683757716,0.02,-0.013247994155651845,0.21100910484351923,-0.21059281321477971,2.8760528615922238,10225
-0.21791066411757534,0.02,-0.013451534282375426,0.21372096297567206,-0.21329722511251445,2.8830847756792464,10250
-0.22058383517702779,0.02,-0.01365482396143668,0.21641574491006293,-0.21598453747330987,2.8901166897662689,10275
-0.22323961597101669,0.02,-0.013857850750054922,0.21909337619951874,-0.21865467629825125,2.8971486038532914,10300
-0.2258779332111161,0.02,-0.014060602182673075,0.22175378316577773,-0.22130756836266438,2.904180517940314,10325
-0.22849871436793145,0.02,-0.014263065765779556,0.22439689289059472,-0.223943141207571,2.9112124320273365,10350
-0.23110188767360751,0.02,-0.014465228977014841,0.22702263320672639,-0.22656132313075494,2.918244346114359,10375
-0.23368738212430193,0.02,-0.014667079268070331,0.22963093269021564,-0.22916204317888791,2.9252762602013815,10400
-0.23625512748262581,0.02,-0.014868604070465306,0.23222172065500912,-0.23174523114180545,2.9323081742884041,10425
-0.238805054280051,0.02,-0.015069790803046943,0.23479492715042538,-0.23431081754952321,2.9393400883754266,10450
-0.24133709381928398,0.02,-0.015270626880036506,0.23735048296151606,-0.23685873367211016,2.9463720024624491,10475
-0.24385117817660529,0.02,-0.015471099718587978,0.23988831961194998,-0.23938891152211406,2.9534039165494721,10500
-0.24634724020417581,0.02,-0.015671196745111922,0.24240836936873264,-0.24190128385889959,2.9604358306364946,10525
-0.24882521353230977,0.02,-0.015870905399967484,0.24491056524797475,-0.24439578419413821,2.9674677447235172,10550
-0.25128503257171331,0.02,-0.016070213140474122,0.24739484102092171,-0.24687234679766559,2.9744996588105397,10575
-0.25372663251568844,0.02,-0.016269107442509451,0.24986113121961209,-0.24933090670305655,2.9815315728975622,10600
-0.25614994934230406,0.02,-0.016467575801126143,0.25230937114179164,-0.251771399712518,2.9885634869845847,10625
-0.25855491981653245,0.02,-0.016665605730715054,0.25473949685496161,-0.25419376240094355,2.9955954010716073,10650
-0.26094148149235102,0.02,-0.016863184765165205,0.25715144519970673,-0.25659793211924692,3.0026273151586298,10675
-0.26330957271481065,0.02,-0.017060300458335884,0.25954515379260434,-0.25898384699725568,3.0096592292456523,10700
-0.26565913262206914,0.02,-0.017256940384936283,0.26192056102911115,-0.26135144594655507,3.0166911433326749,10725
-0.26799010114738969,0.02,-0.017453092141684803,0.26427760608677181,-0.26370066866363612,3.0237230574196974,10750
-0.27030241902110619,0.02,-0.017648743348442998,0.26661622892896719,-0.26603145563358527,3.0307549715067199,10775
-0.27259602777255282,0.02,-0.017843881648930523,0.26893637030922651,-0.26834374813436657,3.0377868855937424,10800
-0.27487086973195946,0.02,-0.018038494710596712,0.27123797177588577,-0.2706374882415073,3.044818799680765,10825
-0.27712688803231178,0.02,-0.018232570223364115,0.27352097567670114,-0.27291261883281365,3.0518507137677875,10850
-0.27936402661117754,0.02,-0.018426095897128111,0.27578532516288695,-0.27516908359259606,3.05888262785481,10875
-0.28158223021249706,0.02,-0.018619059458152121,0.27803096419200912,-0.27740682701482322,3.0659145419418325,10900
-0.28378144438833941,0.02,-0.018811448644757943,0.28025783752927863,-0.27962579440472435,3.0729464560288551,10925
-0.28596161550062288,0.02,-0.019003251202909292,0.28246589074694162,-0.28182593187849531,3.0799783701158776,10950
-0.28812269072280139,0.02,-0.019194454882427912,0.28465507022176573,-0.28400718636105815,3.0870102842029006,10975
-0.29026461804151454,0.02,-0.019385047434600951,0.28682532313090858,-0.28616950558210846,3.0940421982899231,11000
-0.29238734625820395,0.02,-0.019575016611813961,0.28897659744675636,-0.28831283807099511,3.1010741123769456,11025
-0.29449082499069279,0.02,-0.019764350169624498,0.29110884193153541,-0.29043713315120734,3.1081060264639682,11050
-0.29657500467473169,0.02,-0.019953035871372982,0.29322200613264582,-0.29254234093540898,3.1151379405509907,11075
-0.29863983656550708,0.02,-0.02014106149506302,0.29531604037962167,-0.29462841232194564,3.1221698546380132,11100
-0.30068527273911677,0.02,-0.020328414841899185,0.29739089578349853,-0.29669529899364322,3.1292017687250357,11125
-0.30271126609400817,0.02,-0.020515083745569804,0.29944652423905532,-0.29874295341942947,3.1362336828120583,11150
-0.30471777035238129,0.02,-0.020701056081204892,0.30148287843005561,-0.30077132885897634,3.1432655968990808,11175
-0.3067047400615574,0.02,-0.020886319772903554,0.30349991183718283,-0.30278037937013319,3.1502975109861033,11200
-0.30867213059531023,0.02,-0.021070862798855346,0.30549757874797362,-0.30477005981852312,3.1573294250731259,11225
-0.31061989815516305,0.02,-0.021254673193352336,0.30747583426773856,-0.30674032588834094,3.1643613391601484,11250
-0.31254799977164927,0.02,-0.021437739045378355,0.30943463433027141,-0.30869113409317583,3.1713932532471709,11275
-0.31445639330553798,0.02,-0.021620048493906998,0.31137393570712191,-0.31062244178562498,3.1784251673341934,11300
-0.31634503744902254,0.02,-0.021801589720486989,0.31329369601433665,-0.31253420716456481,3.185457081421216,11325
-0.31821389172687498,0.02,-0.021982350940070838,0.3151938737158762,-0.31442638927921945,3.1924889955082385,11350
-0.32006291649756319,0.02,-0.022162320391319001,0.31707442812332215,-0.31629894802955683,3.199520909595261,11375
-0.32189207295433298,0.02,-0.022341486327701748,0.31893531939197795,-0.31815184416302239,3.2065528236822836,11400
-0.32370132312625388,0.02,-0.022519837010651834,0.3207765085139257,-0.31998503926808564,3.2135847377693061,11425
-0.32549062987922939,0.02,-0.02269736070578407,0.32259795730901653,-0.32179849576550479,3.2206166518563291,11450
-0.32725995691697046,0.02,-0.022874045682799771,0.32439962841506964,-0.3235921768985407,3.2276485659433516,11475
-0.32900926878193443,0.02,-0.023049880219225504,0.3261814852786486,-0.32536604672347824,3.2346804800303741,11500
-0.33073853085622618,0.02,-0.023224852607628299,0.32794349214775176,-0.32712007010181521,3.2417123941173966,11525
-0.33244770936246454,0.02,-0.023398951165507633,0.32968561406747254,-0.32885421269523157,3.2487443082044192,11550
-0.33413677136461206,0.02,-0.023572164246671315,0.33140781687932669,-0.33056844096412064,3.2557762222914417,11575
-0.33580568476876893,0.02,-0.023744480252749924,0.33311006722446562,-0.3322627221699942,3.2628081363784642,11600
-0.33745441832393064,0.02,-0.023915887643436537,0.33479233255043817,-0.33393702438152872,3.2698400504654868,11625
-0.33908294162270897,0.02,-0.024086374944247708,0.33645458112075777,-0.33559131648359092,3.2768719645525093,11650
-0.34069122510201866,0.02,-0.024255930750895303,0.33809678202610588,-0.33722556818814309,3.2839038786395318,11675
-0.34227924004372501,0.02,-0.024424543729827119,0.33971890519581527,-0.33883975004570094,3.2909357927265543,11700
-0.34384695857525793,0.02,-0.024592202614986659,0.34132092140825976,-0.34043383345596967,3.2979677068135769,11725
-0.34539435367018895,0.02,-0.024758896201343986,0.34290280229887493,-0.34200779067634168,3.3049996209005994,11750
-0.34692139914877113,0.02,-0.024924613336166801,0.34446452036492514,-0.34356159482730386,3.3120315349876219,11775
-0.34842806967844375,0.02,-0.025089342909266486,0.34600604896650061,-0.34509521989414699,3.3190634490746445,11800
-0.34991434077430089,0.02,-0.025253073843599167,0.34752736232376696,-0.34660864072490244,3.326095363161667,11825
-0.3513801887995226,0.02,-0.025415795087510046,0.34902843551095403,-0.34810183302489789,3.3331272772486895,11850
-0.35282559096577154,0.02,-0.025577495609673661,0.35050924444800663,-0.34957477334877812,3.340159191335712,11875
-0.35425052533355172,0.02,-0.025738164397417541,0.35196976589107237,-0.35102743909111694,3.347191105422735,11900
-0.35565497081253195,0.02,-0.02589779045863768,0.35340997742315983,-0.35245980847693659,3.3542230195097575,11925
-0.35703890716183279,0.02,-0.026056362827059764,0.35482985744621126,-0.35387186055339753,3.3612549335967801,11950
-0.35840231499027775,0.02,-0.02621387057014667,0.35622938517563352,-0.35526357518375207,3.3682868476838026,11975
-0.35974517575660714,0.02,-0.026370302798622625,0.35760854063795322,-0.35663493304430455,3.3753187617708251,12000
-0.3610674717696567,0.02,-0.026525648676423673,0.35896730467184196,-0.35798591562470994,3.3823506758578477,12025
-0.36236918618849989,0.02,-0.026679897429832695,0.3603056589322835,-0.35931650523147507,3.3893825899448702,12050
-0.36365030302255308,0.02,-0.026833038354727452,0.3616235858972543,-0.36062668499411216,3.3964145040318927,12075
-0.36491080713164553,0.02,-0.026985060821161887,0.36292106887596243,-0.36191643887304881,3.4034464181189152,12100
-0.36615068422605318,0.02,-0.027135954274859885,0.36419809201751357,-0.3631857516681925,3.4104783322059378,12125
-0.36736992086649523,0.02,-0.027285708235658224,0.36545464031886427,-0.36443460902700908,3.4175102462929603,12150
-0.36856850446409556,0.02,-0.027434312293327146,0.36669069963105261,-0.36566299745107256,3.4245421603799828,12175
-0.36974642328030805,0.02,-0.027581756101525148,0.36790625666296606,-0.36687090430028962,3.4315740744670054,12200
-0.37090366642680417,0.02,-0.027728029370875592,0.36910129898227567,-0.36805831779435599,3.4386059885540279,12225
-0.37204022386532687,0.02,-0.027873121862211445,0.37027581501354923,-0.36922522701137644,3.4456379026410504,12250
-0.37315608640750669,0.02,-0.028017023380961934,0.37142979403395016,-0.37037162188398465,3.4526698167280729,12275
-0.37425124571464202,0.02,-0.028159723773454617,0.37256322616721155,-0.37149749319359288,3.4597017308150955,12300
-0.37532569429744389,0.02,-0.028301212925592466,0.37367610237678917,-0.3726028325636413,3.466733644902118,12325
-0.37637942551574399,0.02,-0.028441480764018791,0.37476841445913189,-0.37368763245277681,3.4737655589891405,12350
-0.37741243357816778,0.02,-0.028580517259526993,0.37584015503795404,-0.37475188614886412,3.4807974730761635,12375
-0.3784247135417696,0.02,-0.028718312432187074,0.37689131756017591,-0.37579558776453548,3.487829387163186,12400
-0.37941626131163486,0.02,-0.028854856357433522,0.37792189629393386,-0.37681873223473744,3.4948613012502086,12425
-0.38038707364044338,0.02,-0.028990139172295887,0.37893188632871605,-0.37782131531639385,3.5018932153372311,12450
-0.3813371481279984,0.02,-0.029124151080978357,0.37992128357740446,-0.37880333359002388,3.5089251294242536,12475
-0.38226648322071949,0.02,-0.029256882359137652,0.38089008477969782,-0.37976478446284212,3.5159570435112761,12500
-0.38317507821110008,0.02,-0.029388323356467343,0.38183828750627086,-0.38070566617272361,3.5229889575982987,12525
-0.38406293323712759,0.02,-0.029518464497442672,0.38276589016291951,-0.38162597779229518,3.5300208716853212,12550
-0.38493004928167024,0.02,-0.029647296280393781,0.38367289199403698,-0.38252571923248568,3.5370527857723437,12575
-0.385776428171826,0.02,-0.029774809275277859,0.38455929308488751,-0.38340489124497257,3.5440846998593662,12600
-0.38660207257823759,0.02,-0.029900994120710563,0.3854250943623807,-0.384263495423184,3.5511166139463888,12625
-0.38740698601437001,0.02,-0.030025841520869682,0.38627029759429227,-0.38510153420175663,3.5581485280334113,12650
-0.38819117283575488,0.02,-0.030149342242840604,0.38709490538712088,-0.38591901085459379,3.5651804421204338,12675
-0.38895463823919718,0.02,-0.030271487114865783,0.38789892118297092,-0.386715929491878,3.5722123562074564,12700
-0.38969738826194728,0.02,-0.030392267025756002,0.38868234925594392,-0.3874922950565014,3.5792442702944789,12725
-0.39041942978083838,0.02,-0.030511672925508059,0.38944519470857475,-0.38824811332044684,3.5862761843815014,12750
-0.39112077051138699,0.02,-0.030629695826980937,0.39018746346876287,-0.38898339088158224,3.5933080984685239,12775
-0.39180141900685939,0.02,-0.030746326808276388,0.39090916228753164,-0.38969813516122753,3.6003400125555465,12800
-0.39246138465730229,0.02,-0.030861557015432691,0.39161029873773529,-0.39039235440264641,3.607371926642569,12825
-0.39310067768853851,0.02,-0.030975377664966941,0.39229088121367672,-0.39106605767046021,3.614403840729592,12850
-0.39371930916112741,0.02,-0.03108778004590524,0.39295091893139616,-0.39171925485077458,3.6214357548166145,12875
-0.39431729096928991,0.02,-0.031198755521072204,0.39359042192928695,-0.39235195665169104,3.628467668903637,12900
-0.39489463583979917,0.02,-0.031308295527545542,0.39420940106864816,-0.39296417460382083,3.6354995829906596,12925
-0.39545135733083642,0.02,-0.03141639157640163,0.3948078680338184,-0.3935559210604348,3.6425314970776821,12950
-0.39598746983081018,0.02,-0.031523035251997067,0.39538583533162763,-0.39412720919696764,3.6495634111647046,12975
-0.39650298855714355,0.02,-0.031628218211130391,0.39594331629006824,-0.39467805300974884,3.6565953252517271,13000
0.98738136316983305,0.040000000000000001,-0.068968371867694264,1.1564545623000169,1.1543961704486216,0.22502125078472165,400
0.98576055427935094,0.040000000000000001,-0.088562036948327968,1.1252556543850163,1.1217651507053579,0.23908507895876677,425
0.98404296243991751,0.040000000000000001,-0.10036237199158093,1.0932066985347535,1.0885900422149191,0.25314890713281185,450
0.98222884222618367,0.040000000000000001,-0.1051012921785357,1.061620911815865,1.0564055465526252,0.26721273530685696,475
0.98031846249302546,0.040000000000000001,-0.10373806335268887,1.0316731550502454,1.0264443058749761,0.28127656348090208,500
0.97831210633124999,0.040000000000000001,-0.097375265073317063,1.00435142908189,0.99961985316956159,0.29534039165494719,525
0.97621007102096113,0.040000000000000001,-0.087178621883907598,0.98041296637665454,0.97652929936888933,0.3094042198289923,550
0.97401266798258923,0.040000000000000001,-0.074305026362302282,0.96035208649343617,0.95747318139444204,0.32346804800303741,575
0.97172022272559266,0.040000000000000001,-0.059842030438704577,0.94438689074662097,0.94248900832160554,0.33753187617708252,600
0.96933307479484698,0.040000000000000001,-0.044760901230041915,0.93246946807801789,0.93139453005628936,0.35159570435112758,625
0.96685157771471919,0.040000000000000001,-0.029884139762227792,0.92431982633585519,0.92383660868587425,0.36565953252517269,650
0.9642760989308502,0.040000000000000001,-0.015867247581888351,0.91947868042889425,0.91934176138008428,0.3797233606992178,675
0.96160701974964335,0.040000000000000001,-0.0031935789174726212,0.91737046464561767,0.91736490583508501,0.39378718887326292,700
0.95884473527547864,0.040000000000000001,0.0078196090832378402,0.91736682703401884,0.91733349936446162,0.40785101704730803,725
0.95598965434565819,0.040000000000000001,0.017006269459078283,0.91884243089930839,0.91868503831293313,0.42191484522135314,750
0.95304219946309643,0.040000000000000001,0.024330423366363103,0.92121804754176151,0.92089669432323884,0.43597867339539825,775
0.95000280672676629,0.040000000000000001,0.029861330740489977,0.92398928841603523,0.92350663561989532,0.45004250156944331,800
0.94687192575991108,0.040000000000000001,0.033747332450584838,0.9267419154660721,0.92612725660904405,0.46410632974348842,825
0.943650019636041,0.040000000000000001,0.036190367708069784,0.92915614687845405,0.92845107709947206,0.47817015791753353,850
0.94033756480271835,0.040000000000000001,0.037422724514892855,0.9310028801779564,0.93025045153954788,0.49223398609157865,875
0.93693505100315133,0.040000000000000001,0.037687098001537855,0.93213461943697362,0.93137244504931216,0.5062978142656237,900
0.93344298119560654,0.040000000000000001,0.037220559698384607,0.9324734414460274,0.93173029839000987,0.52036164243966887,925
0.92986187147065624,0.040000000000000001,0.036242618599631855,0.93199779217312362,0.93129284181326033,0.53442547061371393,950
0.92619225096627289,0.040000000000000001,0.03494720910402057,0.93072939263090704,0.9300730588953412,0.54848929878775909,975
0.92243466178078559,0.040000000000000001,0.033498186071164129,0.92872110228190219,0.92811678001943965,0.56255312696180415,1000
0.91858965888371724,0.040000000000000001,0.032027746372650351,0.92604624739063102,0.92549223431023941,0.57661695513584932,1025
0.9146578100245103,0.040000000000000001,0.030637122894663076,0.92278966260154172,0.92228093773264364,0.59068078330989437,1050
0.91063969563916625,0.040000000000000001,0.029398897346377,0.91904050312588226,0.91857016673779046,0.60474461148393943,1075
0.90653590875480705,0.040000000000000001,0.028360334578186409,0.91488674991144736,0.91444707697391903,0.6188084396579846,1100
0.90234705489217759,0.040000000000000001,0.027547234036848764,0.91041124116047989,0.90999438345974681,0.63287226783202966,1125
0.89807375196611028,0.040000000000000001,0.02696790495737969,0.90568901264599899,0.90528742382179062,0.64693609600607482,1150
0.89371663018396152,0.040000000000000001,0.026616985043489149,0.90078570952317072,0.90039237590528098,0.66099992418011988,1175
0.88927633194204248,0.040000000000000001,0.026478925632326837,0.89575683698374464,0.89536538770519858,0.67506375235416505,1200
0.88475351172006267,0.040000000000000001,0.026531051834161684,0.89064763925583834,0.89025239151634461,0.6891275805282101,1225
0.88014883597359894,0.040000000000000001,0.026746170162235142,0.88549342920841034,0.88508940540090231,0.70319140870225516,1250
0.875462983024617,0.040000000000000001,0.027094738540404034,0.8803202277388823,0.87990316427983406,0.71725523687630033,1275
0.87069664295005511,0.040000000000000001,0.027546636782145723,0.87514560777852779,0.874711962657446,0.73131906505034538,1300
0.86585051746849795,0.040000000000000001,0.028072583832262545,0.86997966819591932,0.86952662587827778,0.74538289322439055,1325
0.86092531982495346,0.040000000000000001,0.028645246113363828,0.8648260858832002,0.86435155388253981,0.75944672139843561,1350
0.85592177467375508,0.040000000000000001,0.029240073958383392,0.8596832093270258,0.8591857997393364,0.77351054957248078,1375
0.85084061795961163,0.040000000000000001,0.029835894334813599,0.85454516485571008,0.85402415550587008,0.78757437774652583,1400
0.84568259679682101,0.040000000000000001,0.03041528076740832,0.84940294933574612,0.84885822198769079,0.80163820592057089,1425
0.84044846934667361,0.040000000000000001,0.030964717202612378,0.84424548262911669,0.84367743908927217,0.81570203409461606,1450
0.83513900469306035,0.040000000000000001,0.031474572030976568,0.83906059184536252,0.8384700520014754,0.82976586226866111,1475
0.82975498271631454,0.040000000000000001,0.031938901158420373,0.83383589914477452,0.83322398746997617,0.84382969044270628,1500
0.82429719396530332,0.040000000000000001,0.032355103827544029,0.82855958674855634,0.82792761522324354,0.85789351861675134,1525
0.81876643952779005,0.040000000000000001,0.032723460467307938,0.82322101735618836,0.82257037300890079,0.87195734679079651,1550
0.81316353089909899,0.040000000000000001,0.033046586820937036,0.81781119517955658,0.81714323962234492,0.88602117496484156,1575
0.80748928984909063,0.040000000000000001,0.033328841828022024,0.81232306160332046,0.8116390482936332,0.90008500313888662,1600
0.80174454828748598,0.040000000000000001,0.033575727462615237,0.80675162910159226,0.80605264194308623,0.91414883131293179,1625
0.79593014812755003,0.040000000000000001,0.033793316649966647,0.80109396641925712,0.80038088107046446,0.92821265948697684,1650
0.79004694114816676,0.040000000000000001,0.033987740632679196,0.79534905618011531,0.79462252337401429,0.94227648766102201,1675
0.78409578885432407,0.040000000000000001,0.034164760227691424,0.78951755224039055,0.78877800074180704,0.95634031583506707,1700
0.77807756233603731,0.040000000000000001,0.034329437054089987,0.78360146777629081,0.78284912342845892,0.97040414400911224,1725
0.771993142125731,0.040000000000000001,0.034485911885433387,0.77760382609923095,0.77683874275527298,0.98446797218315729,1750
0.76584341805410461,0.040000000000000001,0.034637288653312365,0.77152830464662359,0.77075040259842897,0.99853180035720235,1775
0.75962928910451299,0.040000000000000001,0.034785615057857065,0.7653788988609076,0.76458800658039494,1.0125956285312474,1800
0.75335166326587599,0.040000000000000001,0.034931944799170674,0.75915962728524067,0.75835552278097984,1.0266594567052927,1825
0.74701145738415164,0.040000000000000001,0.035076462479196172,0.75287429281453988,0.75205674158333236,1.0407232848793377,1850
0.74060959701239515,0.040000000000000001,0.035218650349502091,0.74652630831461708,0.74569509564795333,1.0547871130533828,1875
0.73414701625942769,0.040000000000000001,0.035357476193757696,0.7401185883852297,0.73927354460345251,1.0688509412274279,1900
0.72762465763714501,0.040000000000000001,0.035491583454396902,0.73365350341884217,0.73279452139234824,1.0829147694014731,1925
0.72104347190648965,0.040000000000000001,0.035619467837113013,0.72713288767865869,0.72625993270653844,1.0969785975755182,1950
0.71440441792211151,0.040000000000000001,0.035739628583959723,0.72055809010804905,0.7196712028203156,1.1110424257495632,1975
0.70770846247574926,0.040000000000000001,0.035850686915048571,0.7139300550468215,0.71302934844708654,1.1251062539236083,2000
0.70095658013835371,0.040000000000000001,0.0359514683573013,0.70724941987819279,0.70633507193186595,1.1391700820976534,2025
0.69414975310098281,0.040000000000000001,0.036041049439278473,0.70051661765569673,0.69958886095126827,1.1532339102716986,2050
0.68728897101449626,0.040000000000000001,0.03611877226662373,0.69373197467254732,0.6927910846518045,1.1672977384457437,2075
0.68037523082807561,0.040000000000000001,0.036184232647008721,0.68689579540773615,0.68594207849976208,1.1813615666197887,2100
0.67340953662659986,0.040000000000000001,0.036237248659776164,0.6800084299829503,0.67904221272130538,1.1954253947938338,2125
0.66639289946690128,0.040000000000000001,0.036277816914026442,0.67307032189415095,0.67209194178672338,1.2094892229678789,2150
0.65932633721293332,0.040000000000000001,0.036306063336862496,0.66608203610070227,0.66509183469731226,1.2235530511419241,2175
0.65221087436987635,0.040000000000000001,0.036322194360175988,0.6590442693954035,0.6580425876945829,1.2376168793159692,2200
0.64504754191721059,0.040000000000000001,0.036326453034531157,0.65195784625077469,0.65094502233128626,1.2516807074900143,2225
0.63783737714078426,0.040000000000000001,0.036319083097547174,0.64482370402484468,0.64380007259651195,1.2657445356640593,2250
0.63058142346390822,0.040000000000000001,0.036300302545728518,0.63764287156116528,0.63660876501023556,1.2798083638381046,2275
0.62328073027750275,0.040000000000000001,0.036270286949986998,0.63041644492760507,0.62937219538181521,1.2938721920121496,2300
0.6159363527693269,0.040000000000000001,0.036229161716735549,0.62314556343004279,0.62209150537830693,1.3079360201861947,2325
0.60854935175232261,0.040000000000000001,0.036177001779893928,0.61583138824353589,0.61476786130065242,1.3219998483602398,2350
0.60112079349209702,0.040000000000000001,0.036113836820075594,0.60847508515114912,0.60740243664298144,1.3360636765342848,2375
0.59365174953357858,0.040000000000000001,0.03603966001348876,0.60107781207554145,0.5999963992188887,1.3501275047083301,2400
0.58614329652687436,0.040000000000000001,0.035954438456017319,0.59364071140842356,0.59255090295839707,1.3641913328823752,2425
0.57859651605235574,0.040000000000000001,0.035858123714676123,0.5861649066338579,0.58506708395938867,1.3782551610564202,2450
0.5710124944450079,0.040000000000000001,0.035750661354028726,0.5786515024181792,0.57754606003639719,1.3923189892304653,2475
0.56339232261806949,0.040000000000000001,0.035631998701599783,0.57110158719122162,0.56998893284068397,1.4063828174045103,2500
0.55573709588599252,0.040000000000000001,0.035502090500717121,0.56351623724116828,0.56239679160226674,1.4204466455785556,2525
0.54804791378675599,0.040000000000000001,0.03536090241633387,0.55589652144909596,0.554770717629822,1.4345104737526007,2550
0.5403258799035594,0.040000000000000001,0.035208412592152905,0.54824350595718618,0.54711178885760448,1.4485743019266457,2575
0.53257210168593094,0.040000000000000001,0.035044611604363445,0.54055825825875281,0.53942108391240684,1.4626381301006908,2600
0.52478769027027772,0.040000000000000001,0.034869501228480045,0.53284185038920961,0.53169968535844925,1.476701958274736,2625
0.51697376029991127,0.040000000000000001,0.034683092447632631,0.5250953610655178,0.5239486819439434,1.4907657864487811,2650
0.5091314297445767,0.040000000000000001,0.034485403101388534,0.51731987675805913,0.51616916980957739,1.5048296146228262,2675
0.50126181971951789,0.040000000000000001,0.034276455520213946,0.50951649178165792,0.50836225272384161,1.5188934427968712,2700
0.49336605430411135,0.040000000000000001,0.034056274424256378,0.50168630756494437,0.50052904148559418,1.5329572709709163,2725
0.4854452603600945,0.040000000000000001,0.033824885293910874,0.49383043130477533,0.49267065268545701,1.5470210991449616,2750
0.47750056734942675,0.040000000000000001,0.033582313347223267,0.48594997423977659,0.48478820704910769,1.5610849273190066,2775
0.46953310715180702,0.040000000000000001,0.033328583186841995,0.47804604978725485,0.4768828276001939,1.5751487554930517,2800
0.46154401388188571,0.040000000000000001,0.033063719107590574,0.47011977178135839,0.46895563787903316,1.5892125836670967,2825
0.45353442370619612,0.040000000000000001,0.032787745986549564,0.46217225302669906,0.4610077604345687,1.6032764118411418,2850
0.44550547465984253,0.040000000000000001,0.032500690614430908,0.45420460433965171,0.45304031576993736,1.6173402400151871,2875
0.43745830646297246,0.040000000000000001,0.032202583275641308,0.44621793418973782,0.44505442186650906,1.6314040681892321,2900
0.4293940603370639,0.040000000000000001,0.03189345935146104,0.43821334897893011,0.43705119433989226,1.6454678963632772,2925
0.42131387882106264,0.040000000000000001,0.031573360712500172,0.43019195391378923,0.42903174719999698,1.6595317245373222,2950
0.41321890558739743,0.040000000000000001,0.031242336687231125,0.42215485434337502,0.42099719410466124,1.6735955527113675,2975
0.40511028525790671,0.040000000000000001,0.030900444443427513,0.41410315736589737,0.41294864992345459,1.6876593808854126,3000
0.39698916321970606,0.040000000000000001,0.030547748694757848,0.40603797346013659,0.40488723237624635,1.7017232090594576,3025
0.38885668544103086,0.040000000000000001,0.030184320736930403,0.39796041788255665,0.39681406348932391,1.7157870372335027,3050
0.38071399828708208,0.040000000000000001,0.029810236914410926,0.38987161159252792,0.3887302706258694,1.7298508654075477,3075
0.37256224833590951,0.040000000000000001,0.029425576705646706,0.38177268152544735,0.3806369868978457,1.743914693581593,3100
0.36440258219436289,0.040000000000000001,0.029030420678186512,0.37366476012032518,0.37253535084744327,1.7579785217556381,3125
0.35623614631413958,0.040000000000000001,0.02862484859412228,0.36554898411289849,0.36442650538748644,1.7720423499296831,3150
0.34806408680796563,0.040000000000000001,0.02820893793484015,0.35742649271236682,0.35631159609708457,1.7861061781037282,3175
0.33988754926593651,0.040000000000000001,0.027782763062213955,0.34929842537305716,0.34819176906516053,1.8001700062777732,3200
0.3317076785720513,0.040000000000000001,0.027346395147655508,0.34116591943691899,0.34006816854517058,1.8142338344518185,3225
0.32352561872097035,0.040000000000000001,0.026899902892963169,0.33303010794792209,0.33194193471773609,1.8282976626258636,3250
0.31534251263502927,0.040000000000000001,0.026443353953612865,0.32489211792038569,0.32381420184803156,1.8423614907999086,3275
0.30715950198153746,0.040000000000000001,0.025976816873200449,0.31675306928204844,0.31568609707228851,1.8564253189739537,3300
0.29897772699039549,0.040000000000000001,0.025500363262851267,0.30861407461807144,0.30755873996007849,1.870489147147999,3325
0.29079832627206037,0.040000000000000001,0.025014069923225621,0.30047623972822279,0.29943324288910939,1.884552975322044,3350
0.28262243663588926,0.040000000000000001,0.024518020614903657,0.2923406648934887,0.29131071215369719,1.8986168034960891,3375
0.27445119290889414,0.040000000000000001,0.024012307234226676,0.28420844664784528,0.28319224962429712,1.9126806316701341,3400
0.26628572775493675,0.040000000000000001,0.023497030238192142,0.27608067978107126,0.27507895469912613,1.9267444598441792,3425
0.25812717149439512,0.040000000000000001,0.022972298270398525,0.26795845926955059,0.26697192625122079,1.9408082880182245,3450
0.24997665192433219,0.040000000000000001,0.022438227053796486,0.25984288184784099,0.25887226428042326,1.9548721161922695,3475
0.24183529413919608,0.040000000000000001,0.02189493771796238,0.25173504699124383,0.25078107102811864,1.9689359443663146,3500
0.23370422035208435,0.040000000000000001,0.021342554803767122,0.24363605716920148,0.24269945139493537,1.9829997725403596,3525
0.22558454971660052,0.040000000000000001,0.020781204226124755,0.23554701733685962,0.23462851260493242,1.9970636007144047,3550
0.21747739814933406,0.040000000000000001,0.02021101147138097,0.22746903374097172,0.22656936316800436,2.0111274288884498,3575
0.20938387815299347,0.040000000000000001,0.019632100261840237,0.21940321221017661,0.21852311128906446,2.0251912570624948,3600
0.20130509864022217,0.040000000000000001,0.019044591843947085,0.21135065616509441,0.21049086294400865,2.0392550852365403,3625
0.19324216475812855,0.040000000000000001,0.018448604961307541,0.2033124646120322,0.20247371987890297,2.0533189134105854,3650
0.18519617771355645,0.040000000000000001,0.017844256474116117,0.19528973037277247,0.19447277778639391,2.0673827415846304,3675
0.17716823459912909,0.040000000000000001,0.017231662497661077,0.18728353875551057,0.18648912487422298,2.0814465697586755,3700
0.16915942822009417,0.040000000000000001,0.016610939867106357,0.17929496679743204,0.17852384097263771,2.0955103979327205,3725
0.16117084692199865,0.040000000000000001,0.015982207702170525,0.17132508312033259,0.17057799724218112,2.1095742261067656,3750
0.15320357441922453,0.040000000000000001,0.015345588846773464,0.16337494835124058,0.16265265645453292,2.1236380542808106,3775
0.14525868962441132,0.040000000000000001,0.014701210992817538,0.15544561598366086,0.15474887374027774,2.1377018824548557,3800
0.13733726647879646,0.040000000000000001,0.014049207356736162,0.14753813350241302,0.14686769763982577,2.1517657106289008,3825
0.12944037378350173,0.040000000000000001,0.013389716851602996,0.13965354357237314,0.1390101712643885,2.1658295388029463,3850
0.12156907503179397,0.040000000000000001,0.012722883774180729,0.13179288509999343,0.13117733337527776,2.1798933669769913,3875
0.11372442824234552,0.040000000000000001,0.012048857093544335,0.12395719401256919,0.12337021921926322,2.1939571951510364,3900
0.10590748579352817,0.040000000000000001,0.011367789476378936,0.11614750365616132,0.11558986100856224,2.2080210233250814,3925
0.098119294258762979,0.040000000000000001,0.010679836207897943,0.10836484477867211,0.10783728799667661,2.2220848514991265,3950
0.090360894242956277,0.040000000000000001,0.0099851541650831481,0.10061024512894147,0.1001135261650753,2.2361486796731715,3975
0.082633320220048587,0.040000000000000001,0.0092839009733419048,0.092884728756165422,0.092419597590682051,2.2502125078472166,4000
0.074937600371704147,0.040000000000000001,0.0085762344349335478,0.08518931512941845,0.084756519602543975,2.2642763360212617,4025
0.067274756427166696,0.040000000000000001,0.0078623122660699193,0.077525018211341182,0.077125303853531668,2.2783401641953067,4050
0.059645803504310167,0.040000000000000001,0.0071422921284945463,0.069892845614206348,0.069526955428830112,2.2924039923693518,4075
0.052051749951908956,0.040000000000000001,0.006416331898779588,0.062293797946294256,0.061962472090277651,2.3064678205433973,4100
0.044493597193156501,0.040000000000000001,0.0056845900905396849,0.054728868432913413,0.054432843720034367,2.3205316487174423,4125
0.036972339570454885,0.040000000000000001,0.0049472263342397078,0.047199042890093787,0.04693905198593936,2.3345954768914874,4150
0.029488964191504371,0.040000000000000001,0.0042044018260262647,0.039705300186808769,0.039482070211805054,2.3486593050655324,4175
0.022044450776717676,0.040000000000000001,0.0034562796778412476,0.032248613597416591,0.032062863405254743,2.3627231332395775,4200
0.014639771507983177,0.040000000000000001,0.0027030251306733666,0.02482995450849038,0.024682388377882922,2.3767869614136226,4225
0.0072758908788039733,0.040000000000000001,0.0019448056248190283,0.01745030508430848,0.017341593889176238,2.3908507895876676,4250
-4.6234454164301264e-05,0.040000000000000001,0.001181790749307119,0.01011072500699884,0.01004142075565026,2.4049146177617127,4275
-0.0073256558181497766,0.040000000000000001,0.00041415211229627974,0.0028134513168415701,0.0027828018866096261,2.4189784459357577,4300
-0.014561432669853065,0.040000000000000001,-0.0003579368175574337,0.0044477637665587396,-0.0044333377671625296,2.4330422741098032,4325
-0.021752632739561618,0.040000000000000001,-0.0011343008524461221,0.011661379100275135,-0.011606081341110519,2.4471061022838483,4350
-0.028898332173768745,0.040000000000000001,-0.0019147631768187158,0.018832115290767875,-0.018734520231419652,2.4611699304578933,4375
-0.03599761567627139,0.040000000000000001,-0.0026991453761228612,0.025958463391707473,-0.025817754276798971,2.4752337586319384,4400
-0.043049576647723763,0.040000000000000001,-0.00348726741161962,0.03303944546021638,-0.03285489190848858,2.4892975868059835,4425
-0.050053317323625147,0.040000000000000001,-0.004278947568279296,0.040074149035216285,-0.039845050239705346,2.5033614149800285,4450
-0.057007948910717685,0.040000000000000001,-0.0050740024139385486,0.047061683949599323,-0.046787355083134592,2.5174252431540736,4475
-0.063912591721772466,0.040000000000000001,-0.0058722468096694637,0.054001173127139375,-0.053680940905628756,2.5314890713281186,4500
-0.070766375308741136,0.040000000000000001,-0.0066734940033404732,0.060891749731120368,-0.060524950748470474,2.5455528995021637,4525
-0.077568438594252623,0.040000000000000001,-0.0074775558222614511,0.067732556065437488,-0.067318536155226941,2.5596167276762092,4550
-0.084317930001430161,0.040000000000000001,-0.0082842429598475598,0.07452274313156837,-0.074060857154342588,2.5736805558502542,4575
-0.091014007582012724,0.040000000000000001,-0.009093365329630199,0.08126147052516601,-0.080751082338841151,2.5877443840242993,4600
-0.097655839142754067,0.040000000000000001,-0.0099047324420540282,0.087947906565479142,-0.087388389071441142,2.6018082121983443,4625
-0.1042426023700825,0.040000000000000001,-0.010718153749036244,0.094581228605001497,-0.093971963822427243,2.6158720403723894,4650
-0.11077348495299991,0.040000000000000001,-0.011533438900585322,0.10116062347180602,-0.10050100262351105,2.6299358685464345,4675
-0.11724768470420008,0.040000000000000001,-0.012350397867450352,0.10768528798760496,-0.1069747115980646,2.6439996967204795,4700
-0.1236644096793867,0.040000000000000001,-0.013168840902466237,0.11415442949503053,-0.11339230751078942,2.6580635248945246,4725
-0.13002287829477144,0.040000000000000001,-0.013988578338010869,0.12056726632481216,-0.11975301827143864,2.6721273530685696,4750
-0.13632231944273329,0.040000000000000001,-0.014809420243647106,0.12692302814038917,-0.12605608332949694,2.6861911812426147,4775
-0.14256197260562078,0.040000000000000001,-0.015631175992067925,0.13322095611417423,-0.13230075390971788,2.7002550094166602,4800
-0.14874108796767707,0.040000000000000001,-0.016453653798722215,0.1394603029141723,-0.13848629306030433,2.7143188375907052,4825
-0.15485892652507341,0.040000000000000001,-0.017276660307872872,0.14564033250830383,-0.14461197551287261,2.7283826657647503,4850
-0.16091476019402903,0.040000000000000001,-0.018100000293871911,0.15176031982210422,-0.15067708738182192,2.7424464939387954,4875
-0.16690787191700246,0.040000000000000001,-0.018923476531515649,0.1578195503089273,-0.15668092575573203,2.7565103221128404,4900
-0.17283755576693755,0.040000000000000001,-0.019746889865660016,0.16381731950653272,-0.16262279825085696,2.7705741502868855,4925
-0.17870311704954661,0.040000000000000001,-0.020570039481456127,0.16975293265756272,-0.16850202260380839,2.7846379784609305,4950
-0.18450387240361377,0.040000000000000001,-0.02139272334709218,0.17562570446319867,-0.17431792637588819,2.7987018066349756,4975
-0.19023914989930493,0.040000000000000001,-0.02221473877535822,0.18143495902047571,-0.18006984682590335,2.8127656348090206,5000
-0.19590828913446651,0.040000000000000001,-0.023035883032661537,0.187180029967179,-0.18575713098403401,2.8268294629830661,5025
-0.20151064132889721,0.040000000000000001,-0.023855953917009974,0.19286026082803401,-0.1913791359301395,2.8408932911571112,5050
-0.207045569416582,0.040000000000000001,-0.024674750230985081,0.19847500552665984,-0.19693522925024398,2.8549571193311563,5075
-0.21251244813586859,0.040000000000000001,-0.025492072091096833,0.20402362900389109,-0.20242478961930457,2.8690209475052013,5100
-0.21791066411757534,0.040000000000000001,-0.026307721038719423,0.20950550786814584,-0.20784720744055873,2.8830847756792464,5125
-0.22323961597101669,0.040000000000000001,-0.027121499946382778,0.21492003099961998,-0.21320188546430816,2.8971486038532914,5150
-0.22849871436793145,0.040000000000000001,-0.027933212742215881,0.22026660003762655,-0.21848823931286063,2.9112124320273365,5175
-0.23368738212430193,0.040000000000000001,-0.028742664000504212,0.22554462969803757,-0.22370569785273464,2.9252762602013815,5200
-0.238805054280051,0.040000000000000001,-0.029549658464004723,0.23075354789266597,-0.22885370337775521,2.9393400883754266,5225
-0.24385117817660529,0.040000000000000001,-0.030354000571472257,0.23589279565072033,-0.2339317115938315,2.9534039165494721,5250
-0.24882521353230977,0.040000000000000001,-0.031155494060916541,0.24096182686990608,-0.23893919142389095,2.9674677447235172,5275
-0.25372663251568844,0.040000000000000001,-0.03195394170621229,0.24596010794736448,-0.24387562467560214,2.9815315728975622,5300
-0.25855491981653245,0.040000000000000001,-0.03274914522403468,0.25088711735528541,-0.24874050563175235,2.9955954010716073,5325
-0.26330957271481065,0.040000000000000001,-0.033540905362981342,0.25574234523088585,-0.25353334063121785,3.0096592292456523,5350
-0.26799010114738969,0.040000000000000001,-0.034329022160983637,0.26052529304519118,-0.25825364770657827,3.0237230574196974,5375
-0.27259602777255282,0.040000000000000001,-0.035113295334452975,0.26523547340088083,-0.2629009563332641,3.0377868855937424,5400
-0.27712688803231178,0.040000000000000001,-0.035893524746174993,0.26987240998884082,-0.2674748073267475,3.0518507137677875,5425
-0.28158223021249706,0.040000000000000001,-0.036669510890827907,0.27443563770926988,-0.27197475290166384,3.0659145419418325,5450
-0.28596161550062288,0.040000000000000001,-0.037441055337903401,0.2789247029398233,-0.27640035688336717,3.0799783701158776,5475
-0.29026461804151454,0.040000000000000001,-0.038207961081135201,0.28333916391367953,-0.28075119504166929,3.0940421982899231,5500
-0.29449082499069279,0.040000000000000001,-0.038970032759476463,0.28767859115720551,-0.28502685550123158,3.1081060264639682,5525
-0.29863983656550708,0.040000000000000001,-0.039727076734539853,0.29194256793157697,-0.28922693917512488,3.1221698546380132,5550
-0.30271126609400817,0.040000000000000001,-0.040478901030133234,0.2961306906255714,-0.29335106016813811,3.1362336828120583,5575
-0.3067047400615574,0.040000000000000001,-0.041225315158055206,0.30024256905686064,-0.29739884610398665,3.1502975109861033,5600
-0.31061989815516305,0.040000000000000001,-0.041966129868166654,0.30427782665452091,-0.30136993834403397,3.1643613391601484,5625
-0.31445639330553798,0.040000000000000001,-0.042701156868257643,0.30823610051361089,-0.30526399208218002,3.1784251673341934,5650
-0.31821389172687498,0.040000000000000001,-0.043430208559771442,0.31211704133069079,-0.30908067631846364,3.1924889955082385,5675
-0.32189207295433298,0.040000000000000001,-0.044153097829481333,0.31592031324452874,-0.31281967373006031,3.2065528236822836,5700
-0.32549062987922939,0.040000000000000001,-0.044869637926102039,0.31964559361692707,-0.3164806804705434,3.2206166518563291,5725
-0.32900926878193443,0.040000000000000001,-0.045579642436572726,0.32329257279346119,-0.32006340593508903,3.2346804800303741,5750
-0.33244770936246454,0.040000000000000001,-0.046282925361677767,0.32686095388274439,-0.32356757253022578,3.2487443082044192,5775
-0.33580568476876893,0.040000000000000001,-0.046979301277030136,0.33035045258629464,-0.32699291548211212,3.2628081363784642,5800
-0.33908294162270897,0.040000000000000001,-0.047668585555050089,0.33376079710064255,-0.33033918270837498,3.2768719645525093,5825
-0.34227924004372501,0.040000000000000001,-0.048350594617642344,0.33709172810082172,-0.33360613476691153,3.2909357927265543,5850
-0.34539435367018895,0.040000000000000001,-0.049025146188232456,0.34034299880187407,-0.33679354488272917,3.3049996209005994,5875
-0.34842806967844375,0.040000000000000001,-0.049692059515324107,0.34351437508427329,-0.33990119904269872,3.3190634490746445,5900
-0.3513801887995226,0.040000000000000001,-0.050351155546823123,0.34660563566163022,-0.34292889613956762,3.3331272772486895,5925
-0.35425052533355172,0.040000000000000001,-0.051002257043596795,0.34961657226543535,-0.34587644814166119,3.347191105422735,5950
-0.35703890716183279,0.040000000000000001,-0.051645188630545583,0.35254698982203048,-0.34874368026372932,3.3612549335967801,5975
-0.35974517575660714,0.040000000000000001,-0.052279776792310904,0.3553967066009508,-0.35153043111706339,3.3753187617708251,6000
-0.36236918618849989,0.040000000000000001,-0.052905849827459564,0.35816555432023101,-0.35423655282247851,3.3893825899448702,6025
-0.36491080713164553,0.040000000000000001,-0.053523237778814452,0.36085337820197877,-0.35686191107689369,3.4034464181189152,6050
-0.36736992086649523,0.040000000000000001,-0.054131772358348512,0.36346003697914187,-0.35940638517174828,3.4175102462929603,6075
-0.36974642328030805,0.040000000000000001,-0.054731286883000524,0.36598540286080944,-0.36186986796819609,3.4315740744670054,6100
-0.37204022386532687,0.040000000000000001,-0.055321616233612259,0.36842936146777366,-0.36425226583900938,3.4456379026410504,6125
-0.37425124571464202,0.040000000000000001,-0.055902596843858433,0.37079181175204451,-0.36655349858987385,3.4597017308150955,6150
-0.37637942551574399,0.040000000000000001,-0.056474066720537938,0.37307266591360444,-0.36877349937316284,3.4737655589891405,6175
-0.3784247135417696,0.040000000000000001,-0.057035865491807676,0.37527184932534619,-0.37091221460564722,3.487829387163186,6200
-0.38038707364044338,0.040000000000000001,-0.057587834476530368,0.37738930047352071,-0.37296960389849071,3.5018932153372311,6225
-0.38226648322071949,0.040000000000000001,-0.058129816766182917,0.37942497091694255,-0.37494564000405806,3.5159570435112761,6250
-0.38406293323712759,0.040000000000000001,-0.058661657310750043,0.38137882526440836,-0.3768403087802793,3.5300208716853212,6275
-0.385776428171826,0.040000000000000001,-0.059183203001386901,0.38325084116687125,-0.37865360917018998,3.5440846998593662,6300
-0.38740698601437001,0.040000000000000001,-0.059694302744910298,0.38504100931922475,-0.38038555319223982,3.5581485280334113,6325
-0.38895463823919718,0.040000000000000001,-0.060194807527760366,0.3867493334661587,-0.38203616593617667,3.5722123562074564,6350
-0.39041942978083838,0.040000000000000001,-0.060684570469423126,0.38837583040726026,-0.3836054855596705,3.5862761843815014,6375
-0.39180141900685939,0.040000000000000001,-0.061163446867026974,0.38992052999799059,-0.38509356328203964,3.6003400125555465,6400
-0.39310067768853851,0.040000000000000001,-0.061631294233661843,0.39138347514489585,-0.38650046337304572,3.614403840729592,6425
-0.39431729096928991,0.040000000000000001,-0.062087972332954579,0.39276472179498662,-0.38782626313631147,3.628467668903637,6450
-0.39545135733083642,0.040000000000000001,-0.062533343211716039,0.39406433892028137,-0.38907105288808636,3.6425314970776821,6475
-0.39650298855714355,0.040000000000000001,-0.062967271231401625,0.39528240849887869,-0.39023493593263214,3.6565953252517271,6500
-0.39747230969611907,0.040000000000000001,-0.063389623098037237,0.39641902549362507,-0.39131802853536424,3.6706591534257722,6525
-0.39835945901908915,0.040000000000000001,-0.063800267889494985,0.39747429782862514,-0.39232045989418812,3.6847229815998173,6550
-0.39916458797805821,0.040000000000000001,-0.064199077078795616,0.39844834636281407,-0.3932423721084643,3.6987868097738623,6575
-0.39988786116076386,0.040000000000000001,-0.064585924552507917,0.39934130485888514,-0.39408392014404087,3.7128506379479074,6600
-0.40052945624353392,0.040000000000000001,-0.06496068662425411,0.40015331994536885,-0.39484527179213652,3.7269144661219524,6625
-0.40108956394195822,0.040000000000000001,-0.065323242044570878,0.40088455106976922,-0.39552660761976155,3.7409782942959979,6650
-0.40156838795938249,0.040000000000000001,-0.06567347200960745,0.40153517044141601,-0.39612812090991512,3.755042122470043,6675
-0.40196614493323918,0.040000000000000001,-0.066011260172047032,0.40210536296401306,-0.39665001759097274,3.769105950644088,6700
-0.40228306437922234,0.040000000000000001,-0.066336492657938617,0.4025953261594809,-0.39709251615625052,3.7831697788181331,6725
-0.40251938863332004,0.040000000000000001,-0.066649058092677321,0.40300527008626674,-0.39745584757638636,3.7972336069921782,6750
-0.40267537279171628,0.040000000000000001,-0.066948847638171008,0.40333541725648386,-0.39774025520857564,3.8112974351662232,6775
-0.40275128464857501,0.040000000000000001,-0.067235755041458872,0.40358600255676563,-0.39794599470751629,3.8253612633402683,6800
-0.40274740463171688,0.040000000000000001,-0.067509676692957724,0.4037572731773324,-0.39807333394288957,3.8394250915143133,6825
-0.40266402573620352,0.040000000000000001,-0.067770511690551705,0.40384948855255492,-0.39812255292731275,3.8534889196883584,6850
-0.40250145345584315,0.040000000000000001,-0.068018161904224286,0.40386292031430621,-0.39809394375696089,3.8675527478624034,6875
-0.40226000571262871,0.040000000000000001,-0.068252532035233723,0.40379785225700227,-0.39798781056478,3.8816165760364489,6900
-0.40194001278412556,0.040000000000000001,-0.06847352966412372,0.4036545803108329,-0.39780446948375403,3.895680404210494,6925
-0.40154181722882054,0.040000000000000001,-0.068681065283162299,0.40343341251766796,-0.39754424861544768,3.9097442323845391,6950
-0.40106577380944974,0.040000000000000001,-0.068875052310962026,0.40313466900294953,-0.39720748799749472,3.9238080605585841,6975
-0.40051224941431679,0.040000000000000001,-0.069055407089727822,0.40275868193673181,-0.39679453956309113,3.9378718887326292,7000
-0.39988162297662178,0.040000000000000001,-0.069222048868365416,0.40230579547806106,-0.39630576708609871,3.9519357169066742,7025
-0.39917428539181055,0.040000000000000001,-0.069374899777087107,0.40177636569892239,-0.39574154610699308,3.9659995450807193,7050
-0.39839063943296604,0.040000000000000001,-0.069513884800788336,0.40117076048679357,-0.39510226383742098,3.9800633732547643,7075
-0.39753109966425598,0.040000000000000001,-0.069638931758945158,0.40048935942794844,-0.39438831904416422,3.9941272014288094,7100
-0.39659609235245186,0.040000000000000001,-0.069749971299062574,0.39973255367655636,-0.39360012191634408,4.0081910296028544,7125
-0.39558605537654029,0.040000000000000001,-0.069846936908765936,0.39890074581686208,-0.39273809392228776,4.0222548577768995,7150
-0.39450143813543992,0.040000000000000001,-0.069929764948824719,0.39799434972687564,-0.39180266766411986,4.0363186859509446,7175
-0.39334270145384487,0.040000000000000001,-0.069998394706067973,0.39701379045184326,-0.39079428673857763,4.0503825141249896,7200
-0.39211031748621206,0.040000000000000001,-0.070052768461903753,0.39595950409429542,-0.38971340561164075,4.0644463422990347,7225
-0.39080476961890925,0.040000000000000001,-0.070092831569425168,0.39483193772485486,-0.38856048951243599,4.0785101704730806,7250
-0.38942655237054491,0.040000000000000001,-0.070118532530400124,0.39363154931462896,-0.38733601434880593,4.0925739986471257,7275
-0.38797617129049616,0.040000000000000001,-0.070129823063050323,0.39235880768643455,-0.38604046664341524,4.1066378268211707,7300
-0.38645414285565727,0.040000000000000001,-0.070126658152527319,0.39101419247882563,-0.38467434348579405,4.1207016549952158,7325
-0.38486099436542598,0.040000000000000001,-0.070108996078292782,0.38959819411449936,-0.38323815249290233,4.1347654831692608,7350
-0.38319726383494851,0.040000000000000001,-0.070076798415836861,0.38811131376347768,-0.38173241176902806,4.1488293113433059,7375
-0.38146349988664258,0.040000000000000001,-0.070030030013869787,0.38655406329174091,-0.38015764985544059,4.162893139517351,7400
-0.37966026164002115,0.040000000000000001,-0.069968658951718998,0.3849269651876987,-0.37851440566127714,4.176956967691396,7425
-0.37778811859983458,0.040000000000000001,-0.0698926564846203,0.38323055246178428,-0.37680322836951285,4.1910207958654411,7450
-0.37584765054255548,0.040000000000000001,-0.069801996986425613,0.38146536851810309,-0.37502467731518579,4.2050846240394861,7475
-0.37383944740122443,0.040000000000000001,-0.069696657899689943,0.37963196700094604,-0.37317932183686298,4.2191484522135312,7500
-0.37176410914868097,0.040000000000000001,-0.069576619702071546,0.37773091162246974,-0.37126774110603167,4.2332122803875762,7525
-0.3696222456792001,0.040000000000000001,-0.06944186589560053,0.37576277598044361,-0.3692905239421484,4.2472761085616213,7550
-0.36741447668855737,0.040000000000000001,-0.069292383022026741,0.3737281433762642,-0.36724826862300963,4.2613399367356664,7575
-0.36514143155254369,0.040000000000000001,-0.069128160703615854,0.37162760664325017,-0.36514158270063596,4.2754037649097114,7600
-0.36280374920395431,0.040000000000000001,-0.068949191705012347,0.36946176799358343,-0.36297108283191093,4.2894675930837565,7625
-0.36040207800807383,0.040000000000000001,-0.068755472008664248,0.36723123888938691,-0.36073739463091398,4.3035314212578015,7650
-0.35793707563667998,0.040000000000000001,-0.068547000894285767,0.36493663993978537,-0.35844115254660608,4.3175952494318466,7675
-0.3554094089405912,0.040000000000000001,-0.06832378101218213,0.36257860082188809,-0.35608299976572516,4.3316590776058925,7700
-0.3528197538207804,0.040000000000000001,-0.068085818441087201,0.36015776022006973,-0.35366358813700988,4.3457229057799376,7725
-0.35016879509807847,0.040000000000000001,-0.06783312272330598,0.35767476577518831,-0.35118357810971274,4.3597867339539826,7750
-0.34745722638149318,0.040000000000000001,-0.067565706873099304,0.35513027403388625,-0.3486436386772625,4.3738505621280277,7775
-0.34468574993516676,0.040000000000000001,-0.067283587357927568,0.35252495038805171,-0.34604444731615974,4.3879143903020728,7800
-0.34185507654399749,0.040000000000000001,-0.066986784055831305,0.34985946899583975,-0.34338668991081817,4.4019782184761178,7825
-0.33896592537794823,0.040000000000000001,-0.06667532019535799,0.34713451267820761,-0.34067106065702613,4.4160420466501629,7850
-0.33601902385506999,0.040000000000000001,-0.066349222286605433,0.34435077278821563,-0.3378982619396021,4.4301058748242079,7875
-0.33301510750326319,0.040000000000000001,-0.066008520052865421,0.34150894905399726,-0.3350690041833117,4.444169702998253,7900
-0.32995491982080305,0.040000000000000001,-0.065653246371902493,0.33860974939970295,-0.3321840056796232,4.458233531172298,7925
-0.32683921213565487,0.040000000000000001,-0.065283437234226027,0.33565388975142191,-0.32924399239491758,4.4722973593463431,7950
-0.32366874346360458,0.040000000000000001,-0.064899131723069242,0.33264209383673959,-0.32624969776795498,4.4863611875203881,7975
-0.32044428036523126,0.040000000000000001,-0.064500372017579952,0.32957509298697052,-0.32320186250540706,4.5004250156944332,8000
-0.31716659680174708,0.040000000000000001,-0.064087203417448724,0.32645362595022948,-0.32010123438403493,4.5144888438684783,8025
-0.31383647398973125,0.040000000000000001,-0.063659674384298856,0.32327843872154671,-0.31694856806669097,4.5285526720425233,8050
-0.31045470025478478,0.040000000000000001,-0.063217836593035856,0.32005028439350114,-0.3137446249369974,4.5426165002165684,8075
-0.3070220708841333,0.040000000000000001,-0.062761744985262824,0.31676992302778278,-0.31049017295468834,4.5566803283906134,8100
-0.30353938797820357,0.040000000000000001,-0.06229145781692131,0.31343812154513795,-0.30718598653061535,4.5707441565646585,8125
-0.30000746030120118,0.040000000000000001,-0.061807036693426951,0.31005565362870258,-0.30383284641772906,4.5848079847387035,8150
-0.29642710313071757,0.040000000000000001,-0.061308546587546191,0.30662329963411483,-0.30043153961232971,4.5988718129127495,8175
-0.29279913810639341,0.040000000000000001,-0.06079605583775162,0.30314184649920684,-0.29698285925878226,4.6129356410867945,8200
-0.28912439307766341,0.040000000000000001,-0.060269636127436202,0.29961208764648928,-0.29348760455077827,4.6269994692608396,8225
-0.28540370195061565,0.040000000000000001,-0.059729362447760809,0.29603482287297217,-0.28994658062307965,4.6410632974348847,8250
-0.28163790453398646,0.040000000000000001,-0.059175313048759205,0.29241085822384028,-0.28636059842929534,4.6551271256089297,8275
-0.27782784638432506,0.040000000000000001,-0.058607569384387215,0.28874100584880863,-0.28273047460335077,4.6691909537829748,8300
-0.27397437865035129,0.040000000000000001,-0.058026216057401429,0.28502608384224398,-0.27905703130454473,4.6832547819570198,8325
-0.27007835791653773,0.040000000000000001,-0.057431340769341775,0.28126691607006549,-0.27534109604815804,4.6973186101310649,8350
-0.26614064604594201,0.040000000000000001,-0.0568230342795965,0.2774643319877772,-0.27158350152519073,4.7113824383051099,8375
-0.26216211002232087,0.040000000000000001,-0.056201390375821933,0.2736191664545774,-0.26778508541575313,4.725446266479155,8400
-0.25814362179154998,0.040000000000000001,-0.055566505856171712,0.26973225954835756,-0.26394669020087858,4.7395100946532001,8425
-0.25408605810238355,0.040000000000000001,-0.054918480522072391,0.26580445638560957,-0.26006916297707461,4.7535739228272451,8450
-0.2499903003465774,0.040000000000000001,-0.054257417178983601,0.26183660694900251,-0.256153355276936,4.7676377510012902,8475
-0.2458572343984079,0.040000000000000001,-0.053583421641787227,0.25782956592391976,-0.25220012289781962,4.7817015791753352,8500
-0.24168775045361321,0.040000000000000001,-0.052896602741242291,0.25378419254376239,-0.24821032573912924,4.7957654073493803,8525
-0.23748274286778792,0.040000000000000001,-0.052197072328297046,0.24970135044263578,-0.24418482764748209,4.8098292355234253,8550
-0.23324310999425824,0.040000000000000001,-0.051484945273795719,0.24558190751318626,-0.24012449626801805,4.8238930636974704,8575
-0.22896975402146774,0.040000000000000001,-0.050760339462121856,0.24142673576701956,-0.23603020289956206,4.8379568918715155,8600
-0.22466358080990309,0.040000000000000001,-0.050023375778382208,0.23723671119524356,-0.23190282235123866,4.8520207200455605,8625
-0.2203254997285882,0.040000000000000001,-0.049274178089644259,0.2330127136271698,-0.22774323279844666,4.8660845482196065,8650
-0.21595642349117747,0.040000000000000001,-0.048512873221382542,0.22875562658592907,-0.22355231563669178,4.8801483763936515,8675
-0.21155726799167432,0.040000000000000001,-0.047739590930593656,0.22446633714054862,-0.21933095533251573,4.8942122045676966,8700
-0.20712895213980925,0.040000000000000001,-0.046954463876981087,0.22014573575473095,-0.21508003927147004,4.9082760327417416,8725
-0.20267239769610199,0.040000000000000001,-0.046157627593287343,0.21579471613306586,-0.21080045760365387,4.9223398609157867,8750
-0.19818852910664048,0.040000000000000001,-0.045349220455337624,0.21141417506557972,-0.2064931030876159,4.9364036890898317,8775
-0.19367827333760462,0.040000000000000001,-0.044529383651814101,0.20700501227143325,-0.20215887093344626,4.9504675172638768,8800
-0.18914255970956481,0.040000000000000001,-0.043698261153350779,0.20256813024223966,-0.19779865864563018,4.9645313454379218,8825
-0.18458231973158376,0.040000000000000001,-0.042855999680282184,0.1981044340850027,-0.19341336586581295,4.9785951736119669,8850
-0.17999848693515361,0.040000000000000001,-0.042002748668407648,0.19361483136419139,-0.18900389421512681,4.992659001786012,8875
-0.17539199670799457,0.040000000000000001,-0.041138660232410085,0.18910023194211686,-0.18457114713531125,5.006722829960057,8900
-0.17076378612774684,0.040000000000000001,-0.040263889127027316,0.184561547816637,-0.18011602972761542,5.0207866581341021,8925
-0.16611479379558508,0.040000000000000001,-0.039378592706664835,0.17999969295536469,-0.17563944858848812,5.0348504863081471,8950
-0.16144595966978403,0.040000000000000001,-0.038482930884657145,0.17541558312595143,-0.17114231164134802,5.0489143144821922,8975
-0.15675822489926544,0.040000000000000001,-0.037577066093781156,0.17081013572264334,-0.16662552796426913,5.0629781426562372,9000
-0.15205253165715599,0.040000000000000001,-0.03666116324974264,0.16618426959003474,-0.16209000761413103,5.0770419708302823,9025
-0.14732982297438471,0.040000000000000001,-0.035735389719154263,0.16153890484562106,-0.15753666144851103,5.0911057990043274,9050
-0.14259104257335037,0.040000000000000001,-0.03479991529302752,0.15687496270327811,-0.15296640094724398,5.1051696271783724,9075
-0.13783713470168726,0.040000000000000001,-0.033854912166014481,0.15219336530002181,-0.14838013803598285,5.1192334553524184,9100
-0.13306904396616059,0.040000000000000001,-0.032900554920728867,0.14749503552826476,-0.14377878491415966,5.1332972835264634,9125
-0.12828771516671653,0.040000000000000001,-0.031937020515539379,0.1427808968752966,-0.13916325388946646,5.1473611117005085,9150
-0.12349409313072179,0.040000000000000001,-0.030964488273465717,0.1380518732708795,-0.13453445722030241,5.1614249398745535,9175
-0.11868912254741783,0.040000000000000001,-0.029983139869307587,0.1333088889427935,-0.12989330696667781,5.1754887680485986,9200
-0.11387374780262012,0.040000000000000001,-0.02899315931204266,0.12855286827909562,-0.12524071484900198,5.1895525962226436,9225
-0.10904891281369145,0.040000000000000001,-0.027994732919852144,0.12378473569479996,-0.12057759211303579,5.2036164243966887,9250
-0.10421556086481848,0.040000000000000001,-0.026988049285866407,0.11900541549997631,-0.11590484939839941,5.2176802525707338,9275
-0.099374634442619819,0.040000000000000001,-0.025973299233781739,0.11421583176589784,-0.11122339660740588,5.2317440807447788,9300
-0.094527075072115205,0.040000000000000001,-0.02495067576373123,0.10941690818595533,-0.10653414277078938,5.2458079089188239,9325
-0.089673823153083906,0.040000000000000001,-0.023920373990031205,0.10460956792866501,-0.1018379959072203,5.2598717370928689,9350
-0.084815817796840928,0.040000000000000001,-0.022882591073502091,0.099794733481041453,-0.097135862874197912,5.273935565266914,9375
-0.079953996663460217,0.040000000000000001,-0.02183752615182058,0.094973326481891537,-0.09242864920902237,5.287999393440959,9400
-0.075089295799472516,0.040000000000000001,-0.020785380271643259,0.09014626754595273,-0.087717258959851635,5.3020632216150041,9425
-0.07022264947606692,0.040000000000000001,-0.019726356326067326,0.085314476081107954,-0.083002594508189712,5.3161270497890492,9450
-0.065354990027823245,0.040000000000000001,-0.018660659000333348,0.080478870101980807,-0.07828555638535617,5.3301908779630942,9475
-0.060487247692004698,0.040000000000000001,-0.017588494727584784,0.075640366043886825,-0.073567043086363818,5.3442547061371393,9500
-0.055620350448437605,0.040000000000000001,-0.0165100716552278,0.070799878581366299,-0.068847950885087744,5.3583185343111843,9525
-0.050755223860006644,0.040000000000000001,-0.015425599620998072,0.065958320455287045,-0.064129173654546665,5.3723823624852294,9550
-0.045892790913792912,0.040000000000000001,-0.014335290136589974,0.061116602311956376,-0.05941160269558142,5.3864461906592753,9575
-0.041033971862883808,0.040000000000000001,-0.013239356375696603,0.056275632556965036,-0.054696126576237958,5.4005100188333204,9600
-0.036179684068878254,0.040000000000000001,-0.012138013162697192,0.051436317226000935,-0.049983630982912697,5.4145738470073654,9625
-0.031330841845119903,0.040000000000000001,-0.011031476958151123,0.04659955987520957,-0.045274998582937834,5.4286376751814105,9650
-0.026488356300681394,0.040000000000000001,-0.0099199658376252237,0.041766261495962964,-0.040571108896966412,5.4427015033554556,9675
-0.021653135185128122,0.040000000000000001,-0.0088036994612017347,0.036937320465607333,-0.035872838178429803,5.4567653315295006,9700
-0.016826082734088119,0.040000000000000001,-0.007682899032172787,0.032113632563109271,-0.031181059296627987,5.4708291597035457,9725
-0.012008099515654741,0.040000000000000001,-0.0065577872446953497,0.027296091124396238,-0.02649664161973464,5.4848929878775907,9750
-0.0072000822776483826,0.040000000000000001,-0.0054285882215164361,0.022485587546369805,-0.021820450894211002,5.4989568160516358,9775
-0.0024029237957637248,0.040000000000000001,-0.0042955274439656103,0.017683012808281672,-0.017153349117766826,5.5130206442256808,9800
0.0023824872773715385,0.040000000000000001,-0.0031588316772482639,0.012889262668848923,-0.012496194403953364,5.5270844723997259,9825
0.0071552665622005478,0.040000000000000001,-0.0020187288944715975,0.0081052617185542117,-0.0078498408376785483,5.5411483005737709,9850
0.011914534101278009,0.040000000000000001,-0.00087544820282579655,0.0033321950702487079,-0.0032151383221191081,5.555212128747816,9875
0.016659414507322255,0.040000000000000001,0.00027078022510058621,0.0014328855881938361,0.0014070675813720077,5.5692759569218611,9900
0.0213890371102534,0.040000000000000001,0.0014197252126561598,0.0061811894846078123,0.0060159358179068543,5.5833397850959061,9925
0.026102536103192301,0.040000000000000001,0.0025711546318893316,0.010917706043386136,0.0106106300052685,5.5974036132699512,9950
0.030799050687395794,0.040000000000000001,0.0037248354476085068,0.015640338175294949,0.015190318598562296,5.6114674414439962,9975
0.035477725216102943,0.040000000000000001,0.0048805337536236533,0.020348145901818104,0.019754175050389147,5.6255312696180413,10000
0.040137709337268443,0.040000000000000001,0.00603801480293334,0.025040259457919947,0.024301377964212386,5.6395950977920863,10025
0.044778158135158772,0.040000000000000001,0.007197043034211403,0.029715827495304822,0.028831111239326572,5.6536589259661323,10050
0.049398232270785464,0.040000000000000001,0.0083573820972330723,0.034374007962443366,0.033342564206775817,5.6677227541401773,10075
0.053997098121156314,0.040000000000000001,0.0095187948798436482,0.039013965665909298,0.037834931756462992,5.6817865823142224,10100
0.058573927917314493,0.040000000000000001,0.010681043538753333,0.043634871479929047,0.042307414456489549,5.6958504104882675,10125
0.06312789988114742,0.040000000000000001,0.011843889535872669,0.048235902081660884,0.046759218666415102,5.7099142386623125,10150
0.067658198360940017,0.040000000000000001,0.013007093681228802,0.052816239885997915,0.05118955664647834,5.7239780668363576,10175
0.072164013965649934,0.040000000000000001,0.014170416182744535,0.057375073067265345,0.055597646664960997,5.7380418950104026,10200
0.076644543697882123,0.040000000000000001,0.015333616702467207,0.061911595623966587,0.059982713105755543,5.7521057231844477,10225
0.081098991085540681,0.040000000000000001,0.016496454418244964,0.066425007467871208,0.064343986577873089,5.7661695513584927,10250
0.085526566312135538,0.040000000000000001,0.017658688089417552,0.070914514528710643,0.068680704028157541,5.7802333795325378,10275
0.089926486345722298,0.040000000000000001,0.018820076124844588,0.075379328869889906,0.072992108857944868,5.7942972077065829,10300
0.09429797506645389,0.040000000000000001,0.019980376651533675,0.07981866881230458,0.077277451043827855,5.8083610358806279,10325
0.098640263392722513,0.040000000000000001,0.021139347582245335,0.084231759064061953,0.081535987262209578,5.822424864054673,10350
0.10295258940587065,0.040000000000000001,0.022296746680674662,0.088617830854128221,0.085766981016873287,5.836488692228718,10375
0.10723419847345135,0.040000000000000001,0.023452331623153688,0.092976122068061343,0.089969702768502399,5.8505525204027631,10400
0.11148434337101601,0.040000000000000001,0.024605860056162405,0.097305877384079989,0.094143430064886402,5.8646163485768081,10425
0.11570228440241058,0.040000000000000001,0.025757089649357121,0.10160634840785229,0.09828744767045712,5.8786801767508532,10450
0.11988728951855968,0.040000000000000001,0.026905778144168557,0.10587679380457732,0.10240104769382863,5.8927440049248982,10475
0.12403863443471987,0.040000000000000001,0.028051683398355873,0.11011647942716081,0.10648352971211432,5.9068078330989442,10500
0.12815560274618021,0.040000000000000001,0.029194563427215211,0.11432467843956924,0.11053420089096956,5.9208716612729893,10525
0.13223748604239643,0.040000000000000001,0.030334176442339281,0.11850067143474158,0.11455237609953627,5.9349354894470343,10550
0.13628358401953358,0.040000000000000001,0.03147028088901431,0.12264374654676732,0.1185373780197379,5.9489993176210794,10575
0.14029320459140301,0.040000000000000001,0.03260263548345347,0.12675319955737616,0.12248853724967525,5.9630631457951244,10600
0.14426566399877472,0.040000000000000001,0.033730999251072299,0.13082833399711205,0.12640519240119871,5.9771269739691695,10625
0.14820028691704637,0.040000000000000001,0.034855131566989855,0.13486846124190929,0.13028669019208455,5.9911908021432145,10650
0.15209640656225257,0.040000000000000001,0.035974792199780441,0.13887290060603624,0.13413238553353415,6.0052546303172596,10675
0.15595336479539654,0.040000000000000001,0.037089741359284882,0.14284097943264149,0.1379416416140451,6.0193184584913046,10700
0.15977051222508742,0.040000000000000001,0.038199739748962937,0.14677203318325563,0.14171382998090976,6.0333822866653497,10725
0.16354720830846767,0.040000000000000001,0.039304548622882095,0.15066540552763652,0.14544833062073509,6.0474461148393948,10750
0.16728282145041265,0.040000000000000001,0.040403929847004333,0.15452044843525486,0.1491445320404024,6.0615099430134398,10775
0.17097672910098788,0.040000000000000001,0.041497645963983386,0.15833652226948061,0.15280183134976369,6.0755737711874849,10800
0.17462831785114807,0.040000000000000001,0.04258546026028822,0.16211299588515082,0.15641963434709319,6.0896375993615299,10825
0.17823698352666273,0.040000000000000001,0.043667136834140932,0.16584924672975002,0.15999735560794096,6.103701427535575,10850
0.18180213128025285,0.040000000000000001,0.044742440662583538,0.16954466094787396,0.16353441857751144,6.11776525570962,10875
0.18532317568192533,0.040000000000000001,0.04581113766597824,0.17319863348811212,0.16703025566614627,6.1318290838836651,10900
0.18879954080749031,0.040000000000000001,0.046872994768410385,0.17681056821099689,0.17048430834694481,6.1458929120577102,10925
0.19223066032524658,0.040000000000000001,0.047927779952838118,0.18037987799628363,0.17389602725406497,6.1599567402317552,10950
0.19561597758082444,0.040000000000000001,0.048975262310345095,0.18390598484764117,0.17726487227991258,6.1740205684058012,10975
0.19895494568016805,0.040000000000000001,0.050015212083473655,0.18738831999283911,0.18059031266926756,6.1880843965798462,11000
0.20224702757065083,0.040000000000000001,0.051047400704276845,0.19082632397776264,0.18387182710845898,6.2021482247538913,11025
0.2054916961203051,0.040000000000000001,0.052071600828348351,0.19421944675303926,0.18710890380799572,6.2162120529279363,11050
0.20868843419515815,0.040000000000000001,0.053087586366563799,0.19756714775266532,0.19030104057754418,6.2302758811019814,11075
0.21183673473466072,0.040000000000000001,0.054095132516596312,0.20086889596476126,0.19344774489281072,6.2443397092760264,11100
0.21493610082519823,0.040000000000000001,0.055094015796298697,0.2041241699952798,0.19654853395459115,6.2584035374500715,11125
0.21798604577167172,0.040000000000000001,0.056084014080881588,0.20733245812616768,0.19960293474098659,6.2724673656241166,11150
0.22098609316713955,0.040000000000000001,0.05706490664535481,0.21049325836994334,0.20261048405438617,6.2865311937981616,11175
0.22393577696050873,0.040000000000000001,0.05803647421307926,0.2136060785229138,0.20557072856525999,6.3005950219722067,11200
0.22683464152226562,0.040000000000000001,0.058998499010526964,0.21667043621924026,0.20848322485500054,6.3146588501462517,11225
0.22968224170823748,0.040000000000000001,0.059950764827549796,0.21968585898774359,0.21134753945994875,6.3287226783202968,11250
0.23247814292137378,0.040000000000000001,0.060893057081763166,0.22265188431282051,0.2141632489184051,6.3427865064943418,11275
0.23522192117154117,0.040000000000000001,0.061825162885099656,0.22556805970011684,0.21692993982183828,6.3568503346683869,11300
0.2379131631333205,0.040000000000000001,0.062746871110272745,0.2284339427467795,0.21964720887074743,6.3709141628424319,11325
0.24055146620180004,0.040000000000000001,0.063657972454875644,0.23124910121532835,0.22231466293483987,6.384977991016477,11350
0.24313643854635639,0.040000000000000001,0.064558259501081253,0.23401311310950873,0.22493191911641791,6.3990418191905221,11375
0.24566769916241477,0.040000000000000001,0.065447526769439948,0.23672556674999942,0.22749860481522052,6.4131056473645671,11400
0.24814487792118392,0.040000000000000001,0.066325570765962599,0.23938606084767097,0.23001435779258242,6.4271694755386122,11425
0.25056761561735635,0.040000000000000001,0.067192190022482834,0.24199420457215484,0.23247882623261087,6.4412333037126581,11450
0.25293556401476924,0.040000000000000001,0.068047185131084709,0.24454961761388938,0.23489166879826837,6.4552971318867032,11475
0.25524838589002041,0.040000000000000001,0.068890358774071639,0.24705193023839375,0.23725255468065221,6.4693609600607482,11500
0.25750575507403195,0.040000000000000001,0.069721515751428959,0.24950078333228778,0.23956116364041241,6.4834247882347933,11525
0.25970735649155924,0.040000000000000001,0.070540463007962781,0.25189582844138997,0.24181718604101823,6.4974886164088383,11550
0.261852886198637,0.040000000000000001,0.07134700966223477,0.25423672780196821,0.2440203228743644,6.5115524445828834,11575
0.26394205141796118,0.040000000000000001,0.072140967039072329,0.25652315436680762,0.24617028577991393,6.5256162727569285,11600
0.26597457057220159,0.040000000000000001,0.072922148706869874,0.2587547918281366,0.24826679705912238,6.5396801009309735,11625
0.26795017331524057,0.040000000000000001,0.073690370520195822,0.26093133463950202,0.25030958968714728,6.5537439291050186,11650
0.26986860056133605,0.040000000000000001,0.074445450667467994,0.26305248803853054,0.25229840732390457,6.5678077572790636,11675
0.27172960451220507,0.040000000000000001,0.075187209722747603,0.26511796807203408,0.25423300432625112,6.5818715854531087,11700
0.27353294868202588,0.040000000000000001,0.075915470700175736,0.26712750162430698,0.25611314576260019,6.5959354136271537,11725
0.27527840792035602,0.040000000000000001,0.076630059109225587,0.26908082644876252,0.25793860743065516,6.6099992418011988,11750
0.27696576843296511,0.040000000000000001,0.077330803008869589,0.27097769120232923,0.25970917587822784,6.6240630699752439,11775
0.27859482780058065,0.040000000000000001,0.078017533058961891,0.27281785548146292,0.2614246484264599,6.6381268981492889,11800
0.28016539499554577,0.040000000000000001,0.078690082567502359,0.27460108985820647,0.26308483319422743,6.652190726323334,11825
0.28167729039638911,0.040000000000000001,0.079348287533038242,0.27632717591455419,0.26468954912215042,6.666254554497379,11850
0.28313034580030544,0.040000000000000001,0.079991986682083599,0.27799590627345938,0.26623862599453024,6.6803183826714241,11875
0.28452440443354826,0.040000000000000001,0.080621021502024576,0.27960708462512246,0.2677319044576692,6.69438221084547,11900
0.28585932095973382,0.040000000000000001,0.081235236270518582,0.28116052574766354,0.26916923603334686,6.7084460390195151,11925
0.28713496148605944,0.040000000000000001,0.08183447808269638,0.28265605552185452,0.27055048312672886,6.7225098671935601,11950
0.28835120356743416,0.040000000000000001,0.082418596877602779,0.28409351094016033,0.27187551902853302,6.7365736953676052,11975
0.28950793620852761,0.040000000000000001,0.08298744546523576,0.28547274011084062,0.2731442279118233,6.7506375235416503,12000
0.2906050598637348,0.040000000000000001,0.083540879555219674,0.28679360225820905,0.27435650482425256,6.7647013517156953,12025
0.2916424864350628,0.040000000000000001,0.084078757787760694,0.28805596772031522,0.27551225567686521,6.7787651798897404,12050
0.29262013926794034,0.040000000000000001,0.084600941767027038,0.28925971794526872,0.27661139723067907,6.7928290080637854,12075
0.29353795314495351,0.040000000000000001,0.085107296096625859,0.29040474548720047,0.2776538570821715,6.8068928362378305,12100
0.29439587427751174,0.040000000000000001,0.085597688416483922,0.2914909540025003,0.27863957364854386,6.8209566644118755,12125
0.29519386029544786,0.040000000000000001,0.086071989440177188,0.29251825824651778,0.27956849615324419,6.8350204925859206,12150
0.29593188023455613,0.040000000000000001,0.08653007299171514,0.29348658407050271,0.28044058461182236,6.8490843207599656,12175
0.29660991452207364,0.040000000000000001,0.086971816040867012,0.29439586841820797,0.2812558098177963,6.8631481489340107,12200
0.29722795496010901,0.040000000000000001,0.087397098736406637,0.29524605932133241,0.2820141533278685,6.8772119771080558,12225
0.29778600470702465,0.040000000000000001,0.087805804436961593,0.29603711589295306,0.28271560744570823,6.8912758052821008,12250
0.29828407825677933,0.040000000000000001,0.088197819739565642,0.29676900831817138,0.28336017520346424,6.9053396334561459,12275
0.29872220141623407,0.040000000000000001,0.08857303450632821,0.29744171784146123,0.28394787034035002,6.9194034616301909,12300
0.2991004112804313,0.040000000000000001,0.088931341889863388,0.2980552367505338,0.28447871727790991,6.933467289804236,12325
0.29941875620585245,0.040000000000000001,0.089272638358250514,0.2986095683568889,0.28495275109190388,6.947531117978281,12350
0.29967729578166097,0.040000000000000001,0.089596823720201238,0.29910472697353757,0.28537001748110408,6.961594946152327,12375
0.29987610079893939,0.040000000000000001,0.089903801150915605,0.29954073789061225,0.28573057273359653,6.975658774326372,12400
0.30001525321792771,0.040000000000000001,0.090193477218815807,0.29991763734961774,0.28603448369131262,6.9897226025004171,12425
0.30009484613327159,0.040000000000000001,0.090465761912977158,0.30023547251703075,0.2862818277135824,7.0037864306744622,12450
0.30011498373728845,0.040000000000000001,0.090720568670736065,0.30049430145768702,0.28647269264033098,7.0178502588485072,12475
0.30007578128126217,0.040000000000000001,0.09095781440473201,0.30069419310808043,0.28660717675528274,7.0319140870225523,12500
0.29997736503477357,0.040000000000000001,0.091177419528484988,0.3008352272493105,0.28668538874918431,7.0459779151965973,12525
0.29981987224307777,0.040000000000000001,0.091379307979709112,0.30091749447905947,0.28670744768265832,7.0600417433706424,12550
0.2996034510825385,0.040000000000000001,0.091563407240727618,0.30094109618171966,0.28667348294797645,7.0741055715446874,12575
0.29932826061412893,0.040000000000000001,0.091729648355723128,0.30090614449566055,0.2865836342287863,7.0881693997187325,12600
0.29899447073501045,0.040000000000000001,0.091877965944976742,0.30081276227671777,0.28643805145679024,7.1022332278927776,12625
0.29860226212820024,0.040000000000000001,0.092008298216668172,0.30066108305718897,0.28623689476444952,7.1162970560668226,12650
0.29815182621033942,0.040000000000000001,0.09212058697718524,0.30045125100002062,0.28598033443307996,7.1303608842408677,12675
0.29764336507757294,0.040000000000000001,0.09221477764109387,0.30018342084834088,0.28566855083613202,7.1444247124149127,12700
0.29707709144955341,0.040000000000000001,0.092290819241995586,0.29985775787097002,0.28530173437791539,7.1584885405889578,12725
0.29645322861158208,0.040000000000000001,0.092348664445323428,0.29947443780496663,0.28488008542852883,7.1725523687630028,12750
0.29577201035489864,0.040000000000000001,0.092388269563787387,0.29903364679652628,0.28440381425613581,7.1866161969370479,12775
0.29503368091513382,0.040000000000000001,0.092409594575693699,0.29853558134162961,0.28387314095796501,7.200680025111093,12800
0.29423849490893711,0.040000000000000001,0.092412603145841252,0.2979804482277098,0.28328829539145473,7.214743853285138,12825
0.29338671726879484,0.040000000000000001,0.092397262648112224,0.29736846447723614,0.28264951710676073,7.228807681459184,12850
0.29247862317605139,0.040000000000000001,0.092363544188480251,0.29669985729360715,0.28195705528145509,7.242871509633229,12875
0.29151449799214812,0.040000000000000001,0.092311422626904255,0.29597486400916245,0.28121116865771761,7.2569353378072741,12900
0.29049463718809537,0.040000000000000001,0.092240876596515198,0.29519373203448834,0.28041212548168409,7.2709991659813191,12925
0.28941934627219157,0.040000000000000001,0.092151888518756261,0.29435671880773218,0.2795602034440543,7.2850629941553642,12950
0.28828894071600558,0.040000000000000001,0.092044444613541623,0.29346409174230781,0.27865568962058235,7.2991268223294092,12975
0.28710374587863696,0.040000000000000001,0.09191853490408787,0.29251612817127703,0.2776988804107805,7.3131906505034543,13000
