cancellation_region,certified_noncancellation_window,coherence_threshold,comparison_start_time,comparison_stop_time,comparison_window,epsilon,full_imaginary,full_magnitude,full_real,morse_imaginary,morse_magnitude,morse_phasor_coherence,morse_real,noncancellation_morse_rms_normalization,time
0,0,0.29999999999999999,1500,10200,0,0.080000000000000002,-6.6088461057097118e-05,0.0010160252220971285,-0.0010138735459871828,-0.00012642435429560545,0.0010344213464785878,0.94189705338009599,-0.001026666647306473,7.4595291414641428e-05,400
0,0,0.29999999999999999,1500,10200,0,0.080000000000000002,0.00053523655845395595,0.00095651946951340338,0.00079274921762974163,0.00061044724134865229,0.00098280841515929317,0.9508319559686319,0.00077023798039160699,7.4595291414641428e-05,425
0,0,0.29999999999999999,1500,10200,0,0.080000000000000002,-0.00081386740689573327,0.00090068959991875387,-0.00038582586667384029,-0.00087850318332432598,0.00093621926538383401,0.95903854041945535,-0.00032363354239768133,7.4595291414641428e-05,450
0,0,0.29999999999999999,1500,10200,0,0.080000000000000002,0.00084500409149817319,0.00084898394430344489,-8.2108605129925166e-05,0.00087696812198500272,0.00089385485494117159,0.96651052064088228,-0.00017292603830539911,7.4595291414641428e-05,475
0,0,0.29999999999999999,1500,10200,0,0.080000000000000002,-0.00064237973618411345,0.00080169248418641428,0.00047964477870713137,-0.00063009523378538006,0.00085507644443683529,0.97324217323474715,0.00057804474064875597,7.4595291414641428e-05,500
0,0,0.29999999999999999,1500,10200,0,0.080000000000000002,0.00028186584210533876,0.00075894079249765522,-0.00070465791244490915,0.00022706819320182,0.00081936743362388809,0.9792283418803005,-0.00078727569943410388,7.4595291414641428e-05,525
0,0,0.29999999999999999,1500,10200,0,0.080000000000000002,0.00012345368178444133,0.00072069301526358218,0.00071004056975892558,0.00020734480523536042,0.00078630560566033433,0.98446444128383481,0.00075847520541859207,7.4595291414641428e-05,550
0,0,0.29999999999999999,1500,10200,0,0.080000000000000002,-0.00045682667424359712,0.00068676515596614222,-0.00051279213054485745,-0.0005495701548272698,0.00075554261166087592,0.9889464606908579,-0.0005184759232196494,7.4595291414641428e-05,575
0,0,0.29999999999999999,1500,10200,0,0.080000000000000002,0.00063028370836386912,0.00065684845917504968,0.00018491172296997862,0.00071102695435853948,0.00072678858378852438,0.99267096695815504,0.000150540080048299,7.4595291414641428e-05,600
0,0,0.29999999999999999,1500,10200,0,0.080000000000000002,-0.00060709457083900299,0.0006305408558355415,0.0001703465671377732,-0.00065997056760658561,0.00069980044089325635,0.99563510718352677,0.00023272195205316856,7.4595291414641428e-05,625
0,0,0.29999999999999999,1500,10200,0,0.080000000000000002,0.00040857450873125215,0.00060738281736632659,-0.00044942269373816939,0.00042620462322194808,0.0006743728925490708,0.99783661089099784,-0.00052261689347861482,7.4595291414641428e-05,650
0,0,0.29999999999999999,1500,10200,0,0.080000000000000002,-0.00010424782338586727,0.00058689316284752247,0.00057756036560387136,-8.8482662667534775e-05,0.00065033144190358217,0.9992737917699025,0.00064428394573794526,7.4595291414641428e-05,675
0,0,0.29999999999999999,1500,10200,0,0.080000000000000002,-0.00021091548035743709,0.00056860065694049132,-0.00052803538443815465,-0.00025081173030065142,0.00062752688763618937,0.99994554896659138,-0.00057522471317734242,7.4595291414641428e-05,700
0,0,0.29999999999999999,1500,10200,0,0.080000000000000002,0.00044504700992657677,0.00055206845918671769,0.00032666916380982462,0.00049588222993933787,0.00060583096317041324,0.99985136792762885,0.0003480401844132087,7.4595291414641428e-05,725
0,0,0.29999999999999999,1500,10200,0,0.080000000000000002,-0.00053532703490975146,0.0005369101460095233,-4.1200371147616186e-05,-0.00058392283790710802,0.00058513284778073161,0.99899132079393094,-3.7610755409831124e-05,7.4595291414641428e-05,750
0,0,0.29999999999999999,1500,10200,0,0.080000000000000002,0.0004641373760747275,0.00052279758414794765,-0.00024061132583774478,0.00050057827212581852,0.00056533635271432709,0.99736606634549629,-0.00026272910987530114,7.4595291414641428e-05,775
0,0,0.29999999999999999,1500,10200,0,0.080000000000000002,-0.00026139258059314132,0.00050946202855217486,0.00043729335387969844,-0.00028081491732635648,0.00054635763466826643,0.99497684949681653,0.00046866794979739593,7.4595291414641428e-05,800
0,0,0.29999999999999999,1500,10200,0,0.080000000000000002,-6.8322391292539256e-06,0.00049669034284727373,-0.00049664335008758854,-4.1395191950842317e-06,0.00052812332475903848,0.99182550034330197,-0.00052810710138699558,7.4595291414641428e-05,825
0,0,0.29999999999999999,1500,10200,0,0.080000000000000002,0.00025936193507845922,0.00048431828232469327,0.00040901782996135801,0.00026925373783615167,0.00051056898744228948,0.98791443275947799,0.00043380077869813194,7.4595291414641428e-05,850
0,0,0.29999999999999999,1500,10200,0,0.080000000000000002,-0.00042410752978866824,0.00047222250770612677,-0.00020767017109064271,-0.00044063526163982334,0.00049363784339324815,0.98324664255007632,-0.00022252839510844764,7.4595291414641428e-05,875
0,0,0.29999999999999999,1500,10200,0,0.080000000000000002,0.00045827745341062365,0.00046031257989998729,-4.3237101078308287e-05,0.00047575325001718001,0.00047727970502285064,0.97782570515525657,-3.8141341413090574e-05,7.4595291414641428e-05,900
0,0,0.29999999999999999,1500,10200,0,0.080000000000000002,-0.00035903765426592099,0.00044852374520952965,0.00026882245597421368,-0.00037350160720863351,0.00046145008440201806,0.97165577291203298,0.00027098474091209876,7.4595291414641428e-05,925
0,0,0.29999999999999999,1500,10200,0,0.080000000000000002,0.0001620889018472044,0.00043681093057242227,-0.00040562418192892889,0.00017186871129870252,0.0004461094418356645,0.96474157187362652,-0.00041167314725574627,7.4595291414641428e-05,950
0,0,0.29999999999999999,1500,10200,0,0.080000000000000002,7.0759247267973286e-05,0.00042514406353140553,0.00041921426941608937,6.5362968604614228e-05,0.00043122254984270743,0.95708839818952862,0.000426240037805036,7.4595291414641428e-05,975
0,0,0.29999999999999999,1500,10200,0,0.080000000000000002,-0.00027083000783477515,0.00041350462009764828,-0.00031246948282722916,-0.00026842425973107466,0.00041675795234725197,0.94870211404884852,-0.0003188033996564324,7.4595291414641428e-05,1000
0,0,0.29999999999999999,1500,10200,0,0.080000000000000002,0.00038271394396087249,0.0004018831790094202,0.0001226381941673631,0.00038182182047299842,0.00040268750282671179,0.93958914319001441,0.00012794265255769232,7.4595291414641428e-05,1025
0,0,0.29999999999999999,1500,10200,0,0.080000000000000002,-0.00037944262092471867,0.00039027770899778243,9.1323532379874322e-05,-0.00037923941175307398,0.00038898596825881861,0.9297564659803832,8.6530642407375166e-05,7.4595291414641428e-05,1050
0,0,0.29999999999999999,1500,10200,0,0.080000000000000002,0.00026860452117475822,0.00037869231912537394,-0.00026694472043670934,0.0002691500513802448,0.00037563068815761412,0.9192116140697586,-0.00026202416630489322,7.4595291414641428e-05,1075
0,0,0.29999999999999999,1500,10200,0,0.080000000000000002,-8.8153398052855659e-05,0.00036713624304979796,0.00035639584645791696,-9.0115478226154329e-05,0.00036260127993590518,0.90796266462104047,0.00035122484080034571,7.4595291414641428e-05,1100
0,0,0.29999999999999999,1500,10200,0,0.080000000000000002,-0.00010628832697203209,0.00035562288943130952,-0.00033936769297763126,-0.00010222555672622833,0.00034987938338956845,0.89601823412386039,-0.00033461249001356377,7.4595291414641428e-05,1125
0,0,0.29999999999999999,1500,10200,0,0.080000000000000002,0.00025846856179040974,0.00034416885845755819,0.00022725801569576349,0.00025221248311145576,0.00033744843835219321,0.88338747179448185,0.00022418811723436089,7.4595291414641428e-05,1150
0,0,0.29999999999999999,1500,10200,0,0.080000000000000002,-0.00032770560287503187,0.00033279288770889532,-5.7966748692136378e-05,-0.00032009699613868686,0.00032529349058168947,0.8700800525678769,-5.7911726600138524e-05,7.4595291414641428e-05,1175
0,0,0.29999999999999999,1500,10200,0,0.080000000000000002,0.00029961307631854513,0.0003215147420093123,-0.00011663504545483873,0.0002923422584464388,0.00031340102176366914,0.85610616968727793,-0.00011294336797239301,7.4595291414641428e-05,1200
0,0,0.29999999999999999,1500,10200,0,0.080000000000000002,-0.00018857643552635636,0.0003103540975456521,0.00024649258371713762,-0.00018369048435927168,0.00030175880018838019,0.84147652689653707,0.00023940797699113314,7.4595291414641428e-05,1225
0,0,0.29999999999999999,1500,10200,0,0.080000000000000002,3.1769957139874384e-05,0.00029932948931913971,-0.00029763872899773568,3.0951793806527112e-05,0.00029035574920900799,0.82620233024169976,-0.00028870131201448075,7.4595291414641428e-05,1250
0,0,0.29999999999999999,1500,10200,0,0.080000000000000002,0.00012302415735969689,0.00028845739409061132,0.00026090750259715183,0.00011913135071369,0.00027918183104292413,0.81029527948767299,0.0002524880513244372,7.4595291414641428e-05,1275
0,0,0.29999999999999999,1500,10200,0,0.080000000000000002,-0.00023186846132190725,0.00027775151114583179,-0.00015291474287328977,-0.00022402753834675147,0.00026822794385271702,0.79376755915728059,-0.00014750556574499524,7.4595291414641428e-05,1300
0,0,0.29999999999999999,1500,10200,0,0.080000000000000002,0.00026705264849569339,0.000267222284150731,9.5200881387553752e-06,0.00025733160792478378,0.00025748583035534953,0.77663182919824247,8.9104655674769242e-06,7.4595291414641428e-05,1325
0,0,0.29999999999999999,1500,10200,0,0.080000000000000002,-0.00022394387281630791,0.00025687668320471693,0.0001258362912767609,-0.0002151535640668053,0.00024694799646738898,0.75890121528687216,0.00012121162002303521,7.4595291414641428e-05,1350
0,0,0.29999999999999999,1500,10200,0,0.080000000000000002,0.0001206827563413855,0.00024671824096886909,-0.00021518727366788849,0.00011552259648414673,0.00023660763871137497,0.7405892987748206,-0.00020648899340675175,7.4595291414641428e-05,1375
0,0,0.29999999999999999,1500,10200,0,0.080000000000000002,8.6986831500866984e-06,0.00023674731397950799,0.00023658745441795117,8.5105045281500337e-06,0.00022645857929060511,0.72171010628708798,0.00022629860681629398,7.4595291414641428e-05,1400
0,0,0.29999999999999999,1500,10200,0,0.080000000000000002,-0.00012527399380052759,0.00022696152265390052,-0.00018925633210712495,-0.00011959533123813403,0.00021649520789307543,0.70227809897870097,-0.00018046365780041961,7.4595291414641428e-05,1425
0,0,0.29999999999999999,1500,10200,0,0.080000000000000002,0.00019683302566196286,0.00021735631269210952,9.2198300829609433e-05,0.00018721095069761074,0.00020671242941494372,0.6823081614598665,8.7647523715874876e-05,7.4595291414641428e-05,1450
0,0,0.29999999999999999,1500,10200,0,0.080000000000000002,-0.0002066689497047509,0.00020792557708123642,2.2825223602417153e-05,-0.00019591846165129838,0.00019710561690374666,0.66181559039622673,2.1600476827960684e-05,7.4595291414641428e-05,1475
0,1,0.29999999999999999,1500,10200,1,0.080000000000000002,0.0001571785081622224,0.00019866228117072137,-0.00012149740133785964,0.00014854714150657757,0.00018767056911498438,0.64081608279352087,-0.00011469084210244057,7.4595291414641428e-05,1500
0,1,0.29999999999999999,1500,10200,1,0.080000000000000002,-6.7611599085505691e-05,0.00018955904194590688,0.000177091225227426,-6.3786152763086051e-05,0.00017840347215528817,0.61932572397712204,0.0001666107007150109,7.4595291414641428e-05,1525
0,1,0.29999999999999999,1500,10200,1,0.080000000000000002,-3.2917620215444164e-05,0.00018060862482360159,-0.00017758351736584188,-3.065157443675513e-05,0.00016930086475343999,0.59736097527539955,-0.00016650304438901604,7.4595291414641428e-05,1550
0,1,0.29999999999999999,1500,10200,1,0.080000000000000002,0.00011472799552517877,0.00017180433502896622,0.00012788360558539094,0.00010690772579148956,0.00016035960675884196,0.57493866141290806,0.00011952381204572633,7.4595291414641428e-05,1575
0,1,0.29999999999999999,1500,10200,1,0.080000000000000002,-0.00015624933912400317,0.000163140294061683,-4.6913746064929118e-05,-0.00014510085126608389,0.00015157685051716841,0.55207595763092565,-4.3832460284152626e-05,7.4595291414641428e-05,1600
0,1,0.29999999999999999,1500,10200,1,0.080000000000000002,0.00014956741324253757,0.00015461160349275422,-3.9170611822342578e-05,0.00013835162037259305,0.000142950014816133,0.52879037653701133,-3.5965759775243796e-05,7.4595291414641428e-05,1625
0,1,0.29999999999999999,1500,10200,1,0.080000000000000002,-0.00010145774786284518,0.00014621440743453178,0.00010528522374972946,-9.3494672865921072e-05,0.00013447676113162584,0.50509975470133983,9.6657878262181818e-05,7.4595291414641428e-05,1650
0,1,0.29999999999999999,1500,10200,1,0.080000000000000002,2.9991884610781231e-05,0.00013794587109869729,-0.00013464601817607527,2.7660723826497596e-05,0.00012615497193680414,0.48102223900635388,-0.00012308517904999799,7.4595291414641428e-05,1675
0,1,0.29999999999999999,1500,10200,1,0.080000000000000002,4.1878957093103265e-05,0.00012980409595092219,0.00012286275382893805,3.7858573786891436e-05,0.00011798273086480571,0.45657627276419233,0.00011174369410906225,7.4595291414641428e-05,1700
0,1,0.29999999999999999,1500,10200,1,0.080000000000000002,-9.3567620822239571e-05,0.00012178799246759954,-7.7957779874453088e-05,-8.4354572471219909e-05,0.00010995830454023164,0.43178058161229937,-7.0534635751239521e-05,7.4595291414641428e-05,1725
0,1,0.29999999999999999,1500,10200,1,0.080000000000000002,0.000112668445317103,0.00011389712997719671,1.6684653034133318e-05,0.00010095405207633812,0.00010208012591596431,0.40665415920311315,1.5120564684797315e-05,7.4595291414641428e-05,1750
0,1,0.29999999999999999,1500,10200,1,0.080000000000000002,-9.7728983536463464e-05,0.00010613158017906604,4.1387897847500993e-05,-8.6932908521891847e-05,9.4346778970750623e-05,0.38121625270114912,3.6660388951565357e-05,7.4595291414641428e-05,1775
0,1,0.29999999999999999,1500,10200,1,0.080000000000000002,5.743414434142389e-05,9.849176730612626e-05,-8.0012169642202594e-05,5.0687243422540789e-05,8.6756984639757472e-05,0.35548634810881125,-7.0410068442000614e-05,7.4595291414641428e-05,1800
0,1,0.29999999999999999,1500,10200,1,0.080000000000000002,-6.8131130489206434e-06,9.0978334075895727e-05,9.0722867909959277e-05,-6.0342773829723797e-06,7.9309587865504738e-05,0.32948415543976206,7.907969539560432e-05,7.4595291414641428e-05,1825
0,1,0.29999999999999999,1500,10200,1,0.080000000000000002,-3.8058098580566636e-05,8.359202897263978e-05,-7.4425858679591454e-05,-3.2715786659601948e-05,7.2003545670859174e-05,0.30322959377896064,-6.4141935521302388e-05,7.4595291414641428e-05,1850
1,0,0.29999999999999999,1500,10200,1,0.080000000000000002,6.5059286055623526e-05,7.6333617300858368e-05,3.9926312478946178e-05,5.523223203237508e-05,6.4837916170142941e-05,0.276742776268666,3.3961094181553739e-05,7.4595291414641428e-05,1875
1,0,0.29999999999999999,1500,10200,1,0.080000000000000002,-6.9203562817865725e-05,6.9203815996937468e-05,-1.8719468926762971e-07,-5.7811516225243758e-05,5.781184845083279e-05,0.25004399511427594,-1.959924499449811e-07,7.4595291414641428e-05,1900
1,0,0.29999999999999999,1500,10200,1,0.080000000000000002,5.3189495023910421e-05,6.220325042278761e-05,-3.225092219241855e-05,4.3558326482709532e-05,5.0924573281075927e-05,0.22315370674802537,-2.6381515458467464e-05,7.4595291414641428e-05,1925
1,0,0.29999999999999999,1500,10200,1,0.080000000000000002,-2.5447673819500521e-05,5.5332430252759911e-05,4.9133427876068735e-05,-2.0327737822965136e-05,4.4175394637947961e-05,0.19609251746616313,3.9220512062175242e-05,7.4595291414641428e-05,1950
1,0,0.29999999999999999,1500,10200,1,0.080000000000000002,-3.4004207572843734e-06,4.8591741012396893e-05,-4.8472615292444076e-05,-2.6276708727089027e-06,3.7563682137395051e-05,0.16888117022760321,-3.7471663447249965e-05,7.4595291414641428e-05,1975
1,0,0.29999999999999999,1500,10200,1,0.080000000000000002,2.4326933993209722e-05,4.198144772538816e-05,3.4214649429878955e-05,1.8023385905411091e-05,3.1088864671199886e-05,0.14154053435967989,2.5331306066778501e-05,7.4595291414641428e-05,2000
1,0,0.29999999999999999,1500,10200,1,0.080000000000000002,-3.263647293950771e-05,3.5501707384790586e-05,-1.3972539543836517e-05,-2.2761554742402362e-05,2.4750426255953293e-05,0.11409160329240746,-9.7208654738146991e-06,7.4595291414641428e-05,2025
1,0,0.29999999999999999,1500,10200,1,0.080000000000000002,2.8851099312176103e-05,2.9152587595424193e-05,-4.1817976980997181e-06,1.8350964464734136e-05,1.8547907793786171e-05,0.086555518458410585,-2.695734916652369e-06,7.4595291414641428e-05,2050
1,0,0.29999999999999999,1500,10200,1,0.080000000000000002,-1.7646342362873521e-05,2.2934090117379201e-05,1.4648518379833702e-05,-9.5694973818379148e-06,1.2480932497811147e-05,0.058953705579202556,8.0123901473852175e-06,7.4595291414641428e-05,2075
1,0,0.29999999999999999,1500,10200,1,0.080000000000000002,5.4299649269619445e-06,1.6846182382783529e-05,-1.5947079411791028e-05,2.0366475482095867e-06,6.5493985307260621e-06,0.031308818976026435,-6.2246837573204124e-06,7.4595291414641428e-05,2100
1,0,0.29999999999999999,1500,10200,1,0.080000000000000002,2.4171478503758699e-06,1.0888862830841331e-05,1.0617190307152886e-05,2.9000425108860228e-07,7.6264629777127689e-07,0.0036891649474620988,7.0535587461562553e-07,7.4595291414641428e-05,2125
1,0,0.29999999999999999,1500,10200,1,0.080000000000000002,-3.5810467076695078e-06,5.0625348200840171e-06,-3.5784582269536816e-06,3.2797124712987139e-06,4.9148044651421681e-06,0.024054186665990417,3.6604356347556614e-06,7.4595291414641428e-05,2150
1,0,0.29999999999999999,1500,10200,1,0.080000000000000002,-5.7910568645947299e-07,6.5046169546013606e-07,-2.9620435711038639e-07,-1.0042563732910284e-05,1.0443217239191262e-05,0.051705833855952968,-2.8649083712008377e-06,7.4595291414641428e-05,2175
1,0,0.29999999999999999,1500,10200,1,0.080000000000000002,5.993150978245794e-06,6.204767499074224e-06,-1.6066365704537167e-06,1.524709884211631e-05,1.5838749663467859e-05,0.07932124978290804,-4.2885857576523575e-06,7.4595291414641428e-05,2200
1,0,0.29999999999999999,1500,10200,1,0.080000000000000002,-7.9440699128178095e-06,1.164103220575514e-05,8.5091353283216258e-06,-1.4334249167592223e-05,2.1101188247894581e-05,0.10687666660215098,1.5485136301449401e-05,7.4595291414641428e-05,2225
1,0,0.29999999999999999,1500,10200,1,0.080000000000000002,3.3634166124378122e-06,1.6947794955803617e-05,-1.6610694824574313e-05,5.1576990330718292e-06,2.6230757310005418e-05,0.134350510264197,-2.571868522573914e-05,7.4595291414641428e-05,2250
1,0,0.29999999999999999,1500,10200,1,0.080000000000000002,7.580977405990893e-06,2.2124797278950163e-05,2.0785462135937613e-05,1.072423508485569e-05,3.1227744821562957e-05,0.16172158743294898,2.9328532668468129e-05,7.4595291414641428e-05,2275
1,0,0.29999999999999999,1500,10200,1,0.080000000000000002,-2.1259477807838699e-05,2.7172022129351005e-05,-1.6921979492244836e-05,-2.824495510022199e-05,3.609245781639568e-05,0.18896887013008934,-2.2469713451994563e-05,7.4595291414641428e-05,2300
1,0,0.29999999999999999,1500,10200,1,0.080000000000000002,3.184361321826346e-05,3.2089494971164489e-05,3.964843592126619e-06,4.0512110742788225e-05,4.0825214011466856e-05,0.21607145681059287,5.0464821654428664e-06,7.4595291414641428e-05,2325
1,0,0.29999999999999999,1500,10200,1,0.080000000000000002,-3.360696925266633e-05,3.6877259088636768e-05,1.5182353425631434e-05,-4.140288746814332e-05,4.5426340902286158e-05,0.24300857056539402,1.8690996684793903e-05,7.4595291414641428e-05,2350
1,0,0.29999999999999999,1500,10200,1,0.080000000000000002,2.3398633235552263e-05,4.1535374960466831e-05,-3.4317507715664382e-05,2.8125379906095636e-05,4.9896176899823198e-05,0.26975956804870521,-4.1213971834272921e-05,7.4595291414641428e-05,2375
1,0,0.29999999999999999,1500,10200,1,0.080000000000000002,-2.3236785709821235e-06,4.6063924726286866e-05,4.6005278817628969e-05,-2.763163529933237e-06,5.4235073083137691e-05,0.29630395216084526,5.4164638645892699e-05,7.4595291414641428e-05,2400
0,1,0.29999999999999999,1500,10200,1,0.080000000000000002,-2.407926393136037e-05,5.0463017363469713e-05,-4.4347549762638903e-05,-2.7857793282458888e-05,5.8443395109861125e-05,0.32262138619801906,-5.1376782552035383e-05,7.4595291414641428e-05,2425
0,1,0.29999999999999999,1500,10200,1,0.080000000000000002,4.7347247904392265e-05,5.4732793138705229e-05,2.7457544694388099e-05,5.406543002565032e-05,6.2521525117094346e-05,0.34869170860265575,3.1398572883316984e-05,7.4595291414641428e-05,2450
0,1,0.29999999999999999,1500,10200,1,0.080000000000000002,-5.8858805832804285e-05,5.8873426821591312e-05,1.312006727692916e-06,-6.6454318457190656e-05,6.6469863546768601e-05,0.37449494793722199,1.4374694140494788e-06,7.4595291414641428e-05,2475
0,1,0.29999999999999999,1500,10200,1,0.080000000000000002,5.2940698847793963e-05,6.2885129573452315e-05,-3.3938502132196018e-05,5.9199624735472698e-05,7.0288830869174557e-05,0.40001133790010113,-3.789359017214699e-05,7.4595291414641428e-05,2500
0,1,0.29999999999999999,1500,10200,1,0.080000000000000002,-2.9220050567040906e-05,6.676814967170642e-05,6.0034777049997977e-05,-3.242266859209151e-05,7.397886919519282e-05,0.42522133229363723,6.6495440811884641e-05,7.4595291414641428e-05,2525
0,1,0.29999999999999999,1500,10200,1,0.080000000000000002,-6.6739602108957893e-06,7.0522772373650782e-05,-7.0206265235868667e-05,-7.2824497358744417e-06,7.754044377532544e-05,0.45010561988086634,-7.7197709465494301e-05,7.4595291414641428e-05,2550
0,1,0.29999999999999999,1500,10200,1,0.080000000000000002,4.443060945862752e-05,7.414931928453525e-05,5.9363646228098811e-05,4.8472589533971492e-05,8.0974044387139947e-05,0.47464513910502115,6.486296268504567e-05,7.4595291414641428e-05,2575
0,1,0.29999999999999999,1500,10200,1,0.080000000000000002,-7.2092640809007921e-05,7.7648147585534816e-05,-2.8842433403725827e-05,-7.822701597438354e-05,8.4280186614370102e-05,0.49882109263711427,-3.136373427219073e-05,7.4595291414641428e-05,2600
0,1,0.29999999999999999,1500,10200,1,0.080000000000000002,7.9890629254076697e-05,8.101964941289918e-05,-1.347853658142299e-05,8.6251462873840749e-05,8.7459413021631751e-05,0.52261496174077959,-1.4485650769324826e-05,7.4595291414641428e-05,2625
0,1,0.29999999999999999,1500,10200,1,0.080000000000000002,-6.3636226595021919e-05,8.4264251579821257e-05,5.5234905259757923e-05,-6.8399104909580243e-05,9.0512294228969005e-05,0.54600852042975312,5.927932062835818e-05,7.4595291414641428e-05,2650
0,1,0.29999999999999999,1500,10200,1,0.080000000000000002,2.6512107821685326e-05,8.7382415719444544e-05,-8.3263405622260978e-05,2.841661025403629e-05,9.3439429890465251e-05,0.5689838494110856,-8.9013613115777803e-05,7.4595291414641428e-05,2675
0,1,0.29999999999999999,1500,10200,1,0.080000000000000002,2.1431942198016976e-05,9.0374638822011348e-05,8.7796624057134783e-05,2.2753005046521324e-05,9.6241449581052551e-05,0.59152334979707788,9.3513193608256445e-05,7.4595291414641428e-05,2700
0,1,0.29999999999999999,1500,10200,1,0.080000000000000002,-6.6044451559283543e-05,9.3241454058331851e-05,-6.5818684073334829e-05,-7.0013509723437811e-05,9.8919013595494311e-05,0.61360975657541517,-6.9879036247730755e-05,7.4595291414641428e-05,2725
0,1,0.29999999999999999,1500,10200,1,0.080000000000000002,9.3322721509734918e-05,9.598343173587877e-05,2.2443012672378929e-05,9.8642115184338164e-05,0.00010147281366332725,0.63522615182602638,2.3800525723439279e-05,7.4595291414641428e-05,2750
0,1,0.29999999999999999,1500,10200,1,0.080000000000000002,-9.3850873954907403e-05,9.8601180225622715e-05,3.0235842964696975e-05,-9.8921625671072918e-05,0.00010390357358335549,0.65635597767379028,3.1787805491790359e-05,7.4595291414641428e-05,2775
0,1,0.29999999999999999,1500,10200,1,0.080000000000000002,6.6008808025331075e-05,0.00010109534672276151,-7.6570923933764532e-05,6.9409681971132546e-05,0.0001062120497810946,0.67698304896713513,-8.0394623995438616e-05,7.4595291414641428e-05,2800
0,1,0.29999999999999999,1500,10200,1,0.080000000000000002,-1.6870602154009814e-05,0.00010346661775277107,0.00010208194635761586,-1.7754345620602084e-05,0.00010839903179237643,0.69709156567185371,0.00010693518272817812,7.4595291414641428e-05,2825
0,1,0.29999999999999999,1500,10200,1,0.080000000000000002,-3.9592976020048416e-05,0.00010571571939270758,-9.8021475078645696e-05,-4.1295974838414795e-05,0.00011046534267614852,0.71666612496989213,-0.00010245601199882774,7.4595291414641428e-05,2850
0,1,0.29999999999999999,1500,10200,1,0.080000000000000002,8.6549094783661687e-05,0.00010784341723322969,6.4338610745564033e-05,9.0165995034622949e-05,0.00011241183935933473,0.73569173305667079,6.7130581463035357e-05,7.4595291414641428e-05,2875
0,1,0.29999999999999999,1500,10200,1,0.080000000000000002,-0.00010939012716323762,0.00010985051614856013,-1.0046689868597308e-05,-0.00011375293358368657,0.00011423941291646831,0.75415381662286685,-1.0531550911652799e-05,7.4595291414641428e-05,2900
0,1,0.29999999999999999,1500,10200,1,0.080000000000000002,0.00010031689057963724,0.00011173785996294746,-4.9212506678001519e-05,0.00010413484602884579,0.00011594898878666392,0.77203823401633831,-5.0991193780872527e-05,7.4595291414641428e-05,2925
0,1,0.29999999999999999,1500,10200,1,0.080000000000000002,-6.0970523279136785e-05,0.00011350633110151943,9.5740704463650135e-05,-6.3210044676429534e-05,0.00011754152693036222,0.78933128607387038,9.9098439973214754e-05,7.4595291414641428e-05,2950
0,1,0.29999999999999999,1500,10200,1,0.080000000000000002,2.2341768129829185e-06,0.00011515685029387728,-0.00011513517543989235,2.3950573673508823e-06,0.00011901802192815548,0.8060197266117457,-0.00011899392103758072,7.4595291414641428e-05,2975
0,1,0.29999999999999999,1500,10200,1,0.080000000000000002,5.8815083382751501e-05,0.00011669037636707343,0.00010078407564377042,6.0599784591590055e-05,0.00012037950302389053,0.82209077257213448,0.00010401389741631525,7.4595291414641428e-05,3000
0,1,0.29999999999999999,1500,10200,1,0.080000000000000002,-0.0001039376934804359,0.00011810790612920873,-5.6093077685155875e-05,-0.0001069933115467022,0.00012162703411413806,0.83753211381469594,-5.7840874056950666e-05,7.4595291414641428e-05,3025
0,1,0.29999999999999999,1500,10200,1,0.080000000000000002,0.00011924425496499871,0.00011941047431405281,-6.298335792052127e-06,0.00012259539768345493,0.00012276171368602289,0.85233192254384282,-6.3880211305687825e-06,7.4595291414641428e-05,3050
0,1,0.29999999999999999,1500,10200,1,0.080000000000000002,-9.9505901262178877e-05,0.000120599153537171,6.8137592031738658e-05,-0.00010218361837838389,0.00012378467470531795,0.8664788623686801,6.9865254790934454e-05,7.4595291414641428e-05,3075
0,1,0.29999999999999999,1500,10200,1,0.080000000000000002,4.9916181696355892e-05,0.0001216750542082847,-0.00011096483056106294,5.1235742195881624e-05,0.00012469708445662477,0.87996209698616967,-0.00011368492245508972,7.4595291414641428e-05,3100
0,1,0.29999999999999999,1500,10200,1,0.080000000000000002,1.5281933918234744e-05,0.00012263932435277309,0.00012168346795445711,1.5551559866396466e-05,0.00012550014433738668,0.89277129848208614,0.00012453286800851723,7.4595291414641428e-05,3125
0,1,0.29999999999999999,1500,10200,1,0.080000000000000002,-7.6937518580755729e-05,0.00012349314931400638,-9.6598013241097969e-05,-7.855241484291706e-05,0.00012619508960741104,0.90489665523930751,-9.876597978741855e-05,7.4595291414641428e-05,3150
0,1,0.29999999999999999,1500,10200,1,0.080000000000000002,0.0001166816960161108,0.00012423775133216971,4.266615369210066e-05,0.00011904230400431389,0.00012678318909551385,0.91632887945542629,4.3622321058986902e-05,7.4595291414641428e-05,3175
0,1,0.29999999999999999,1500,10200,1,0.080000000000000002,-0.00012245686142210062,0.00012487438901827034,2.4452609744867057e-05,-0.00012481894796963328,0.00012726574486483924,0.92705921425526361,2.4835459402965297e-05,7.4595291414641428e-05,3200
0,1,0.29999999999999999,1500,10200,1,0.080000000000000002,9.2205203617305473e-05,0.00012540435675870219,-8.49967829976823e-05,9.3910807205560478e-05,0.00012764409183835476,0.93707944039947488,-8.6450994622609169e-05,7.4595291414641428e-05,3225
0,1,0.29999999999999999,1500,10200,1,0.080000000000000002,-3.4580627008490238e-05,0.0001258289840925395,0.00012098393890703112,-3.5238262146812691e-05,0.00012791959738597065,0.94638188257892542,0.0001229702739537541,7.4595291414641428e-05,3250
0,1,0.29999999999999999,1500,10200,1,0.080000000000000002,-3.3556204167680316e-05,0.00012614963509963831,-0.0001216047350954265,-3.3990433845626286e-05,0.0001280936608746864,0.95495941529469874,-0.0001235015642138401,7.4595291414641428e-05,3275
0,1,0.29999999999999999,1500,10200,1,0.080000000000000002,9.2124969069254733e-05,0.0001263677078242344,8.6497327442759358e-05,9.3378695358293311e-05,0.00012816771318312599,0.9628054683152647,8.7791696394221139e-05,7.4595291414641428e-05,3300
0,1,0.29999999999999999,1500,10200,1,0.080000000000000002,-0.00012380378583075222,0.00012648463373972186,-2.590338175306127e-05,-0.00012540980352436013,0.00012814321618178297,0.96991403170965684,-2.6326128340349529e-05,7.4595291414641428e-05,3325
0,1,0.29999999999999999,1500,10200,1,0.080000000000000002,0.00011920128532830603,0.00012650187724048609,-4.2353022577459426e-05,0.00012066153893468513,0.0001280216621802609,0.97627966045013082,-4.2782461468577358e-05,7.4595291414641428e-05,3350
0,1,0.29999999999999999,1500,10200,1,0.080000000000000002,-7.9664841113976905e-05,0.00012642093513086323,9.8161937275334694e-05,-8.0601595298610262e-05,0.00012780457334276139,0.98189747858364251,9.9183626686284913e-05,7.4595291414641428e-05,3375
0,1,0.29999999999999999,1500,10200,1,0.080000000000000002,1.6879193840090493e-05,0.00012624333607322969,-0.00012510984261123132,1.712837750497299e-05,0.00012749350107304095,0.98676318296622423,-0.00012633768835905074,7.4595291414641428e-05,3400
0,1,0.29999999999999999,1500,10200,1,0.080000000000000002,5.0622053096992898e-05,0.00012597063995871614,0.00011535167910287966,5.0996816458271099e-05,0.00012709002537002987,0.99087304655899044,0.00011640961841564575,7.4595291414641428e-05,3425
0,1,0.29999999999999999,1500,10200,1,0.080000000000000002,-0.00010297979517025911,0.00012560443717470171,-7.1914090584982498e-05,-0.00010374609209554009,0.00012659575415527939,0.99422392128334769,-7.2548145014518809e-05,7.4595291414641428e-05,3450
0,1,0.29999999999999999,1500,10200,1,0.080000000000000002,0.00012490622053310169,0.00012514634776059549,7.7488341027584719e-06,0.00012576554261761107,0.00012601232257337919,0.99681324043172803,7.882495190942115e-06,7.4595291414641428e-05,3475
0,1,0.29999999999999999,1500,10200,1,0.080000000000000002,-0.00011018864081660145,0.00012459802046349477,5.8164681194101446e-05,-0.00011088301389419842,0.00012534139226646549,0.99863902063421173,5.8441610561610735e-05,7.4595291414641428e-05,3500
0,1,0.29999999999999999,1500,10200,1,0.080000000000000002,6.3462461120631394e-05,0.0001239611317235987,-0.00010648416880789245,6.3848875707624839e-05,0.00012458465062391722,0.99969986337727679,-0.00010697970013958625,7.4595291414641428e-05,3525
0,1,0.29999999999999999,1500,10200,1,0.080000000000000002,1.2556727929756671e-06,0.00012323738463163652,0.00012323098740447917,1.1836309154227484e-06,0.00012374381000832042,0.9999949560752569,0.00012373814906176413,7.4595291414641428e-05,3550
0,1,0.29999999999999999,1500,10200,1,0.080000000000000002,-6.4807822640828211e-05,0.0001224285079042433,-0.00010386859810459713,-6.4950784713587221e-05,0.0001228206069587611,0.99952407269266763,-0.00010424153231225891,7.4595291414641428e-05,3575
0,1,0.29999999999999999,1500,10200,1,0.080000000000000002,0.00010861474798235055,0.00012153625491725871,5.4533455603357526e-05,0.00010883179305636189,0.0001218168013724902,0.99828757391735445,5.472635486456188e-05,7.4595291414641428e-05,3600
0,1,0.29999999999999999,1500,10200,1,0.080000000000000002,-0.00012015396939605206,0.00012056240282248038,9.9154733978063569e-06,-0.00012033121069537622,0.00012073417566598988,0.99628640688421544,9.8560086409800808e-06,7.4595291414641428e-05,3625
0,1,0.29999999999999999,1500,10200,1,0.080000000000000002,9.6567450701281362e-05,0.00011950875175339157,-7.0406457166295261e-05,9.6663381661736767e-05,0.00011957453391645226,0.99352210444978528,-7.0386503017653911e-05,7.4595291414641428e-05,3650
0,1,0.29999999999999999,1500,10200,1,0.080000000000000002,-4.5351775652192737e-05,0.00011837712410389107,0.00010934514143893731,-4.5403384601136311e-05,0.00011833970098467209,0.98999678401808167,0.00010928319859842547,7.4595291414641428e-05,3675
0,1,0.29999999999999999,1500,10200,1,0.080000000000000002,-1.8028941634114497e-05,0.00011716936384546441,-0.00011577399141216698,-1.7938433107921729e-05,0.00011703152162033747,0.98571314591863013,-0.00011564856103905545,7.4595291414641428e-05,3700
0,1,0.29999999999999999,1500,10200,1,0.080000000000000002,7.4845556870473703e-05,0.00011588733583633462,8.8476082779427421e-05,7.4640914515540542e-05,0.00011565185955069232,0.98067447133809449,8.8340740872016877e-05,7.4595291414641428e-05,3725
0,1,0.29999999999999999,1500,10200,1,0.080000000000000002,-0.00010868209441466349,0.00011453292507333295,-3.6138529016769164e-05,-0.00010834732463848204,0.00011420259655353383,0.97488461980741647,-3.6098342112243813e-05,7.4595291414641428e-05,3750
0,1,0.29999999999999999,1500,10200,1,0.080000000000000002,0.00011021566036703136,0.00011310803584414226,-2.541527065326991e-05,0.00010981890022770138,0.00011268563151549273,0.96834802624499117,-2.5255904316091606e-05,7.4595291414641428e-05,3775
0,1,0.29999999999999999,1500,10200,1,0.080000000000000002,-7.9795753293481498e-05,0.00011161459075285162,7.8041364834633594e-05,-7.9475187462158475e-05,0.00011110287947653832,0.96106969755973237,7.7637261710038205e-05,7.4595291414641428e-05,3800
0,1,0.29999999999999999,1500,10200,1,0.080000000000000002,2.710669747075165e-05,0.00011005452961247055,-0.00010666408224163983,2.7020752787066473e-05,0.00010945627066163573,0.95305520881636918,-0.00010606862922642819,7.4595291414641428e-05,3825
0,1,0.29999999999999999,1500,10200,1,0.080000000000000002,3.1917495878686813e-05,0.00010842980822021745,0.0001036257533989845,3.1657513088137636e-05,0.00010774774950047595,0.94431069896491415,0.00010299213264852664,7.4595291414641428e-05,3850
0,1,0.29999999999999999,1500,10200,1,0.080000000000000002,-7.9941968263807971e-05,0.00010674239705080959,-7.0733450631656612e-05,-7.9330328537884439e-05,0.00010597927363618727,0.93484286613795764,-7.027307745164698e-05,7.4595291414641428e-05,3875
0,1,0.29999999999999999,1500,10200,1,0.080000000000000002,0.00010335927619746252,0.00010499427991603224,1.8456945549651131e-05,0.00010252051096831113,0.00010415281292392967,0.92465896252091484,1.8367179172738775e-05,7.4595291414641428e-05,3900
0,1,0.29999999999999999,1500,10200,1,0.080000000000000002,-9.6169245204475099e-05,0.00010318745264320613,3.7404901547731058e-05,-9.533538863767084e-05,0.00010227034842026201,0.91376678879690032,3.7018749834456167e-05,7.4595291414641428e-05,3925
0,1,0.29999999999999999,1500,10200,1,0.080000000000000002,6.149725772167794e-05,0.00010132392182013051,-8.0527165762402472e-05,6.0940971306102575e-05,0.00010033387136416525,0.9021746881715389,-7.9706234130020478e-05,7.4595291414641428e-05,3950
0,1,0.29999999999999999,1500,10200,1,0.080000000000000002,-1.0373798550239154e-05,9.9405703640760703e-05,9.8862926418115916e-05,-1.0317501011524902e-05,9.8345382150595098e-05,0.88989153998206616,9.7802675644502555e-05,7.4595291414641428e-05,3975
0,1,0.29999999999999999,1500,10200,1,0.080000000000000002,-4.1774823773781519e-05,9.7434822866869738e-05,-8.8025046468421584e-05,-4.1243203227865449e-05,9.6306889297428512e-05,0.8769267528966731,-8.7028817719489568e-05,7.4595291414641428e-05,4000
0,1,0.29999999999999999,1500,10200,1,0.080000000000000002,7.9807693218880821e-05,9.5413311899821877e-05,5.2291798503911644e-05,7.8781591967140498e-05,9.4220408406660869e-05,0.86329025770828904,5.1681197039551567e-05,7.4595291414641428e-05,4025
0,1,0.29999999999999999,1500,10200,1,0.080000000000000002,-9.3294270807382966e-05,9.3343209937184841e-05,-3.0222302850796085e-06,-9.2038044679577097e-05,9.2087961120701446e-05,0.84899249972699453,-3.0316521779370291e-06,7.4595291414641428e-05,4050
0,1,0.29999999999999999,1500,10200,1,0.080000000000000002,7.9381584858168749e-05,9.1226562174625343e-05,-4.4953861142355037e-05,7.8261243928218839e-05,8.9911574074606578e-05,0.83404443077968016,-4.4263628990191223e-05,7.4595291414641428e-05,4075
0,1,0.29999999999999999,1500,10200,1,0.080000000000000002,-4.331388975283741e-05,8.9065419006699971e-05,7.7823876910097965e-05,-4.2687637079507509e-05,8.7693277845081715e-05,0.81845750082240132,7.6602066680886327e-05,7.4595291414641428e-05,4100
0,1,0.29999999999999999,1500,10200,1,0.080000000000000002,-3.4552516622355763e-06,8.6861835181671984e-05,-8.6793085249221128e-05,-3.3531302537832082e-06,8.5435105897074554e-05,0.80224364916969371,-8.5369279235246608e-05,7.4595291414641428e-05,4125
0,1,0.29999999999999999,1500,10200,1,0.080000000000000002,4.68984599016518e-05,8.461786887471227e-05,7.0432366080880432e-05,4.604238228080869e-05,8.3139093528773774e-05,0.7854152953496506,6.9225774872471216e-05,7.4595291414641428e-05,4150
0,1,0.29999999999999999,1500,10200,1,0.080000000000000002,-7.4643738393088586e-05,8.2335580658791615e-05,-3.4748527466995361e-05,-7.3240372496800735e-05,8.0807276815818898e-05,0.76798532959181764,-3.4141819267845937e-05,7.4595291414641428e-05,4175
0,1,0.29999999999999999,1500,10200,1,0.080000000000000002,7.9515943395503129e-05,8.0017032370337439e-05,-8.940929217859402e-06,7.7955000183571062e-05,7.8441691555518651e-05,0.74996710295369784,-8.7245011588378175e-06,7.4595291414641428e-05,4200
0,1,0.29999999999999999,1500,10200,1,0.080000000000000002,-6.1371601227402139e-05,7.7664285884074274e-05,4.7594830230477261e-05,-6.0115455391380322e-05,7.6044372211866694e-05,0.73137441709678541,4.6571220385382705e-05,7.4595291414641428e-05,4225
0,1,0.29999999999999999,1500,10200,1,0.080000000000000002,2.67652825824338e-05,7.5279401825411793e-05,-7.0360557043518907e-05,2.6209384559807896e-05,7.3617350862135295e-05,0.71222151371334175,-6.8793767951427361e-05,7.4595291414641428e-05,4250
0,1,0.29999999999999999,1500,10200,1,0.080000000000000002,1.3343566084783179e-05,7.2864438257110113e-05,7.1632224638532881e-05,1.2996615361180713e-05,7.1162656145819028e-05,0.69252306361964744,6.9965788917738901e-05,7.4595291414641428e-05,4275
0,1,0.29999999999999999,1500,10200,1,0.080000000000000002,-4.7058199849281251e-05,7.0421449378689949e-05,-5.2389945214139105e-05,-4.5870495242091619e-05,6.8682312216692852e-05,0.67229415552202898,-5.1119053959130793e-05,7.4595291414641428e-05,4300
0,1,0.29999999999999999,1500,10200,1,0.080000000000000002,6.50899366088562e-05,6.7952484272362285e-05,1.951512928578041e-05,6.3381110827642862e-05,6.6178337698740271e-05,0.65155028445794561,1.9036994794939717e-05,7.4595291414641428e-05,4325
0,1,0.29999999999999999,1500,10200,1,0.080000000000000002,-6.3319936744030958e-05,6.5459585719463068e-05,1.6599487139536928e-05,-6.158005680545642e-05,6.3652744646701119e-05,0.63030733993163224,1.6111129845386347e-05,7.4595291414641428e-05,4350
0,1,0.29999999999999999,1500,10200,1,0.080000000000000002,4.3670405225225486e-05,6.2944789098618587e-05,-4.5331470107797874e-05,4.2417065510159625e-05,6.1107537511980112e-05,0.60858159374654441,-4.3987767552865007e-05,7.4595291414641428e-05,4375
0,1,0.29999999999999999,1500,10200,1,0.080000000000000002,-1.3127730910179491e-05,6.0410121363619078e-05,5.8966477292755961e-05,-1.2749733561473256e-05,5.8544712114653053e-05,0.58638968754323939,5.71395450690592e-05,7.4595291414641428e-05,4400
0,1,0.29999999999999999,1500,10200,1,0.080000000000000002,-1.8673070338797042e-05,5.7857600087604315e-05,-5.4761467584602662e-05,-1.8037594451584054e-05,5.5966254622302483e-05,0.56374862005926862,-5.2979872053909101e-05,7.4595291414641428e-05,4425
0,1,0.29999999999999999,1500,10200,1,0.080000000000000002,4.248335142822805e-05,5.5289232552461675e-05,3.5384517626581557e-05,4.0995885570520604e-05,5.3374140536413305e-05,0.54067573411340775,3.4178008196639816e-05,7.4595291414641428e-05,4450
0,1,0.29999999999999999,1500,10200,1,0.080000000000000002,-5.2140167075089216e-05,5.2707014859281396e-05,-7.709240738120216e-06,-5.0220897619182857e-05,5.0770333687061032e-05,0.51718870333003486,-7.4490418859795584e-06,7.4595291414641428e-05,4475
0,1,0.29999999999999999,1500,10200,1,0.080000000000000002,4.6139390521533934e-05,5.0112931037325426e-05,-1.9556648471891054e-05,4.434683184681555e-05,4.8156785236633397e-05,0.49330551861360705,-1.8773238119128478e-05,7.4595291414641428e-05,4500
0,1,0.29999999999999999,1500,10200,1,0.080000000000000002,-2.7688899523520205e-05,4.7508952134410811e-05,3.8606027717004767e-05,-2.6555083919632656e-05,4.5535432693343608e-05,0.46904447438131147,3.6990581890412228e-05,7.4595291414641428e-05,4525
0,1,0.29999999999999999,1500,10200,1,0.080000000000000002,3.3406821082145754e-06,4.4897035279423114e-05,-4.4772576650597394e-05,3.2112185213165506e-06,4.2908198935326786e-05,0.4444241545691725,-4.278786757343642e-05,7.4595291414641428e-05,4550
0,1,0.29999999999999999,1500,10200,1,0.080000000000000002,1.9269808534169705e-05,4.2279122716113299e-05,3.7632415504463804e-05,1.8342170178160316e-05,4.0276991246169007e-05,0.41946341842683665,3.5858064880851866e-05,7.4595291414641428e-05,4575
0,1,0.29999999999999999,1500,10200,1,0.080000000000000002,-3.3812384040651155e-05,3.9657140814726256e-05,-2.0722246574311044e-05,-3.2087650524137406e-05,3.7643700362819617e-05,0.39418138610891046,-1.9683263470435232e-05,7.4595291414641428e-05,4600
0,1,0.29999999999999999,1500,10200,1,0.080000000000000002,3.7032919150496607e-05,3.7032999073102115e-05,7.6938554469106641e-08,3.5010092673209322e-05,3.5010199537011641e-05,0.36859742408561874,8.6502223466520327e-08,7.4595291414641428e-05,4625
0,1,0.29999999999999999,1500,10200,1,0.080000000000000002,-2.9411546700565715e-05,3.4408589121047985e-05,1.7858105330116734e-05,-2.7682444957733277e-05,3.2378343611624608e-05,0.34273113038990299,1.6794027991952965e-05,7.4595291414641428e-05,4650
0,1,0.29999999999999999,1500,10200,1,0.080000000000000002,1.4602811485801075e-05,3.1785783741084206e-05,-2.8232852224759882e-05,1.3676846996578683e-05,2.9749968113977621e-05,0.31660231973035113,-2.6419774015211824e-05,7.4595291414641428e-05,4675
1,0,0.29999999999999999,1500,10200,1,0.080000000000000002,2.0536545377436988e-06,2.9166435915894684e-05,2.9094045560485329e-05,1.9012591166274336e-06,2.7126888369076433e-05,0.29023100850804112,2.7060178978709202e-05,7.4595291414641428e-05,4700
1,0,0.29999999999999999,1500,10200,1,0.080000000000000002,-1.5391242657436857e-05,2.655237790929343e-05,-2.1636506698120881e-05,-1.4202113190832284e-05,2.4510898637851541e-05,0.26363739979898082,-1.9977090202274712e-05,7.4595291414641428e-05,4725
1,0,0.29999999999999999,1500,10200,1,0.080000000000000002,2.2011959317592117e-05,2.3945420385081684e-05,9.426388726280866e-06,2.0133076240650337e-05,2.1903771289547794e-05,0.23684186840890803,8.6275394981987231e-06,7.4595291414641428e-05,4750
1,0,0.29999999999999999,1500,10200,1,0.080000000000000002,-2.1128468351320469e-05,2.1347351569283523e-05,3.0491382634837894e-06,-1.910977854626154e-05,1.930725602642239e-05,0.20986494622152974,2.7543600314167142e-06,7.4595291414641428e-05,4775
1,0,0.29999999999999999,1500,10200,1,0.080000000000000002,1.4452500367842002e-05,1.8759936470021898e-05,-1.1960787995645791e-05,1.2884214927243804e-05,1.6723079200118071e-05,0.18272730827520137,-1.0661068597566082e-05,7.4595291414641428e-05,4800
1,0,0.29999999999999999,1500,10200,1,0.080000000000000002,-5.2648378081858347e-06,1.6184916194999231e-05,1.5304672328823163e-05,-4.6030694075264171e-06,1.4152943314157775e-05,0.15544976065480665,1.338348073123198e-05,7.4595291414641428e-05,4825
1,0,0.29999999999999999,1500,10200,1,0.080000000000000002,-2.9331956433483945e-06,1.3624007476031169e-05,-1.3304508372156979e-05,-2.500429296232869e-06,1.1598526968958766e-05,0.12805323310008909,-1.1325797154470154e-05,7.4595291414641428e-05,4850
1,0,0.29999999999999999,1500,10200,1,0.080000000000000002,7.6774806926438361e-06,1.1078902716749534e-05,7.9873885357657013e-06,6.2841565241101517e-06,9.061486068230616e-06,0.100558785589907,6.5283923400192012e-06,7.4595291414641428e-05,4875
1,0,0.29999999999999999,1500,10200,1,0.080000000000000002,-8.272622211647126e-06,8.5512716169277613e-06,-2.1651715890055792e-06,-6.3329567701115016e-06,6.5434595859353992e-06,0.072987666213445962,-1.6463662717235069e-06,7.4595291414641428e-05,4900
1,0,0.29999999999999999,1500,10200,1,0.080000000000000002,5.782644071805817e-06,6.0427688628760369e-06,-1.7538765831589154e-06,3.866809660586444e-06,4.0460992876706576e-06,0.04536163956036502,-1.1910929831395825e-06,7.4595291414641428e-05,4925
1,0,0.29999999999999999,1500,10200,1,0.080000000000000002,-2.349321253961443e-06,3.5550771864323897e-06,2.6681947918353091e-06,-1.0142763870643582e-06,1.5713852727141121e-06,0.017706545929076636,1.2002062680833146e-06,7.4595291414641428e-05,4950
1,0,0.29999999999999999,1500,10200,1,0.080000000000000002,1.492142005704307e-07,1.0905412765547905e-06,-1.0802848690127429e-06,-2.2469859949327122e-07,8.8332108618060904e-07,0.010003630815511593,8.5426382381384596e-07,7.4595291414641428e-05,4975
1,0,0.29999999999999999,1500,10200,1,0.080000000000000002,-4.1817560112853252e-07,1.3540601716541774e-06,-1.2878696032910051e-06,-1.0998497378920017e-06,3.3084136910129682e-06,0.037656138834247607,-3.1202454558801859e-06,7.4595291414641428e-05,5000
1,0,0.29999999999999999,1500,10200,1,0.080000000000000002,2.9273680630542279e-06,3.7697154140235347e-06,2.3751358963513583e-06,4.4496957808328649e-06,5.7080384108916695e-06,0.065293346142046391,3.5751797099240889e-06,7.4595291414641428e-05,5025
1,0,0.29999999999999999,1500,10200,1,0.080000000000000002,-6.1087957080059173e-06,6.1591777801345534e-06,-7.8618440912529149e-07,-8.015417443740069e-06,8.0796806696573738e-06,0.092881997690275442,-1.0170166794219535e-06,7.4595291414641428e-05,5050
1,0,0.29999999999999999,1500,10200,1,0.080000000000000002,7.7720444264909076e-06,8.5204642879317343e-06,-3.491938876121924e-06,9.5030282373974788e-06,1.0421838067492813e-05,0.12039995934663179,-4.2786870678127976e-06,7.4595291414641428e-05,5075
1,0,0.29999999999999999,1500,10200,1,0.080000000000000002,-6.1223521642877597e-06,1.0852089633010145e-05,8.9601703878512948e-06,-7.1799820168300871e-06,1.2733106691805444e-05,0.14782589836938687,1.0515696090268922e-05,7.4595291414641428e-05,5100
1,0,0.29999999999999999,1500,10200,1,0.080000000000000002,6.6839377004577523e-07,1.3152647932014057e-05,-1.3135653672036183e-05,7.6141175001312264e-07,1.5012129775868985e-05,0.17513871245769505,-1.4992808027666939e-05,7.4595291414641428e-05,5125
1,0,0.29999999999999999,1500,10200,1,0.080000000000000002,7.3586111688085158e-06,1.5420777745463993e-05,1.3551797959727857e-05,8.2344321192278591e-06,1.7257588668054346e-05,0.20231743729677165,1.5166360615176809e-05,7.4595291414641428e-05,5150
1,0,0.29999999999999999,1500,10200,1,0.080000000000000002,-1.5275435991637448e-05,1.765515530141207e-05,-8.8524326590133384e-06,-1.6842764446935917e-05,1.9468200669647925e-05,0.22934123193077147,-9.7638170352947205e-06,7.4595291414641428e-05,5175
1,0,0.29999999999999999,1500,10200,1,0.080000000000000002,1.9849340945675043e-05,1.985449285770485e-05,-4.5227277057222756e-07,2.1637200495140767e-05,2.1642718588091419e-05,0.25618938370762817,-4.8869480905575519e-07,7.4595291414641428e-05,5200
1,0,0.29999999999999999,1500,10200,1,0.080000000000000002,-1.8528139658287013e-05,2.2017538447959843e-05,1.1894538247044396e-05,-2.0014345215449409e-05,2.3779930831199585e-05,0.28284131950022884,1.2841771526290825e-05,7.4595291414641428e-05,5225
0,1,0.29999999999999999,1500,10200,1,0.080000000000000002,1.0549463082748095e-05,2.4143076096936833e-05,-2.171628310941395e-05,1.1314232713794658e-05,2.5878661694746256e-05,0.3092766192738528,-2.3274304913557051e-05,7.4595291414641428e-05,5250
0,1,0.29999999999999999,1500,10200,1,0.080000000000000002,2.504318908403797e-06,2.6229926215657118e-05,2.6110101801483421e-05,2.6590820453181761e-06,2.793777172063416e-05,0.33547503059978556,2.7810939778988634e-05,7.4595291414641428e-05,5275
0,1,0.29999999999999999,1500,10200,1,0.080000000000000002,-1.6964405485350824e-05,2.8276946061731168e-05,-2.2622878355917769e-05,-1.7964253847922289e-05,2.9956158076254891e-05,0.36141648354641964,-2.3972004304542003e-05,7.4595291414641428e-05,5300
0,1,0.29999999999999999,1500,10200,1,0.080000000000000002,2.8127321588109814e-05,3.0283030209248265e-05,1.122121646406016e-05,2.9655708506378891e-05,3.1932754933052681e-05,0.38708110568706006,1.1842288233238004e-05,7.4595291414641428e-05,5325
0,1,0.29999999999999999,1500,10200,1,0.080000000000000002,-3.1792229168243203e-05,3.2247110996684701e-05,5.3972522774472812e-06,-3.3390734269013387e-05,3.3866533833664526e-05,0.41244923710426851,5.6569407706709326e-06,7.4595291414641428e-05,5350
0,1,0.29999999999999999,1500,10200,1,0.080000000000000002,2.57798362806725e-05,3.4168158934125662e-05,-2.242460983583423e-05,2.6986414616632052e-05,3.5756504042128153e-05,0.43750144530601554,-2.3457642836695143e-05,7.4595291414641428e-05,5375
0,1,0.29999999999999999,1500,10200,1,0.080000000000000002,-1.0898353134657656e-05,3.6045183060052893e-05,3.4358130344723674e-05,-1.1381692708105506e-05,3.7601712874124445e-05,0.46221854002061835,3.5837771724346288e-05,7.4595291414641428e-05,5400
0,1,0.29999999999999999,1500,10200,1,0.080000000000000002,-9.0241267110178941e-06,3.7877231245187844e-05,-3.678654351668457e-05,-9.373440365742906e-06,3.9401246005489401e-05,0.48658158783276118,-3.8270050986312467e-05,7.4595291414641428e-05,5425
0,1,0.29999999999999999,1500,10200,1,0.080000000000000002,2.81267208225057e-05,3.9663390446743055e-05,2.7965552336823465e-05,2.9173358665030096e-05,4.1154227757918224e-05,0.5105719266439751,2.9027325170468604e-05,7.4595291414641428e-05,5450
0,1,0.29999999999999999,1500,10200,1,0.080000000000000002,-4.0266528557042485e-05,4.1402786920690171e-05,-9.6331429328623105e-06,-4.1679909539366645e-05,4.2859821361175313e-05,0.53417117993761765,-9.9874635369583639e-06,7.4595291414641428e-05,5475
0,1,0.29999999999999999,1500,10200,1,0.080000000000000002,4.1002435878717707e-05,4.3094586402020194e-05,-1.3264374435789522e-05,4.2361079282530786e-05,4.4517229191356527e-05,0.5573612708327591,-1.368658675108249e-05,7.4595291414641428e-05,5500
0,1,0.29999999999999999,1500,10200,1,0.080000000000000002,-2.9169458701518539e-05,4.4737994263357825e-05,3.392094942316094e-05,-3.0087256610108351e-05,4.6125692984896385e-05,0.58012443591422302,3.4961929909751984e-05,7.4595291414641428e-05,5525
0,1,0.29999999999999999,1500,10200,1,0.080000000000000002,7.4977371067024876e-06,4.6332255660882916e-05,-4.572156879312207e-05,7.7341448709693798e-06,4.7684494028108603e-05,0.60244323882829232,-4.7053097388286595e-05,7.4595291414641428e-05,5550
0,1,0.29999999999999999,1500,10200,1,0.080000000000000002,1.7986869957015629e-05,4.7876655673753898e-05,4.4369433934326902e-05,1.8464302267652136e-05,4.9192953322115848e-05,0.62430058362907137,4.5596230088908066e-05,7.4595291414641428e-05,5575
0,1,0.29999999999999999,1500,10200,1,0.080000000000000002,-3.9659557875634503e-05,4.9370519439743419e-05,-2.9403531401164726e-05,-4.0676380469200187e-05,5.0650431723072769e-05,0.64567972786610073,-3.0181091856633121e-05,7.4595291414641428e-05,5600
0,1,0.29999999999999999,1500,10200,1,0.080000000000000002,5.060620068615582e-05,5.081321228627435e-05,4.5820295680521256e-06,5.1842483937329326e-05,5.2056330057624539e-05,0.66656429540573103,4.713635356717198e-06,7.4595291414641428e-05,5625
0,1,0.29999999999999999,1500,10200,1,0.080000000000000002,-4.6838274082981403e-05,5.2204139853109118e-05,2.3053162445323812e-05,-4.7929148492752025e-05,5.3410089213573593e-05,0.68693828896695552,2.3567654837968426e-05,7.4595291414641428e-05,5650
0,1,0.29999999999999999,1500,10200,1,0.080000000000000002,2.8701439322962027e-05,5.3542748201049629e-05,-4.5200146744356176e-05,2.9345178690213879e-05,5.4711190205753971e-05,0.70678610237555484,-4.617547857217732e-05,7.4595291414641428e-05,5675
0,1,0.29999999999999999,1500,10200,1,0.080000000000000002,-9.9116696820699406e-07,5.4828523900363736e-05,5.4819564218752162e-05,-1.0326817739613491e-06,5.5959154217134896e-05,0.72609253251422323,5.5949624744504003e-05,7.4595291414641428e-05,5700
0,1,0.29999999999999999,1500,10200,1,0.080000000000000002,-2.8320800247681024e-05,5.6060994093225443e-05,-4.8381477158635916e-05,-2.8854162037992364e-05,5.7153542615196969e-05,0.7448427909638935,-4.933522845343291e-05,7.4595291414641428e-05,5725
0,1,0.29999999999999999,1500,10200,1,0.080000000000000002,5.0408749796277498e-05,5.7239726525967641e-05,2.7117231362066768e-05,5.132677954157142e-05,5.8293956943643256e-05,0.76302251533343457,2.7635975069431856e-05,7.4595291414641428e-05,5750
0,1,0.29999999999999999,1500,10200,1,0.080000000000000002,-5.827887199464259e-05,5.8364329548976553e-05,3.1572207293127048e-06,-5.9294296224480951e-05,5.938003888952641e-05,0.78061778025483863,3.1898987076666499e-06,7.4595291414641428e-05,5775
0,1,0.29999999999999999,1500,10200,1,0.080000000000000002,4.8993428961040594e-05,5.943445208412552e-05,-3.3646664220687346e-05,4.981162954470295e-05,6.0411470225890501e-05,0.79761510805344138,-3.4181095607878497e-05,7.4595291414641428e-05,5800
0,1,0.29999999999999999,1500,10200,1,0.080000000000000002,-2.4723604572973149e-05,6.0449783561313886e-05,5.5162665903026796e-05,-2.5128277329965125e-05,6.1387972730043229e-05,0.81400147906667986,5.6009399874778979e-05,7.4595291414641428e-05,5825
0,1,0.29999999999999999,1500,10200,1,0.080000000000000002,-7.7359977247238785e-06,6.141005382664057e-05,-6.0920842494124777e-05,-7.8262002947982076e-06,6.230930807759073e-05,0.82976434161946311,-6.181585930854487e-05,7.4595291414641428e-05,5850
0,1,0.29999999999999999,1500,10200,1,0.080000000000000002,3.8890231780521651e-05,6.2315033024874423e-05,4.8689970352717341e-05,3.9408713449082696e-05,6.3175277712383896e-05,0.84489162163535758,4.9376806481635878e-05,7.4595291414641428e-05,5875
0,1,0.29999999999999999,1500,10200,1,0.080000000000000002,-5.9352966986259705e-05,6.3164531458256344e-05,-2.1609797413881965e-05,-6.0116467351734378e-05,6.3985722692540175e-05,0.85937173188492955,-2.1913079693062474e-05,7.4595291414641428e-05,5900
0,1,0.29999999999999999,1500,10200,1,0.080000000000000002,6.2702658558461342e-05,6.3958399422518579e-05,-1.2611640115046062e-05,6.3474152661788615e-05,6.4740523512721448e-05,0.87319358086208987,-1.2742343919750032e-05,7.4595291414641428e-05,5925
0,1,0.29999999999999999,1500,10200,1,0.080000000000000002,-4.7507513157970893e-05,6.4696527019678717e-05,4.3916702995025024e-05,-4.8069572631370974e-05,6.5439599902862393e-05,0.88634658127878119,4.4403349225976847e-05,7.4595291414641428e-05,5950
0,1,0.29999999999999999,1500,10200,1,0.080000000000000002,1.7879159695655794e-05,6.5378843946025623e-05,-6.2886635180267115e-05,1.8095120603056529e-05,6.6082910603561124e-05,0.89882065817349954,-6.3557200097228081e-05,7.4595291414641428e-05,5975
0,1,0.29999999999999999,1500,10200,1,0.080000000000000002,1.7647424662927784e-05,6.6005319253080639e-05,6.3602441560583079e-05,1.7801654234559466e-05,6.6670453118355795e-05,0.91060625663033912,6.4249906035106926e-05,7.4595291414641428e-05,6000
0,1,0.29999999999999999,1500,10200,1,0.080000000000000002,-4.8599925050958712e-05,6.6575961079371759e-05,-4.5501712920320038e-05,-4.9040294230519274e-05,6.7202263443128218e-05,0.92169434909569437,-4.5947728492970198e-05,7.4595291414641428e-05,6025
0,1,0.29999999999999999,1500,10200,1,0.080000000000000002,6.5688292234186948e-05,6.7090816351638005e-05,1.3646461156111945e-05,6.6258576618155392e-05,6.7678415772887566e-05,0.93207644229331632,1.3790177158538133e-05,7.4595291414641428e-05,6050
0,1,0.29999999999999999,1500,10200,1,0.080000000000000002,-6.3619243368493261e-05,6.7549970455438083e-05,2.270661537418078e-05,-6.4144675054711878e-05,6.8099022186203327e-05,0.94174458373069803,2.2867826412723112e-05,7.4595291414641428e-05,6075
0,1,0.29999999999999999,1500,10200,1,0.080000000000000002,4.2745739482579735e-05,6.7953546876806066e-05,-5.2825053613088771e-05,4.308629506411166e-05,6.8464232307568934e-05,0.95069136778991337,-5.3206412048859983e-05,7.4595291414641428e-05,6100
0,1,0.29999999999999999,1500,10200,1,0.080000000000000002,-9.0350058086355489e-06,6.8301706818220295e-05,6.7701490562025607e-05,-9.1221732072264648e-06,6.8774232947991736e-05,0.95890994139881958,6.8166568591663699e-05,7.4595291414641428e-05,6125
0,1,0.29999999999999999,1500,10200,1,0.080000000000000002,-2.7655575525125558e-05,6.859464879337795e-05,-6.2772565547864482e-05,-2.7808012587876093e-05,6.9029247724118744e-05,0.96639400928343222,-6.3180309252727445e-05,7.4595291414641428e-05,6150
0,1,0.29999999999999999,1500,10200,1,0.080000000000000002,5.6490896015520971e-05,6.8832608205810172e-05,3.9328191158228502e-05,5.6802433641836811e-05,6.9229536656219799e-05,0.97313783878530891,3.9575399909534795e-05,7.4595291414641428e-05,6175
0,1,0.29999999999999999,1500,10200,1,0.080000000000000002,-6.8889545009655649e-05,6.901585691607273e-05,-4.1736188401018387e-06,-6.9246918375419516e-05,6.9375395745363257e-05,0.97913626425757716,-4.2201694674211687e-06,7.4595291414641428e-05,6200
0,1,0.29999999999999999,1500,10200,1,0.080000000000000002,6.1101424793100309e-05,6.9144702801112744e-05,-3.236673931225256e-05,6.1397975194121156e-05,6.9467156530131824e-05,0.98438469101747572,-3.249576093037243e-05,7.4595291414641428e-05,6225
0,1,0.29999999999999999,1500,10200,1,0.080000000000000002,-3.5350704351963417e-05,6.9219489307608241e-05,5.9511892944403681e-05,-3.5517870451355145e-05,6.950518562323787e-05,0.9888790988682109,5.9744888543887206e-05,7.4595291414641428e-05,6250
0,1,0.29999999999999999,1500,10200,1,0.080000000000000002,-8.0642680038382508e-07,6.9240594998902031e-05,-6.9235898720371923e-05,-7.8469471849856887e-07,6.9489884228410488e-05,0.99261604517686242,-6.9485453616398407e-05,7.4595291414641428e-05,6275
0,1,0.29999999999999999,1500,10200,1,0.080000000000000002,3.6721383165384624e-05,6.9208433092987368e-05,5.8662997107269556e-05,3.6813744947254512e-05,6.9421687637937583e-05,0.99559266751287423,5.8856765944603763e-05,7.4595291414641428e-05,6300
0,1,0.29999999999999999,1500,10200,1,0.080000000000000002,-6.1819705996211428e-05,6.9123450987225194e-05,-3.0925320158816531e-05,-6.1967636798304231e-05,6.9301064711257409e-05,0.99780668583883458,-3.1026594394927372e-05,7.4595291414641428e-05,6325
0,1,0.29999999999999999,1500,10200,1,0.080000000000000002,6.874402927861651e-05,6.8986129764406773e-05,-5.7744729986628347e-06,6.8887941718231546e-05,6.9128517335006695e-05,0.99925640425834739,-5.7622386935855871e-06,7.4595291414641428e-05,6350
0,1,0.29999999999999999,1500,10200,1,0.080000000000000002,-5.553088483118983e-05,6.8796983674613088e-05,4.0612138488266201e-05,-5.5631936660831094e-05,6.8904579864940884e-05,0.99994071231409964,4.0656226457079046e-05,7.4595291414641428e-05,6375
0,1,0.29999999999999999,1500,10200,1,0.080000000000000002,2.6171677094243684e-05,6.855655958810487e-05,-6.3364384165176055e-05,2.6221711172490965e-05,6.8629818550154995e-05,0.99985908583899985,-6.3422975784912998e-05,7.4595291414641428e-05,6400
0,1,0.29999999999999999,1500,10200,1,0.080000000000000002,1.060345475053321e-05,6.8265436416080179e-05,6.7436907969088271e-05,1.0586189386562183e-05,6.8304830940041616e-05,0.99901158735735651,6.7479497064067568e-05,7.4595291414641428e-05,6425
0,1,0.29999999999999999,1500,10200,1,0.080000000000000002,-4.3945189890767742e-05,6.7924224498295071e-05,-5.1793055124786311e-05,-4.3931202707848218e-05,6.7930245274434452e-05,0.99739886603722439,-5.1812813585895646e-05,7.4595291414641428e-05,6450
0,1,0.29999999999999999,1500,10200,1,0.080000000000000002,6.4115087090510156e-05,6.7533564958904398e-05,2.1214099166235154e-05,6.4082306021233433e-05,6.7506719857393489e-05,0.99502215719283793,2.1227700791786023e-05,7.4595291414641428e-05,6475
0,1,0.29999999999999999,1500,10200,1,0.080000000000000002,-6.5356029144173283e-05,6.7094129034061314e-05,1.5172725705859255e-05,-6.5303563561014486e-05,6.7034942415098483e-05,0.99188328133886561,1.5136977598850814e-05,7.4595291414641428e-05,6500
0,1,0.29999999999999999,1500,10200,1,0.080000000000000002,4.754949902507599e-05,6.6606617376471728e-05,-4.6642112096259126e-05,4.7500430065870851e-05,6.65156294383255e-05,0.98798464279539067,-4.6562196072929654e-05,7.4595291414641428e-05,6525
0,1,0.29999999999999999,1500,10200,1,0.080000000000000002,-1.6178643453924345e-05,6.6071759342989554e-05,6.4060353407304255e-05,-1.6170437462299681e-05,6.594952550999037e-05,0.9833292278466681,6.393635012471956e-05,7.4595291414641428e-05,6550
0,1,0.29999999999999999,1500,10200,1,0.080000000000000002,-1.9370673366594095e-05,6.5490312271343683e-05,-6.2560035283900148e-05,-1.9304322114399976e-05,6.5337402618250522e-05,0.97792060245372037,-6.2420504072002321e-05,7.4595291414641428e-05,6575
0,1,0.29999999999999999,1500,10200,1,0.080000000000000002,4.8641313608617459e-05,6.486306075125432e-05,4.2909663951714123e-05,4.8489653514091586e-05,6.4680059455664835e-05,0.97176290952298927,4.2804948233489116e-05,7.4595291414641428e-05,6600
0,1,0.29999999999999999,1500,10200,1,0.080000000000000002,-6.3207918575977428e-05,6.4190815893688772e-05,-1.1190168648865595e-05,-6.2994929173978902e-05,6.3978320704918666e-05,0.96486086573222718,-1.1174274857314304e-05,7.4595291414641428e-05,6625
0,1,0.29999999999999999,1500,10200,1,0.080000000000000002,5.9122977107013045e-05,6.3474414600107646e-05,-2.3097075287359893e-05,5.8905836442091106e-05,6.3233036311628301e-05,0.95721975791889147,-2.2989547934774928e-05,7.4595291414641428e-05,6650
0,1,0.29999999999999999,1500,10200,1,0.080000000000000002,-3.7989721276749764e-05,6.271471883157793e-05,4.9899068482675522e-05,-3.7842928652286418e-05,6.2445080744745392e-05,0.94884543903025298,4.967193231831968e-05,7.4595291414641428e-05,6675
0,1,0.29999999999999999,1500,10200,1,0.080000000000000002,6.3694884214425552e-06,6.1912614875902526e-05,-6.1584101016584934e-05,6.3592278842487532e-06,6.1615352245089297e-05,0.93974432363858695,-6.1286310486132419e-05,7.4595291414641428e-05,6700
0,1,0.29999999999999999,1500,10200,1,0.080000000000000002,2.6265151029757521e-05,6.1069012609680262e-05,5.5132260451620469e-05,2.6107591894666708e-05,6.0744772062540168e-05,0.92992338303126065,5.484816294454623e-05,7.4595291414641428e-05,6725
0,1,0.29999999999999999,1500,10200,1,0.080000000000000002,-5.0390124591696454e-05,6.018484475162977e-05,-3.2909738397791709e-05,-5.0085858289570931e-05,5.9834283682432149e-05,0.91939013986715645,-3.2734512417123072e-05,7.4595291414641428e-05,6750
0,1,0.29999999999999999,1500,10200,1,0.080000000000000002,5.9232782996709351e-05,5.9261066103614777e-05,1.8306758865895791e-06,5.8856150123111655e-05,5.8884852041691e-05,0.90815266241770731,1.8383124483028953e-06,7.4595291414641428e-05,6775
0,1,0.29999999999999999,1500,10200,1,0.080000000000000002,-5.0686336849893108e-05,5.8298652776520436e-05,2.8803266694881357e-05,-5.0346845926740679e-05,5.7897462735265231e-05,0.8962195583847592,2.8588656778702663e-05,7.4595291414641428e-05,6800
0,1,0.29999999999999999,1500,10200,1,0.080000000000000002,2.7790825596240613e-05,5.7298601399272395e-05,-5.0107880966890204e-05,2.760058094062383e-05,5.6873121213404693e-05,0.88359996830905874,-4.9726852386760768e-05,7.4595291414641428e-05,6825
0,1,0.29999999999999999,1500,10200,1,0.080000000000000002,2.3214183720221212e-06,5.6261928310642341e-05,5.6214015992222941e-05,2.2848999975651842e-06,5.5812851970344615e-05,0.87030355856787367,5.57660620544855e-05,7.4595291414641428e-05,6850
0,1,0.29999999999999999,1500,10200,1,0.080000000000000002,-3.0656255899124054e-05,5.5189668734795813e-05,-4.5892194426764124e-05,-3.0379483650954638e-05,5.4717697724956829e-05,0.85634051397087985,-4.5509487114459169e-05,7.4595291414641428e-05,6875
0,1,0.29999999999999999,1500,10200,1,0.080000000000000002,4.9064134377614887e-05,5.4082875942610012e-05,2.2752322694597441e-05,4.8608631526244405e-05,5.3588718593933499e-05,0.8417215299597206,2.2559957927389686e-05,7.4595291414641428e-05,6900
0,1,0.29999999999999999,1500,10200,1,0.080000000000000002,-5.2602285358197259e-05,5.2942620401475428e-05,5.9933821895076927e-06,-5.2091853658923952e-05,5.2426991258071329e-05,0.82645780441693395,5.9184621947883929e-06,7.4595291414641428e-05,6925
0,1,0.29999999999999999,1500,10200,1,0.080000000000000002,4.0862706007408876e-05,5.1769988916533167e-05,-3.1786333701294303e-05,4.0449271352706362e-05,5.1233608122227747e-05,0.81056102908659922,-3.1444221221984964e-05,7.4595291414641428e-05,6950
0,1,0.29999999999999999,1500,10200,1,0.080000000000000002,-1.7909084961685674e-05,5.0566083766123368e-05,4.7288407705036221e-05,-1.7726715886889573e-05,5.0009676469522144e-05,0.79404338061946333,4.6762498697693367e-05,7.4595291414641428e-05,6975
0,1,0.29999999999999999,1500,10200,1,0.080000000000000002,-9.1051496648546317e-06,4.9332021833714667e-05,-4.8484478215019476e-05,-8.9839210956486625e-06,4.8756317610357264e-05,0.77691751125001018,-4.7921473982643652e-05,7.4595291414641428e-05,7000
0,1,0.29999999999999999,1500,10200,1,0.080000000000000002,3.2173593235725943e-05,4.8068933737908392e-05,3.5713894901025261e-05,3.1764880505716803e-05,4.7474666026838261e-05,0.75919653910005525,3.5282237468978121e-05,7.4595291414641428e-05,7025
0,1,0.29999999999999999,1500,10200,1,0.080000000000000002,-4.4826885427801771e-05,4.6777962961406635e-05,-1.336892522461938e-05,-4.4236246469301031e-05,4.6165868513167251e-05,0.74089403813690902,-1.3207646038651223e-05,7.4595291414641428e-05,7050
0,1,0.29999999999999999,1500,10200,1,0.080000000000000002,4.3957607763025832e-05,4.5460264979245402e-05,-1.1591566405588885e-05,4.3352726758833182e-05,4.4831083312593164e-05,0.72202402777235719,-1.1417841895674468e-05,7.4595291414641428e-05,7075
0,1,0.29999999999999999,1500,10200,1,0.080000000000000002,-3.0562182786708969e-05,4.4117006386217955e-05,3.1816084545295408e-05,-3.0124539425547133e-05,4.3471479251496823e-05,0.70260096212784218,3.1341372540333574e-05,7.4595291414641428e-05,7100
0,1,0.29999999999999999,1500,10200,1,0.080000000000000002,9.2302675147746396e-06,4.2749364023281421e-05,-4.1740990476996635e-05,9.0999457040490361e-06,4.2088234871191764e-05,0.68263971896542708,-4.109270619898331e-05,7.4595291414641428e-05,7125
0,1,0.29999999999999999,1500,10200,1,0.080000000000000002,1.3403583348592351e-05,4.1358524102835214e-05,3.9126352620479966e-05,1.3172958268991612e-05,4.0682537558022422e-05,0.66215558829030463,3.8490804520083893e-05,7.4595291414641428e-05,7150
0,1,0.29999999999999999,1500,10200,1,0.080000000000000002,-3.0729482252599138e-05,3.9945681333010347e-05,-2.5521684459408349e-05,-3.0191136363571848e-05,3.925558267234086e-05,0.64116426064198051,-2.50897599833318e-05,7.4595291414641428e-05,7175
0,1,0.29999999999999999,1500,10200,1,0.080000000000000002,3.8105642234960473e-05,3.8512038041421636e-05,5.5800630789538305e-06,3.7407982639339597e-05,3.7808572676943696e-05,0.61968181508114095,5.4891714058317493e-06,7.4595291414641428e-05,7200
0,1,0.29999999999999999,1500,10200,1,0.080000000000000002,-3.4100471286865974e-05,3.7058803299104938e-05,1.4509057859674447e-05,-3.3445703132127523e-05,3.6342716265552199e-05,0.59772470687380463,1.4218929901931e-05,7.4595291414641428e-05,7225
0,1,0.29999999999999999,1500,10200,1,0.080000000000000002,2.0701610688490781e-05,3.5587192045513406e-05,-2.8946356464785292e-05,2.0286336789150552e-05,3.4859227491919175e-05,0.57530975489041136,-2.8348373516138985e-05,7.4595291414641428e-05,7250
0,1,0.29999999999999999,1500,10200,1,0.080000000000000002,-2.4920117556291113e-06,3.4098424215434493e-05,3.4007240572935875e-05,-2.4474990356051257e-06,3.3359324900148672e-05,0.55245412873551192,3.3269419986894745e-05,7.4595291414641428e-05,7275
0,1,0.29999999999999999,1500,10200,1,0.080000000000000002,-1.4893150807171195e-05,3.2593723868517486e-05,-2.8992152294233393e-05,-1.4542697610282757e-05,3.1844230656818829e-05,0.52917533559119123,-2.8329577694356063e-05,7.4595291414641428e-05,7300
0,1,0.29999999999999999,1500,10200,1,0.080000000000000002,2.6515070552296907e-05,3.1074318321814228e-05,1.6203835742569009e-05,2.5862913920151293e-05,3.0315169685504089e-05,0.50549120683106341,1.5815157179735854e-05,7.4595291414641428e-05,7325
0,1,0.29999999999999999,1500,10200,1,0.080000000000000002,-2.9541426602672323e-05,2.9541437285414412e-05,-2.5123037170103484e-08,-2.877335064702956e-05,2.8773368804305618e-05,0.48141988435991606,-3.232478416683919e-08,7.4595291414641428e-05,7350
0,1,0.29999999999999999,1500,10200,1,0.080000000000000002,2.3913361289963519e-05,2.7996312000990677e-05,-1.4558318497425748e-05,2.3254100977566818e-05,2.7220055867016475e-05,0.4569798067463508,-1.4148435571773444e-05,7.4595291414641428e-05,7375
0,1,0.29999999999999999,1500,10200,1,0.080000000000000002,-1.2120681680623252e-05,2.6440174382947645e-05,2.3498338175234538e-05,-1.1767373180435509e-05,2.5656458908578943e-05,0.43218969511427341,2.279874584620757e-05,7.4595291414641428e-05,7400
0,1,0.29999999999999999,1500,10200,1,0.080000000000000002,-1.777356864899414e-06,2.4874256161950351e-05,-2.4810675568898157e-05,-1.7147677628516914e-06,2.4083805295543709e-05,0.40706853884011479,-2.4022681970028736e-05,7.4595291414641428e-05,7425
0,1,0.29999999999999999,1500,10200,1,0.080000000000000002,1.3523907210743231e-05,2.3299788030921294e-05,1.8973245796148598e-05,1.3057109307543838e-05,2.2503320882326608e-05,0.3816355810507005,1.8327884418661329e-05,7.4595291414641428e-05,7450
0,1,0.29999999999999999,1500,10200,1,0.080000000000000002,-1.9971478668935685e-05,2.1717998794126723e-05,-8.5329661547399037e-06,-1.9232249684246123e-05,2.0916229174207905e-05,0.35591030395518058,-8.2224822864388604e-06,7.4595291414641428e-05,7475
0,1,0.29999999999999999,1500,10200,1,0.080000000000000002,1.9921779656968277e-05,2.0130114520694481e-05,-2.8886339185642266e-06,1.9124378890458811e-05,1.932375049828233e-05,0.32991241401303822,-2.7686576845179095e-06,7.4595291414641428e-05,7500
0,1,0.29999999999999999,1500,10200,1,0.080000000000000002,-1.4275655471667833e-05,1.8537357704785814e-05,1.1825366443769185e-05,-1.365401921304025e-05,1.7727101184047487e-05,0.30366182700478023,1.1305656801768989e-05,7.4595291414641428e-05,7525
1,0,0.29999999999999999,1500,10200,1,0.080000000000000002,5.508353079941784e-06,1.6940946435726845e-05,-1.6020415490394185e-05,5.2467127991057813e-06,1.612749275622907e-05,0.27717865301501593,-1.525018122534682e-05,7.4595291414641428e-05,7550
1,0,0.29999999999999999,1500,10200,1,0.080000000000000002,3.2986627557786236e-06,1.5342093582913686e-05,1.4983279331659015e-05,3.1209462116420879e-06,1.4526131144252177e-05,0.25048318143097614,1.418690173237448e-05,7.4595291414641428e-05,7575
1,0,0.29999999999999999,1500,10200,1,0.080000000000000002,-9.513105977094459e-06,1.3742006002872055e-05,-9.9168313312035953e-06,-8.9458183669095269e-06,1.2924215916587468e-05,0.22359586611421317,-9.3277913143914719e-06,7.4595291414641428e-05,7600
1,0,0.29999999999999999,1500,10200,1,0.080000000000000002,1.1739468115695455e-05,1.2141883781193664e-05,3.1000371153558093e-06,1.0947455026007962e-05,1.1322939556838309e-05,0.19653731101438593,2.8917449163691303e-06,7.4595291414641428e-05,7625
1,0,0.29999999999999999,1500,10200,1,0.080000000000000002,-1.0102902578026059e-05,1.0542919534744077e-05,3.0140523908855145e-06,-9.3176584178832411e-06,9.723486819726661e-06,0.16932825694475359,2.7798268904821553e-06,7.4595291414641428e-05,7650
1,0,0.29999999999999999,1500,10200,1,0.080000000000000002,5.9833131598925677e-06,8.9462978329862928e-06,-6.6510306379651911e-06,5.4346192715332281e-06,8.1270342636650409e-06,0.14198957121507857,-6.0426483677494592e-06,7.4595291414641428e-05,7675
1,0,0.29999999999999999,1500,10200,1,0.080000000000000002,-1.3457852444500264e-06,7.3531948964267702e-06,7.2289928247756128e-06,-1.1937906256880816e-06,6.5347502421510813e-06,0.11454224514900273,6.4247820717369769e-06,7.4595291414641428e-05,7700
1,0,0.29999999999999999,1500,10200,1,0.080000000000000002,-2.0575913293755877e-06,5.7647790745475945e-06,-5.3850715593778531e-06,-1.7695764728184062e-06,4.9477963523099164e-06,0.087007417217120936,-4.62052895789853e-06,7.4595291414641428e-05,7725
1,0,0.29999999999999999,1500,10200,1,0.080000000000000002,3.3147931798309549e-06,4.1822141146056079e-06,2.5501100124019267e-06,2.6727485533664825e-06,3.3673350556695255e-06,0.059406505568713082,2.0482579299537109e-06,7.4595291414641428e-05,7750
1,0,0.29999999999999999,1500,10200,1,0.080000000000000002,-2.5929302857868181e-06,2.6066768948353801e-06,-2.6735176662612545e-07,-1.7862183202310561e-06,1.7945810433982606e-06,0.031762117378431494,-1.730469121230817e-07,7.4595291414641428e-05,7775
1,0,0.29999999999999999,1500,10200,1,0.080000000000000002,9.2853385695050795e-07,1.0395414355815675e-06,-4.6740910644487855e-07,1.935174629761851e-07,2.3295323649630886e-07,0.0041362742286226986,-1.2968501038040607e-07,7.4595291414641428e-05,7800
1,0,0.29999999999999999,1500,10200,1,0.080000000000000002,3.2082763577527797e-07,5.2075557121750942e-07,-4.1019019134655098e-07,7.7069574921121267e-07,1.3249442972319679e-06,0.023600866008452733,-1.0777316237891886e-06,7.4595291414641428e-05,7825
1,0,0.29999999999999999,1500,10200,1,0.080000000000000002,-1.2972509507726331e-07,2.0677559019946195e-06,2.0636825991272924e-06,-1.6647192868859653e-07,2.8681534633652116e-06,0.051252849344854377,2.8633182474836007e-06,7.4595291414641428e-05,7850
1,0,0.29999999999999999,1500,10200,1,0.080000000000000002,-1.7042016184748095e-06,3.6041917912473829e-06,-3.1758298618916694e-06,-2.0863484926400824e-06,4.3995691571959213e-06,0.078869063511412207,-3.8734169329169928e-06,7.4595291414641428e-05,7875
1,0,0.29999999999999999,1500,10200,1,0.080000000000000002,4.4309135847710977e-06,5.1282267232048887e-06,2.5818044327337596e-06,5.115277807467494e-06,5.9179760549978494e-06,0.10642563930639358,2.9759659843416332e-06,7.4595291414641428e-05,7900
1,0,0.29999999999999999,1500,10200,1,0.080000000000000002,-6.6371806005158969e-06,6.6387436792188896e-06,1.4405316554730675e-07,-7.4205047097119434e-06,7.4223007627368307e-06,0.13390099133460912,1.63274203922747e-07,7.4595291414641428e-05,7925
1,0,0.29999999999999999,1500,10200,1,0.080000000000000002,6.8469762799600804e-06,8.1346861722895426e-06,-4.3922699078383946e-06,7.5003037857014522e-06,8.9115048546195285e-06,0.16127392268331556,-4.8125213657811308e-06,7.4595291414641428e-05,7950
1,0,0.29999999999999999,1500,10200,1,0.080000000000000002,-4.2002254082471616e-06,9.6150240382317918e-06,8.6490920781137593e-06,-4.5364098254157126e-06,1.0384572108943581e-05,0.18852340315462809,9.3413234491543392e-06,7.4595291414641428e-05,7975
1,0,0.29999999999999999,1500,10200,1,0.080000000000000002,-1.0626892358732277e-06,1.1078747724603332e-05,-1.1027662614233474e-05,-1.1349244642651933e-06,1.1840505961047668e-05,0.21562852919101125,-1.1785988625228589e-05,7.4595291414641428e-05,8000
1,0,0.29999999999999999,1500,10200,1,0.080000000000000002,7.5208975781586829e-06,1.2524867125939531e-05,1.0015407936838499e-05,7.9720937151863469e-06,1.3278329082273937e-05,0.24256852178432947,1.061883915564447e-05,7.4595291414641428e-05,8025
1,0,0.29999999999999999,1500,10200,1,0.080000000000000002,-1.2963552766051691e-05,1.395241154078299e-05,-5.1590781623433402e-06,-1.3654637167918465e-05,1.4697083563195256e-05,0.26932273530520973,-5.4364647590179183e-06,7.4595291414641428e-05,8050
1,0,0.29999999999999999,1500,10200,1,0.080000000000000002,1.5141254252771182e-05,1.5360429977060371e-05,-2.5855809275892988e-06,1.5866628797546482e-05,1.6095831300873764e-05,0.29587067014375396,-2.706635525344385e-06,7.4595291414641428e-05,8075
0,1,0.29999999999999999,1500,10200,1,0.080000000000000002,-1.2624584598590039e-05,1.6747991578827617e-05,1.1005229922065413e-05,-1.3173763723490422e-05,1.7473654459851811e-05,0.32219198684951122,1.147957096497717e-05,7.4595291414641428e-05,8100
0,1,0.29999999999999999,1500,10200,1,0.080000000000000002,5.457046929844108e-06,1.8114186095429373e-05,-1.7272648225021136e-05,5.6762283616905011e-06,1.8829655957499539e-05,0.34826652087616466,-1.7953728723129866e-05,7.4595291414641428e-05,8125
0,1,0.29999999999999999,1500,10200,1,0.080000000000000002,4.6587327419845878e-06,1.9458124362328333e-05,1.88921892044992e-05,4.82331818556345e-06,2.0162959952698364e-05,0.37407429754491212,1.9577552342796354e-05,7.4595291414641428e-05,8150
0,1,0.29999999999999999,1500,10200,1,0.080000000000000002,-1.4753596891404402e-05,2.0778938780705489e-05,-1.4632008598215381e-05,-1.5242853267540033e-05,2.1472712328021252e-05,0.39959554707506484,-1.5123914803588388e-05,7.4595291414641428e-05,8175
0,1,0.29999999999999999,1500,10200,1,0.080000000000000002,2.147663620080574e-05,2.2075783790068013e-05,5.1082607063530097e-06,2.2139218074931651e-05,2.2758081160411214e-05,0.4248107195389923,5.2711745498022964e-06,7.4595291414641428e-05,8200
0,1,0.29999999999999999,1500,10200,1,0.080000000000000002,-2.2204664111799065e-05,2.3347836330987247e-05,7.2162561637424313e-06,-2.2843984026403931e-05,2.4018257177621124e-05,0.44970049973156373,7.4181582385219314e-06,7.4595291414641428e-05,8225
0,1,0.29999999999999999,1500,10200,1,0.080000000000000002,1.6009964085317955e-05,2.4594296296154318e-05,-1.8669773975328655e-05,1.6442933725655591e-05,2.5252454198806768e-05,0.4742458218832209,-1.9165499564491699e-05,7.4595291414641428e-05,8250
0,1,0.29999999999999999,1500,10200,1,0.080000000000000002,-4.1416866103438361e-06,2.581438696820881e-05,2.5479972656306508e-05,-4.2515191897933208e-06,2.6459909558260878e-05,0.49842788422145695,2.6116113769283598e-05,7.4595291414641428e-05,8275
0,1,0.29999999999999999,1500,10200,1,0.080000000000000002,-1.0182120300751801e-05,2.7007355442765333e-05,-2.5014429319752313e-05,-1.0414381800027378e-05,2.7639884511607642e-05,0.52222816332655642,-2.5602809758662552e-05,7.4595291414641428e-05,8300
0,1,0.29999999999999999,1500,10200,1,0.080000000000000002,2.2655309937745515e-05,2.8172473034985183e-05,1.6745900051405317e-05,2.3149052323928442e-05,2.8791664623971695e-05,0.54562842830367142,1.7119618229484164e-05,7.4595291414641428e-05,8325
0,1,0.29999999999999999,1500,10200,1,0.080000000000000002,-2.9193468237014083e-05,2.9309035668049894e-05,-2.6001892403189503e-06,-2.9795949839385498e-05,2.9914560139754829e-05,0.56861075471823042,-2.6612556291780164e-06,7.4595291414641428e-05,8350
0,1,0.29999999999999999,1500,10200,1,0.080000000000000002,2.7270084802540927e-05,3.0416364242044212e-05,-1.3472107799707219e-05,2.7803842836784643e-05,3.1007906333732114e-05,0.59115753832607942,-1.3727220356244139e-05,7.4595291414641428e-05,8375
0,1,0.29999999999999999,1500,10200,1,0.080000000000000002,-1.6842455818625384e-05,3.1493804982046879e-05,2.6611866417913133e-05,-1.7157917796805618e-05,3.2071063843232911e-05,0.61325150853325849,2.7095368477191492e-05,7.4595291414641428e-05,8400
0,1,0.29999999999999999,1500,10200,1,0.080000000000000002,5.3928478400043721e-07,3.254072976461937e-05,-3.2536260779870363e-05,5.5688791605831792e-07,3.3103418981210665e-05,0.63487574162546723,-3.3098734478745958e-05,7.4595291414641428e-05,8425
0,1,0.29999999999999999,1500,10200,1,0.080000000000000002,1.6995926146261843e-05,3.3556536422321366e-05,2.8934056595876651e-05,1.7266026961515994e-05,3.410438403003604e-05,0.65601367372508168,2.9410768827631487e-05,7.4595291414641428e-05,8450
0,1,0.29999999999999999,1500,10200,1,0.080000000000000002,-3.0443514026284384e-05,3.4540649026296158e-05,-1.6317134824753998e-05,-3.0908902823136986e-05,3.5073397515873064e-05,0.67664911346984824,-1.6576578041813256e-05,7.4595291414641428e-05,8475
0,1,0.29999999999999999,1500,10200,1,0.080000000000000002,3.5437560369606667e-05,3.5492518147307732e-05,-1.9743757209437147e-06,3.5954668804712141e-05,3.6009924463517972e-05,0.69676625441501683,-1.99410406241246e-06,7.4595291414641428e-05,8500
0,1,0.29999999999999999,1500,10200,1,0.080000000000000002,-2.9983235602592114e-05,3.641162109583036e-05,2.065942239332386e-05,-3.0401752728277948e-05,3.6913456631600666e-05,0.71634968713803326,2.0936492340927302e-05,7.4595291414641428e-05,8525
0,1,0.29999999999999999,1500,10200,1,0.080000000000000002,1.5201639279201071e-05,3.7297462141878184e-05,-3.405893194816725e-05,1.5408448215441642e-05,3.7783512728064671e-05,0.73538441103532848,-3.4498892122267899e-05,7.4595291414641428e-05,8550
0,1,0.29999999999999999,1500,10200,1,0.080000000000000002,4.8647551541337746e-06,3.8149572715220426e-05,3.7838129653092257e-05,4.9150277054207361e-06,3.8619638605858302e-05,0.75385584581548881,3.8305599965305952e-05,7.4595291414641428e-05,8575
0,1,0.29999999999999999,1500,10200,1,0.080000000000000002,-2.4366849039939337e-05,3.8967511586488837e-05,-3.04092687697016e-05,-2.4642908192854948e-05,3.9421407438785544e-05,0.77174984266421598,-3.0769700035152421e-05,7.4595291414641428e-05,8600
0,1,0.29999999999999999,1500,10200,1,0.080000000000000002,3.7373462288786925e-05,3.9750865029489171e-05,1.3540885759110673e-05,3.7781391210237127e-05,4.0188419877479392e-05,0.7890526950798944,1.3699473364607764e-05,7.4595291414641428e-05,8625
0,1,0.29999999999999999,1500,10200,1,0.080000000000000002,-3.969146986495508e-05,4.0499246964820549e-05,8.0483678268881969e-06,-4.010617949980527e-05,4.0920304185475441e-05,0.80575114937129377,8.1219246833024983e-06,7.4595291414641428e-05,8650
0,1,0.29999999999999999,1500,10200,1,0.080000000000000002,3.0218501740036462e-05,4.1212299084728003e-05,-2.8023128812402188e-05,3.0522171417208509e-05,4.1616716355377709e-05,0.82183241481177871,-2.8290424743762733e-05,7.4595291414641428e-05,8675
0,1,0.29999999999999999,1500,10200,1,0.080000000000000002,-1.1391729666826521e-05,4.188969095899387e-05,4.0310974979997167e-05,-1.1507399574367952e-05,4.2277340205122938e-05,0.83728417343115469,4.0681116624983893e-05,7.4595291414641428e-05,8700
0,1,0.29999999999999999,1500,10200,1,0.080000000000000002,-1.1436358097888431e-05,4.2531120121622152e-05,-4.0964690798988273e-05,-1.152565386478975e-05,4.2901887454363287e-05,0.85209458945519301,-4.1324705082261761e-05,7.4595291414641428e-05,8725
0,1,0.29999999999999999,1500,10200,1,0.080000000000000002,3.153606637104686e-05,4.3136312138085075e-05,2.9431580703646092e-05,3.1787250581186395e-05,4.3490097781000973e-05,0.86625231836749672,2.9680958634954689e-05,7.4595291414641428e-05,8750
0,1,0.29999999999999999,1500,10200,1,0.080000000000000002,-4.280550366548552e-05,4.3705020652962409e-05,-8.8214333427157072e-06,-4.3133058361991484e-05,4.4041738857922484e-05,0.87974651560188089,-8.9002268493828667e-06,7.4595291414641428e-05,8775
0,1,0.29999999999999999,1500,10200,1,0.080000000000000002,4.163905023153219e-05,4.4237027417889326e-05,-1.4936669327096698e-05,4.1943631385774611e-05,4.4556606369993217e-05,0.89256684484548077,-1.503405991024324e-05,7.4595291414641428e-05,8800
0,1,0.29999999999999999,1500,10200,1,0.080000000000000002,-2.8082728662087875e-05,4.4732142299805401e-05,3.4818456393435764e-05,-2.8281336999784675e-05,4.5034524011386348e-05,0.90470348595837724,3.5046744933541891e-05,7.4595291414641428e-05,8825
0,1,0.29999999999999999,1500,10200,1,0.080000000000000002,5.9059178490399617e-06,4.5190203269547813e-05,-4.4802618292946243e-05,5.9544494402426393e-06,4.5475343463333872e-05,0.91614714249422757,-4.5083826312456856e-05,7.4595291414641428e-05,8850
0,1,0.29999999999999999,1500,10200,1,0.080000000000000002,1.8456251164624977e-05,4.5611076370843075e-05,4.1710155605741371e-05,1.8554176075707602e-05,4.5878944352399878e-05,0.92688904882150569,4.1959743624600999e-05,7.4595291414641428e-05,8875
0,1,0.29999999999999999,1500,10200,1,0.080000000000000002,-3.7790040634041876e-05,4.5994655669723946e-05,-2.6218718104703985e-05,-3.7989355814869754e-05,4.6245234189389711e-05,0.93692097683590181,-2.6371016855683067e-05,7.4595291414641428e-05,8900
0,1,0.29999999999999999,1500,10200,1,0.080000000000000002,4.6260506660976616e-05,4.6340863184345663e-05,2.7278423964703616e-06,4.6492704554845341e-05,4.6574148289021536e-05,0.94623524226628031,2.7531276802268413e-06,7.4595291414641428e-05,8925
0,1,0.29999999999999999,1500,10200,1,0.080000000000000002,-4.1187828568293055e-05,4.6649648795117904e-05,2.190325342356126e-05,-4.1383995180437041e-05,4.686564967049899e-05,0.95482471055666118,2.1994409788478205e-05,7.4595291414641428e-05,8950
0,1,0.29999999999999999,1500,10200,1,0.080000000000000002,2.3897568632760604e-05,4.6920990135036492e-05,-4.037927102728191e-05,2.4008823131453228e-05,4.7119728939136517e-05,0.96268280233297165,-4.0544361718250001e-05,7.4595291414641428e-05,8975
0,1,0.29999999999999999,1500,10200,1,0.080000000000000002,6.2544142626825672e-07,4.7154892460104539e-05,4.7150744489841636e-05,6.1616141310683745e-07,4.7336404149201832e-05,0.96980349844322111,4.7332393800541831e-05,7.4595291414641428e-05,9000
0,1,0.29999999999999999,1500,10200,1,0.080000000000000002,-2.5189155964346749e-05,4.7351388499801666e-05,-4.0095640843649869e-05,-2.5266660746893047e-05,4.7515720648150971e-05,0.97618134456575723,-4.0241018419201755e-05,7.4595291414641428e-05,9025
0,1,0.29999999999999999,1500,10200,1,0.080000000000000002,4.2524841059134259e-05,4.7510538287683461e-05,2.1187004065719267e-05,4.2651379711831492e-05,4.76577509024449e-05,0.98181145538957892,2.1263137815399137e-05,7.4595291414641428e-05,9050
0,1,0.29999999999999999,1500,10200,1,0.080000000000000002,-4.7458741056408775e-05,4.7632428972366256e-05,4.0640112140909389e-06,-4.7589429769395522e-05,4.7762594305147386e-05,0.98668951835467011,4.0634454569821631e-06,7.4595291414641428e-05,9075
0,1,0.29999999999999999,1500,10200,1,0.080000000000000002,3.8470137306424432e-05,4.7717174609348597e-05,-2.8230786179699516e-05,3.856832518216688e-05,4.7830376965516549e-05,0.99081179695565047,-2.8288323621346823e-05,7.4595291414641428e-05,9100
0,1,0.29999999999999999,1500,10200,1,0.080000000000000002,-1.8162708466998798e-05,4.7764915934306521e-05,4.4176953441293112e-05,-1.8210145124570591e-05,4.7861251480812914e-05,0.99417513360408993,4.4261608735468413e-05,7.4595291414641428e-05,9125
0,1,0.29999999999999999,1500,10200,1,0.080000000000000002,-7.4975208460733177e-06,4.7775820118645266e-05,-4.7183854963025708e-05,-7.498499727964977e-06,4.7855396690559573e-05,0.99677695204731431,-4.7264272915602213e-05,7.4595291414641428e-05,9150
0,1,0.29999999999999999,1500,10200,1,0.080000000000000002,3.0952179165553952e-05,4.7750080508165071e-05,3.635976888594994e-05,3.0984130822323e-05,4.7813017413499602e-05,0.99861525934068229,3.6415220325693355e-05,7.4595291414641428e-05,9175
0,1,0.29999999999999999,1500,10200,1,0.080000000000000002,-4.5298298860541213e-05,4.7687916345679565e-05,-1.4906424310800475e-05,-4.5338783467943711e-05,4.7734344167508533e-05,0.99968864737536722,-1.4931923076049828e-05,7.4595291414641428e-05,9200
0,1,0.29999999999999999,1500,10200,1,0.080000000000000002,4.6339182460510796e-05,4.7589572478322127e-05,-1.083732335777446e-05,4.6371072561534018e-05,4.7619632872728561e-05,0.99999629395619338,-1.0832961941518916e-05,7.4595291414641428e-05,9225
0,1,0.29999999999999999,1500,10200,1,0.080000000000000002,-3.3823564423063752e-05,4.745531905008179e-05,3.3286240338372724e-05,-3.3841457940360603e-05,4.7469164538203641e-05,0.99953796343166013,3.3287795157172157e-05,7.4595291414641428e-05,9250
0,1,0.29999999999999999,1500,10200,1,0.080000000000000002,1.150393909447548e-05,4.728545117987103e-05,-4.5864728044484955e-05,1.151442804802518e-05,4.7283244932303207e-05,0.99831400687434568,-4.5859821173386935e-05,7.4595291414641428e-05,9275
0,1,0.29999999999999999,1500,10200,1,0.080000000000000002,1.3998521090200177e-05,4.708028862517012e-05,4.4951028734796982e-05,1.3982370237418737e-05,4.706220423723325e-05,0.99632536181213982,4.4937115953416519e-05,7.4595291414641428e-05,9300
0,1,0.29999999999999999,1500,10200,1,0.080000000000000002,-3.5176175464273973e-05,4.6840175431057951e-05,-3.0929576688323656e-05,-3.5143417419290558e-05,4.6806396687943228e-05,0.99357355150981863,-3.0915675360609672e-05,7.4595291414641428e-05,9325
0,1,0.29999999999999999,1500,10200,1,0.080000000000000002,4.5865606848595608e-05,4.6565479564276228e-05,8.0430091048740142e-06,4.5815151279296423e-05,4.6516200195746651e-05,0.99006068380272483,8.0454206792413521e-06,7.4595291414641428e-05,9350
0,1,0.29999999999999999,1500,10200,1,0.080000000000000002,-4.3058079933637827e-05,4.6256592531894812e-05,1.6901896493890912e-05,-4.300197985839366e-05,4.619201595698244e-05,0.98578944948182956,1.6868078326484803e-05,7.4595291414641428e-05,9375
0,1,0.29999999999999999,1500,10200,1,0.080000000000000002,2.7753142760864342e-05,4.5913928984183835e-05,-3.657665842664909e-05,2.7713644677956178e-05,4.5834268047053421e-05,0.98076312023277701,-3.6506629892022811e-05,7.4595291414641428e-05,9400
0,1,0.29999999999999999,1500,10200,1,0.080000000000000002,-4.6112701711716484e-06,4.5537926301435506e-05,4.5303851042085094e-05,-4.6123820919081273e-06,4.5443403000187331e-05,0.97498554613008015,4.5208724906545203e-05,7.4595291414641428e-05,9425
0,1,0.29999999999999999,1500,10200,1,0.080000000000000002,-1.9475679924885131e-05,4.5129044164702563e-05,-4.0710299909029172e-05,-1.9419005267839297e-05,4.5019889375273518e-05,0.96846115268832367,-4.0616408922620109e-05,7.4595291414641428e-05,9450
0,1,0.29999999999999999,1500,10200,1,0.080000000000000002,3.7454712990372896e-05,4.4687764110699065e-05,2.437500227737991e-05,3.7345453277205859e-05,4.4564217308137795e-05,0.96119493747041429,2.4316385089214276e-05,7.4595291414641428e-05,9475
0,1,0.29999999999999999,1500,10200,1,0.080000000000000002,-4.4195644278823962e-05,4.4214589071396561e-05,-1.2941845046649894e-06,-4.405770900037977e-05,4.4076898050625092e-05,0.95319246626344201,-1.3004689166041335e-06,7.4595291414641428e-05,9500
0,1,0.29999999999999999,1500,10200,1,0.080000000000000002,3.7967580960322273e-05,4.3710042899107288e-05,-2.1657115372624611e-05,3.7840950958008306e-05,4.3558463496867432e-05,0.94445986881130173,-2.1573181795960076e-05,7.4595291414641428e-05,9525
0,1,0.29999999999999999,1500,10200,1,0.080000000000000002,-2.0879318973344575e-05,4.317466987803783e-05,3.7790291852364422e-05,-2.0808181984674598e-05,4.3009465697122854e-05,0.9350038341225988,3.7640851505308049e-05,7.4595291414641428e-05,9550
0,1,0.29999999999999999,1500,10200,1,0.080000000000000002,-1.82692957162232e-06,4.2609034223394753e-05,-4.2569849962041876e-05,-1.8094460115267305e-06,4.2430476359576946e-05,0.92483160534522302,-4.2391876925090121e-05,7.4595291414641428e-05,9575
0,1,0.29999999999999999,1500,10200,1,0.080000000000000002,2.339379103253861e-05,4.2013719569123124e-05,3.4898182949243012e-05,2.3279060374152958e-05,4.182208634050661e-05,0.91395097421991778,3.4744384495473957e-05,7.4595291414641428e-05,9600
0,1,0.29999999999999999,1500,10200,1,0.080000000000000002,-3.7576544204686246e-05,4.1389328445258383e-05,-1.7351652220544741e-05,-3.7386976090924576e-05,4.1184905123211282e-05,0.90237027511004664,-1.7274560161826098e-05,7.4595291414641428e-05,9625
0,1,0.29999999999999999,1500,10200,1,0.080000000000000002,4.0467135267794061e-05,4.0736481745701406e-05,-4.676741198304855e-06,4.0252714224112544e-05,4.0519560286123977e-05,0.89009837862030805,-4.642603081544205e-06,7.4595291414641428e-05,9650
0,1,0.29999999999999999,1500,10200,1,0.080000000000000002,-3.1577000108490812e-05,4.0055818187009431e-05,2.4644708048161717e-05,-3.1401978226511736e-05,3.9826696960519843e-05,0.87714468480022079,2.4496562090357969e-05,7.4595291414641428e-05,9675
0,1,0.29999999999999999,1500,10200,1,0.080000000000000002,1.38769262075559e-05,3.9347993758572449e-05,-3.6819770937021118e-05,1.3800258919788852e-05,3.9106977278245804e-05,0.86351911594502673,-3.6591098993990626e-05,7.4595291414641428e-05,9700
0,1,0.29999999999999999,1500,10200,1,0.080000000000000002,7.1875832586087995e-06,3.8613681164348929e-05,3.7938832612015908e-05,7.1320149017331089e-06,3.8361079809900463e-05,0.84923210899525425,3.7692264559495619e-05,7.4595291414641428e-05,9725
0,1,0.29999999999999999,1500,10200,1,0.080000000000000002,-2.5381066937849662e-05,3.7853569256192753e-05,-2.8083698946715977e-05,-2.5197839985501463e-05,3.7589698993898057e-05,0.83429460754324614,-2.7893625266661274e-05,7.4595291414641428e-05,9750
0,1,0.29999999999999999,1500,10200,1,0.080000000000000002,3.5539073703146559e-05,3.7068362458736397e-05,1.0537444457484686e-05,3.5273240165090952e-05,3.6793544556855472e-05,0.81871805345080118,1.0467256054626903e-05,7.4595291414641428e-05,9775
0,1,0.29999999999999999,1500,10200,1,0.080000000000000002,-3.5045569524840354e-05,3.6258780185801879e-05,9.3009245369414647e-06,-3.4771746492354608e-05,3.5973340925745333e-05,0.80251437808406789,9.2199188299750917e-06,7.4595291414641428e-05,9800
0,1,0.29999999999999999,1500,10200,1,0.080000000000000002,2.4500773084421111e-05,3.5425556248385325e-05,-2.5586757390752324e-05,2.4301897451133966e-05,3.512982663226288e-05,0.78569599317523142,-2.5367745258248996e-05,7.4595291414641428e-05,9825
0,1,0.29999999999999999,1500,10200,1,0.080000000000000002,-7.4109958136750393e-06,3.4569438254384267e-05,3.3765710451186677e-05,-7.3528859680137315e-06,3.4263753709857757e-05,0.76827578132026597,3.3465502928107592e-05,7.4595291414641428e-05,9850
0,1,0.29999999999999999,1500,10200,1,0.080000000000000002,-1.0968605927901992e-05,3.3691187000382545e-05,-3.1855702244545465e-05,-1.0858992303261636e-05,3.3375887083885641e-05,0.75026708610316961,-3.1559976628539962e-05,7.4595291414641428e-05,9875
0,1,0.29999999999999999,1500,10200,1,0.080000000000000002,2.5258543856851184e-05,3.2791575855950813e-05,2.0911561619068563e-05,2.5003989861405809e-05,3.2467003955338125e-05,0.73168370188561205,2.0710066075381247e-05,7.4595291414641428e-05,9900
0,1,0.29999999999999999,1500,10200,1,0.080000000000000002,-3.1542176241560297e-05,3.1871390141037701e-05,-4.5690948193908752e-06,-3.1211136928541669e-05,3.153789317861176e-05,0.71253986323361429,-4.5280942761109188e-06,7.4595291414641428e-05,9925
0,1,0.29999999999999999,1500,10200,1,0.080000000000000002,2.844359194884283e-05,3.0931426497103109e-05,-1.2153815129144254e-05,2.8131638629758328e-05,3.0589354633780913e-05,0.69285023402146784,-1.2013306160916018e-05,7.4595291414641428e-05,9950
0,1,0.29999999999999999,1500,10200,1,0.080000000000000002,-1.7398277338891712e-05,2.9972492252675057e-05,2.4405946764583284e-05,-1.720013561174071e-05,2.9622198593841122e-05,0.67262989619707514,2.4117006125775478e-05,7.4595291414641428e-05,9975
0,1,0.29999999999999999,1500,10200,1,0.080000000000000002,2.0753952268045685e-06,2.8995404783996706e-05,-2.8921034442778426e-05,2.055867544893276e-06,2.8637245087392005e-05,0.65189433823536425,-2.8563354404432475e-05,7.4595291414641428e-05,10000
0,1,0.29999999999999999,1500,10200,1,0.080000000000000002,1.28317811316979e-05,2.8000990871385501e-05,2.4887765724701285e-05,1.2658997574019731e-05,2.7635323257232135e-05,0.63065944326939005,2.4565440601639489e-05,7.4595291414641428e-05,10025
0,1,0.29999999999999999,1500,10200,1,0.080000000000000002,-2.3050826695318261e-05,2.6990086051863942e-05,-1.4040090232951623e-05,-2.2729511060456346e-05,2.6617270715339854e-05,0.60894147693924716,-1.3850935971488757e-05,7.4595291414641428e-05,10050
0,1,0.29999999999999999,1500,10200,1,0.080000000000000002,2.5963529228217451e-05,2.5963533968563872e-05,-1.5689240529343234e-08,2.5583930890082014e-05,2.558393289471759e-05,0.58675707492429641,-1.0127828989789256e-08,7.4595291414641428e-05,10075
0,1,0.29999999999999999,1500,10200,1,0.080000000000000002,-2.1269006811600951e-05,2.492218571736424e-05,1.2990176680048132e-05,-2.0942205357141025e-05,2.4536162398580017e-05,0.56412323021426158,1.2784650954516737e-05,7.4595291414641428e-05,10100
0,1,0.29999999999999999,1500,10200,1,0.080000000000000002,1.0911310135284659e-05,2.3866899191208202e-05,-2.1226685754844748e-05,1.073631688757468e-05,2.3474818347370739e-05,0.54105728009425036,-2.0875789712766144e-05,7.4595291414641428e-05,10125
0,1,0.29999999999999999,1500,10200,1,0.080000000000000002,1.6601277679904886e-06,2.2798538422562714e-05,2.273801508485328e-05,1.6266688936863588e-06,2.2400765724098277e-05,0.5175768928767126,2.2341626022656665e-05,7.4595291414641428e-05,10150
0,1,0.29999999999999999,1500,10200,1,0.080000000000000002,-1.2629223593795038e-05,2.1717972924524323e-05,-1.7668419832240297e-05,-1.2391382146495502e-05,2.1314874718489999e-05,0.49370005437418452,-1.7342938988661545e-05,7.4595291414641428e-05,10175
0,1,0.29999999999999999,1500,10200,1,0.080000000000000002,1.8977706570137365e-05,2.062607703113401e-05,8.0797095883477803e-06,1.8600718286876109e-05,2.0218020070475232e-05,0.46944505414249399,7.9234850149673469e-06,7.4595291414641428e-05,10200
0,0,0.29999999999999999,1500,10200,0,0.080000000000000002,-1.9318242651437443e-05,1.9523729237524701e-05,2.825155606397644e-06,-1.8910463797747695e-05,1.9111080413528321e-05,0.44483047148686616,2.7618387944301821e-06,7.4595291414641428e-05,10225
0,0,0.29999999999999999,1500,10200,0,0.080000000000000002,1.4165516553010582e-05,1.8411811540582189e-05,-1.1761502667274224e-05,1.3846923053006535e-05,1.7994937618433016e-05,0.41987516125943947,-1.1492628152664291e-05,7.4595291414641428e-05,10250
0,0,0.29999999999999999,1500,10200,0,0.080000000000000002,-5.6050240912140918e-06,1.7291208780842869e-05,1.6357555014109144e-05,-5.4715204719908823e-06,1.6870476138080128e-05,0.39459823945659367,1.5958553469851698e-05,7.4595291414641428e-05,10275
0,0,0.29999999999999999,1500,10200,0,0.080000000000000002,-3.4898805723028169e-06,1.6162807986391771e-05,-1.5781542877552655e-05,-3.3956123848492913e-06,1.5738582353994472e-05,0.36901906862853945,-1.5367914336217661e-05,7.4595291414641428e-05,10300
0,0,0.29999999999999999,1500,10200,0,0.080000000000000002,1.0411476773117413e-05,1.5027497719581126e-05,1.0836366508883528e-05,1.0113651450540589e-05,1.460014392543283e-05,0.34315724313580043,1.0529874499742693e-05,7.4595291414641428e-05,10325
0,0,0.29999999999999999,1500,10200,0,0.080000000000000002,-1.3427977961826704e-05,1.3886167427515429e-05,-3.5376621774396202e-06,-1.3011519475587566e-05,1.3456049142154673e-05,0.3170325742522509,-3.430104874852518e-06,7.4595291414641428e-05,10350
0,0,0.29999999999999999,1500,10200,0,0.080000000000000002,1.2206953357161247e-05,1.2739706797534345e-05,-3.6456026968434973e-06,1.1793020932295711e-05,1.2307186282447571e-05,0.29066507519712781,-3.5201550365432591e-06,7.4595291414641428e-05,10375
0,0,0.29999999999999999,1500,10200,0,0.080000000000000002,-7.7518547993306201e-06,1.158900511956636e-05,8.6147424123667305e-06,-7.4622152948191911e-06,1.1154442978921013e-05,0.26407494610623411,8.2907744550052038e-06,7.4595291414641428e-05,10400
0,0,0.29999999999999999,1500,10200,0,0.080000000000000002,1.9176525478654646e-06,1.0434950658604438e-05,-1.0257231788020308e-05,1.8384875675517737e-06,9.9987055964860767e-06,0.23728255909109425,-9.828228582463858e-06,7.4595291414641428e-05,10425
0,0,0.29999999999999999,1500,10200,0,0.080000000000000002,3.2958435193869118e-06,9.2784300435939783e-06,8.6733315150282736e-06,3.1398316801676004e-06,8.8408586310829142e-06,0.21030844357592973,8.2645168252602151e-06,7.4595291414641428e-05,10450
0,0,0.29999999999999999,1500,10200,0,0.080000000000000002,-6.4170309311440382e-06,8.1203276860087378e-06,-4.9760863896138992e-06,-6.0703657394922276e-06,7.681784147472913e-06,0.18317327235727615,-4.7074905711180281e-06,7.4595291414641428e-05,10475
0,0,0.29999999999999999,1500,10200,0,0.080000000000000002,6.9183806298304104e-06,6.9615252588038894e-06,7.73849720392747e-07,6.4819743214578809e-06,6.522361299696078e-06,0.15589784945189722,7.2471085250171816e-07,7.4595291414641428e-05,10500
0,0,0.29999999999999999,1500,10200,0,0.080000000000000002,-5.2574988870469374e-06,5.8029013148765862e-06,2.4560881749026485e-06,-4.8589757720039474e-06,5.3634660519599189e-06,0.12850310258044365,2.2709298839033236e-06,7.4595291414641428e-05,10525
0,0,0.29999999999999999,1500,10200,0,0.080000000000000002,2.5649721820879475e-06,4.6453312803728675e-06,-3.8729859810649478e-06,2.320970159842903e-06,4.2059714744828373e-06,0.10101008936743543,-3.5076051033835235e-06,7.4595291414641428e-05,10550
0,0,0.29999999999999999,1500,10200,0,0.080000000000000002,-1.2341324144613381e-07,3.489688676877872e-06,3.487505732377424e-06,-1.0510872652773939e-07,3.0507501156276964e-06,0.073440053614418188,3.0489389012589483e-06,7.4595291414641428e-05,10575
0,0,0.29999999999999999,1500,10200,0,0.080000000000000002,-1.1532501531803248e-06,2.3368517773807747e-06,-2.0324591788366237e-06,-9.4110737049538937e-07,1.8986872023073852e-06,0.045814743684084294,-1.6490391170027168e-06,7.4595291414641428e-05,10600
0,0,0.29999999999999999,1500,10200,0,0.080000000000000002,1.044748708230542e-06,1.1877523109978123e-06,5.6502715769355516e-07,6.6505934929827516e-07,7.5082010849495541e-07,0.018159789367740181,3.4846362397147193e-07,7.4595291414641428e-05,10625
0,0,0.29999999999999999,1500,10200,0,0.080000000000000002,-4.1868731388844854e-08,5.0609602898249158e-08,2.8431342518552076e-08,3.9364210830002229e-07,3.9396361592972343e-07,0.0095510626860439672,1.591292712030461e-08,7.4595291414641428e-05,10650
0,0,0.29999999999999999,1500,10200,0,0.080000000000000002,-9.3426952050233826e-07,1.0970998360394841e-06,5.7512478063303241e-07,-1.2982402955443242e-06,1.5309569684838348e-06,0.037202903900673712,8.1141935789960002e-07,7.4595291414641428e-05,10675
0,0,0.29999999999999999,1500,10200,0,0.080000000000000002,9.8759451489520697e-07,2.2302011265346378e-06,-1.9996134973902501e-06,1.1746264532385826e-06,2.6620609483967893e-06,0.064840707507000134,-2.388895390830532e-06,7.4595291414641428e-05,10700
0,0,0.29999999999999999,1500,10200,0,0.080000000000000002,3.1165167056078217e-07,3.3564275755054253e-06,3.3419274836312504e-06,3.5418660753840177e-07,3.7859185350143213e-06,0.092430337384721103,3.7693143939986519e-06,7.4595291414641428e-05,10725
0,0,0.29999999999999999,1500,10200,0,0.080000000000000002,-2.6818930111928904e-06,4.4748741388095044e-06,-3.5821709108724604e-06,-2.9389228179207994e-06,4.9016746042057585e-06,0.11994963049131999,-3.9229002785974756e-06,7.4595291414641428e-05,10750
0,0,0.29999999999999999,1500,10200,0,0.080000000000000002,5.1877955000258666e-06,5.5847159708535426e-06,2.067808096758012e-06,5.5817658485085394e-06,6.0085155819820219e-06,0.14737724826947468,2.2239940448086867e-06,7.4595291414641428e-05,10775
0,0,0.29999999999999999,1500,10200,0,0.080000000000000002,-6.5897369709957608e-06,6.6851497513451569e-06,1.1254305180693415e-06,-7.0041959709035557e-06,7.1056449296517504e-06,0.17469208577196568,1.1964232810606833e-06,7.4595291414641428e-05,10800
0,0,0.29999999999999999,1500,10200,0,0.080000000000000002,5.8590613388590452e-06,7.7753860322039421e-06,-5.1115582924661462e-06,6.1733845133973432e-06,8.1922790904605052e-06,0.20187317662975221,-5.3854210927041021e-06,7.4595291414641428e-05,10825
0,0,0.29999999999999999,1500,10200,0,0.080000000000000002,-2.6620372412644966e-06,8.8546477460231385e-06,8.4450189124876187e-06,-2.78684947556325e-06,9.2676467247645596e-06,0.22889967785208815,8.8387072479855409e-06,7.4595291414641428e-05,10850
0,0,0.29999999999999999,1500,10200,0,0.080000000000000002,-2.3836955232848052e-06,9.9221700561175142e-06,-9.6315862802960461e-06,-2.4808944493432626e-06,1.0330988762412298e-05,0.2557508746018709,-1.0028683440028755e-05,7.4595291414641428e-05,10875
0,0,0.29999999999999999,1500,10200,0,0.080000000000000002,7.8016959974290001e-06,1.0977200598394148e-05,7.7222064554818251e-06,8.0881109607710122e-06,1.1381558711973152e-05,0.28240619136228984,8.0076425869507787e-06,7.4595291414641428e-05,10900
0,0,0.29999999999999999,1500,10200,0,0.080000000000000002,-1.1695830445139737e-05,1.2018999858172154e-05,-2.7683763814345595e-06,-1.2084320119856011e-05,1.2418623061393517e-05,0.30884520547185351,-2.8620632386126745e-06,7.4595291414641428e-05,10925
0,0,0.29999999999999999,1500,10200,0,0.080000000000000002,1.2403268419874469e-05,1.3046841596614459e-05,-4.0470987326347799e-06,1.2779034680534719e-05,1.3441461711665693e-05,0.33504766163626165,-4.167633090840139e-06,7.4595291414641428e-05,10950
0,0,0.29999999999999999,1500,10200,0,0.080000000000000002,-9.1392004745759506e-06,1.4060013293821214e-05,1.0684520976999391e-05,-9.393992009048282e-06,1.4449368419940216e-05,0.36099348681152038,1.0978941746320665e-05,7.4595291414641428e-05,10975
0,0,0.29999999999999999,1500,10200,0,0.080000000000000002,2.3964764491062195e-06,1.5057816594224682e-05,-1.486589187415903e-05,2.460034143797249e-06,1.5441651241499831e-05,0.386662805213002,-1.5244435872654161e-05,7.4595291414641428e-05,11000
0,0,0.29999999999999999,1500,10200,0,0.080000000000000002,6.0672206899946794e-06,1.6039567747336232e-05,1.4847779854924075e-05,6.207686800814176e-06,1.641763296538853e-05,0.41203595331915127,1.519879260892817e-05,7.4595291414641428e-05,11025
0,0,0.29999999999999999,1500,10200,0,0.080000000000000002,-1.3688560498396895e-05,1.7004598040149119e-05,-1.0088590882217964e-05,-1.3986291219509802e-05,1.7376651540910712e-05,0.43709349479250348,-1.0311725204702537e-05,7.4595291414641428e-05,11050
0,0,0.29999999999999999,1500,10200,0,0.080000000000000002,1.7883719955549108e-05,1.7952254219071328e-05,1.5671605207058153e-06,1.8247849509221746e-05,1.8318060493385115e-05,0.46181623527176169,1.6022885283594037e-06,7.4595291414641428e-05,11075
0,0,0.29999999999999999,1500,10200,0,0.080000000000000002,-1.6916569120506841e-05,1.8881898900091163e-05,8.3878361491136855e-06,-1.724001879996994e-05,1.9241229328138945e-05,0.4861852370141323,8.5443933567408497e-06,7.4595291414641428e-05,11100
0,0,0.29999999999999999,1500,10200,0,0.080000000000000002,1.0560237504676008e-05,1.9792910966356077e-05,-1.6740391523704959e-05,1.0751450641638974e-05,2.0145543922054205e-05,0.51018183336098222,-1.7036702997229715e-05,7.4595291414641428e-05,11125
0,0,0.29999999999999999,1500,10200,0,0.080000000000000002,-3.1178213565606595e-07,2.0684685952638492e-05,2.0682336059042413e-05,-3.2082344194346429e-07,2.1030406902163961e-05,0.53378764299861192,2.1027959643999821e-05,7.4595291414641428e-05,11150
0,0,0.29999999999999999,1500,10200,0,0.080000000000000002,-1.0946346275035106e-05,2.1556636416347876e-05,-1.8570570180089799e-05,-1.1114820430008174e-05,2.1895238010909131e-05,0.55698458402516116,-1.8864310598668398e-05,7.4595291414641428e-05,11175
0,0,0.29999999999999999,1500,10200,0,0.080000000000000002,1.976640060659858e-05,2.2408192294849985e-05,1.0555400938971168e-05,2.005664398255926e-05,2.2739474457737699e-05,0.5797548877749289,1.0715163590490561e-05,7.4595291414641428e-05,11200
0,0,0.29999999999999999,1500,10200,0,0.080000000000000002,-2.3200787883852918e-05,2.3238801248910286e-05,1.3286553559211367e-06,-2.3524278650365318e-05,2.3562571256775813e-05,0.60208111242902262,1.3427874778252243e-06,7.4595291414641428e-05,11225
0,0,0.29999999999999999,1500,10200,0,0.080000000000000002,1.9780998967111011e-05,2.4047928992082458e-05,-1.3675341629056043e-05,2.004358073962586e-05,2.436400155033494e-05,0.62394615635370088,-1.3851333606509613e-05,7.4595291414641428e-05,11250
0,0,0.29999999999999999,1500,10200,0,0.080000000000000002,-1.0086561648844513e-05,2.4835059605848803e-05,2.269452488443241e-05,-1.021604837878319e-05,2.5143256918045072e-05,0.64533327120126394,2.2974240443792318e-05,7.4595291414641428e-05,11275
0,0,0.29999999999999999,1500,10200,0,0.080000000000000002,-3.3045948137673418e-06,2.5599695840292264e-05,-2.5385509256902824e-05,-3.3385014262486836e-06,2.5899847671424878e-05,0.66622607473171325,-2.5683779270776103e-05,7.4595291414641428e-05,11300
0,0,0.29999999999999999,1500,10200,0,0.080000000000000002,1.6504257742915633e-05,2.6341359400052698e-05,2.0529897500916897e-05,1.6683254341809532e-05,2.6633303133717621e-05,0.68660856335669151,2.0760584297629639e-05,7.4595291414641428e-05,11325
0,0,0.29999999999999999,1500,10200,0,0.080000000000000002,-2.54559337285914e-05,2.7059591215316686e-05,-9.176977429720901e-06,-2.5720952358757917e-05,2.7343171904836678e-05,0.70646512439302089,-9.2780202401134758e-06,7.4595291414641428e-05,11350
0,0,0.29999999999999999,1500,10200,0,0.080000000000000002,2.7191488344975939e-05,2.7753951697599881e-05,-5.5592082545759118e-06,2.7462048265428288e-05,2.8029022111279454e-05,0.72578054802432168,-5.6090984642703201e-06,7.4595291414641428e-05,11375
0,0,0.29999999999999999,1500,10200,0,0.080000000000000002,-2.0810416178569531e-05,2.8424020980122924e-05,1.9361083315589535e-05,-2.1009183881479333e-05,2.8690441640881802e-05,0.74454003894154464,1.9538567864176575e-05,7.4595291414641428e-05,11400
0,0,0.29999999999999999,1500,10200,0,0.080000000000000002,7.8599930765568522e-06,2.9069399142640725e-05,-2.798661243077911e-05,7.9350208368220794e-06,2.9327038362297252e-05,0.76272922768066342,-2.8233147600344777e-05,7.4595291414641428e-05,11425
0,0,0.29999999999999999,1500,10200,0,0.080000000000000002,8.0298341621218065e-06,2.9689706420654205e-05,2.8583219389590412e-05,8.0916255290152529e-06,2.9938440329098555e-05,0.78033418162597978,2.8824222550438084e-05,7.4595291414641428e-05,11450
0,0,0.29999999999999999,1500,10200,0,0.080000000000000002,-2.2174080228370461e-05,3.028458339900405e-05,-2.0626831013925088e-05,-2.2345640374513454e-05,3.0524295968410676e-05,0.79734141568021633,-2.0794350209132443e-05,7.4595291414641428e-05,11475
0,0,0.29999999999999999,1500,10200,0,0.080000000000000002,3.022881196893338e-05,3.0853691189903128e-05,6.1781216392019898e-06,3.0453540361536371e-05,3.1084274253996624e-05,0.81373790259378231,6.2300871058077814e-06,7.4595291414641428e-05,11500
0,0,0.29999999999999999,1500,10200,0,0.080000000000000002,-2.9535418332475757e-05,3.1396711595495408e-05,1.0649533460972396e-05,-2.974568866276715e-05,3.1618064863729e-05,0.82951108294052245,1.0718956651871508e-05,7.4595291414641428e-05,11525
0,0,0.29999999999999999,1500,10200,0,0.080000000000000002,1.9994298712849678e-05,3.1913347255031924e-05,-2.4873474867850517e-05,2.0131901415462209e-05,3.2125378321392085e-05,0.84464887474232608,-2.5034905186372873e-05,7.4595291414641428e-05,11550
0,0,0.29999999999999999,1500,10200,0,0.080000000000000002,-4.1819216276808344e-06,3.2403321776726664e-05,3.2132332527627433e-05,-4.2142181283103706e-06,3.2605946122770736e-05,0.85913968271691876,3.2332461832159458e-05,7.4595291414641428e-05,11575
0,0,0.29999999999999999,1500,10200,0,0.080000000000000002,-1.3348726251349976e-05,3.2866379854300006e-05,-3.0033488511887147e-05,-1.342143134235903e-05,3.3059520845994152e-05,0.87297240716645041,-3.0212532156194136e-05,7.4595291414641428e-05,11600
0,0,0.29999999999999999,1500,10200,0,0.080000000000000002,2.7393081555872319e-05,3.3302287368150333e-05,1.8938358609557303e-05,2.7540478674282544e-05,3.348587624611381e-05,0.8861364524685762,1.9047990507175228e-05,7.4595291414641428e-05,11625
0,0,0.29999999999999999,1500,10200,0,0.080000000000000002,-3.3655612882891873e-05,3.371083147102498e-05,-1.9286990290791218e-06,-3.3828935456454224e-05,3.3884807333906246e-05,0.89862173520488042,-1.945069134761139e-06,7.4595291414641428e-05,11650
0,0,0.29999999999999999,1500,10200,0,0.080000000000000002,3.0073728780041352e-05,3.4091820658006872e-05,-1.6056869964043943e-05,3.0221729541211442e-05,3.4256130438902984e-05,0.91041869187369562,-1.6128531743001378e-05,7.4595291414641428e-05,11675
0,0,0.29999999999999999,1500,10200,0,0.080000000000000002,-1.7494196459535962e-05,3.4445084820609134e-05,2.9671820950762646e-05,-1.7578356146891133e-05,3.4599683256661317e-05,0.92151828622315535,2.9801669024307079e-05,7.4595291414641428e-05,11700
0,0,0.29999999999999999,1500,10200,0,0.080000000000000002,-5.1893308931979664e-07,3.4770475284775845e-05,-3.4766602652229585e-05,-5.1449456333592118e-07,3.4915324880300261e-05,0.93191201616494324,-3.4911534008708528e-05,7.4595291414641428e-05,11725
0,0,0.29999999999999999,1500,10200,0,0.080000000000000002,1.8704138931113198e-05,3.5067864832638068e-05,2.9663282535245312e-05,1.8770558739068869e-05,3.5202935816337954e-05,0.94159192029517491,2.9781081489972368e-05,7.4595291414641428e-05,11750
0,0,0.29999999999999999,1500,10200,0,0.080000000000000002,-3.1655099013462544e-05,3.5337147707953444e-05,-1.5705690515911817e-05,-3.1764343741012172e-05,3.5462417984877382e-05,0.9505505839830849,-1.5767357294010157e-05,7.4595291414641428e-05,11775
0,0,0.29999999999999999,1500,10200,0,0.080000000000000002,3.544339958625046e-05,3.5578239605264053e-05,-3.0946016187807612e-06,3.5559001103965521e-05,3.5693694704198625e-05,0.95878114505988876,-3.0979480506806143e-06,7.4595291414641428e-05,11800
0,0,0.29999999999999999,1500,10200,0,0.080000000000000002,-2.8819832056815537e-05,3.5791077642915531e-05,2.122306573184364e-05,-2.8908892092012981e-05,3.5896710659826725e-05,0.96627729906706727,2.1280267719360748e-05,7.4595291414641428e-05,11825
0,0,0.29999999999999999,1500,10200,0,0.080000000000000002,1.3624264980035351e-05,3.5975620320184915e-05,-3.329601569521321e-05,1.3666817032645859e-05,3.6071431858154795e-05,0.97303330408983424,-3.3382125583816343e-05,7.4595291414641428e-05,11850
0,0,0.29999999999999999,1500,10200,0,0.080000000000000002,5.7297894294523497e-06,3.6131847458837823e-05,3.5674639646152862e-05,5.7367240245824829e-06,3.6217845564713458e-05,0.97904398515420621,3.5760625481319709e-05,7.4595291414641428e-05,11875
0,0,0.29999999999999999,1500,10200,0,0.080000000000000002,-2.3550106206117173e-05,3.625976012947223e-05,-2.7571048263123137e-05,-2.3594426106551327e-05,3.6335960227187731e-05,0.98430473819073228,-2.7633404827025168e-05,7.4595291414641428e-05,11900
0,0,0.29999999999999999,1500,10200,0,0.080000000000000002,3.4556376998637751e-05,3.6359380563002642e-05,1.130757992026916e-05,3.4617390987169172e-05,3.6425805383293393e-05,0.98881153355998797,1.1334705071726591e-05,7.4595291414641428e-05,11925
0,0,0.29999999999999999,1500,10200,0,0.080000000000000002,-3.5459633656212002e-05,3.6430752047588295e-05,8.3554817766599266e-06,-3.5516362321636469e-05,3.6487431553635124e-05,0.99256091914121936,8.3618579765174892e-06,7.4595291414641428e-05,11950
0,0,0.29999999999999999,1500,10200,0,0.080000000000000002,2.5953811696341821e-05,3.6473938811229719e-05,-2.5627092516244611e-05,2.5992011482863696e-05,3.6520910119679195e-05,0.99555002297512796,-2.565525706447644e-05,7.4595291414641428e-05,11975
0,0,0.29999999999999999,1500,10200,0,0.080000000000000002,-8.8180902779925698e-06,3.6489025890163219e-05,3.5407489239738174e-05,-8.8336918202211258e-06,3.6526333186983675e-05,0.99777655546412936,3.5442049953577791e-05,7.4595291414641428e-05,12000
0,0,0.29999999999999999,1500,10200,0,0.080000000000000002,-1.0903804237753329e-05,3.6476118983086283e-05,-3.4808250591102972e-05,-1.0905622378394589e-05,3.6503813433838922e-05,0.9992388111258842,-3.4836701849520406e-05,7.4595291414641428e-05,12025
0,0,0.29999999999999999,1500,10200,0,0.080000000000000002,2.7402541709924069e-05,3.6435344291171289e-05,2.4013225969287422e-05,2.7411736881820156e-05,3.6453483945481485e-05,0.99993566989992322,2.4030255364546941e-05,7.4595291414641428e-05,12050
0,0,0.29999999999999999,1500,10200,0,0.080000000000000002,-3.5830719749867e-05,3.6366848343784703e-05,-6.2215095166950675e-06,-3.5838091775037248e-05,3.6375498034053895e-05,0.99986659800548738,-6.2296095503222534e-06,7.4595291414641428e-05,12075
0,0,0.29999999999999999,1500,10200,0,0.080000000000000002,3.3740553582582266e-05,3.6270797809830349e-05,-1.3309613732279737e-05,3.3742291380972352e-05,3.627002904449276e-05,0.99903164835034919,-1.3303111637880341e-05,7.4595291414641428e-05,12100
0,0,0.29999999999999999,1500,10200,0,0.080000000000000002,-2.1801449641938151e-05,3.6147379294682262e-05,2.8832790766480777e-05,-2.1800654699295213e-05,3.6137270146536864e-05,0.99743146049036946,2.8820717345789335e-05,7.4595291414641428e-05,12125
0,0,0.29999999999999999,1500,10200,0,0.080000000000000002,3.5852154365880413e-06,3.5996799122757217e-05,-3.5817813687568726e-05,3.5898579118736531e-06,3.5977434113056325e-05,0.99506726013939473,-3.5797886607059182e-05,7.4595291414641428e-05,12150
0,0,0.29999999999999999,1500,10200,0,0.080000000000000002,1.5512005547906101e-05,3.5819283105886984e-05,3.2286200242540332e-05,1.5493741195850679e-05,3.5790753084912865e-05,0.99194085823082012,3.2263322676705193e-05,7.4595291414641428e-05,12175
0,0,0.29999999999999999,1500,10200,0,0.080000000000000002,-2.9882933303754321e-05,3.5615076297765879e-05,-1.9376376257160559e-05,-2.984784885848956e-05,3.5577478322570532e-05,0.98805464952956956,-1.9361376043911223e-05,7.4595291414641428e-05,12200
0,0,0.29999999999999999,1500,10200,0,0.080000000000000002,3.5370962228000067e-05,3.538444273485343e-05,9.766364326167949e-07,3.5324238754826018e-05,3.5337879944684464e-05,0.98341161079983819,9.8179192142724923e-07,7.4595291414641428e-05,12225
0,0,0.29999999999999999,1500,10200,0,0.080000000000000002,-3.0483624025562953e-05,3.5127665164188192e-05,1.7455701823628918e-05,-3.0438701816297642e-05,3.5072246653904311e-05,0.97801529852198577,1.7422626584152599e-05,7.4595291414641428e-05,12250
0,0,0.29999999999999999,1500,10200,0,0.080000000000000002,1.6800195198020052e-05,3.4845044758603158e-05,-3.052753815061872e-05,1.6774790660705177e-05,3.4780885450137144e-05,0.97186984617054617,-3.0468285002360732e-05,7.4595291414641428e-05,12275
0,0,0.29999999999999999,1500,10200,0,0.080000000000000002,1.5383438026739323e-06,3.453690081982439e-05,3.4502623329004436e-05,1.5288694908349212e-06,3.4464121331522514e-05,0.96497996104730599,3.4430193395243932e-05,7.4595291414641428e-05,12300
0,0,0.29999999999999999,1500,10200,0,0.080000000000000002,-1.9092290413360392e-05,3.4203570469884626e-05,-2.8379018299798014e-05,-1.9041811476923535e-05,3.4122296983381039e-05,0.95735092067790906,-2.8315023699431336e-05,7.4595291414641428e-05,12325
0,0,0.29999999999999999,1500,10200,0,0.080000000000000002,3.0751135619282498e-05,3.3845408331204283e-05,1.4137868411838037e-05,3.0667154607880124e-05,3.3755772455404984e-05,0.94898856876410675,1.410594918172665e-05,7.4595291414641428e-05,12350
0,0,0.29999999999999999,1500,10200,0,0.080000000000000002,-3.3235102334277767e-05,3.3462786195600259e-05,3.8969260709615465e-06,-3.3138604214924757e-05,3.3364924827366992e-05,0.93989931071314525,3.8795772221237192e-06,7.4595291414641428e-05,12375
0,0,0.29999999999999999,1500,10200,0,0.080000000000000002,2.6025149429040511e-05,3.3056092682394403e-05,-2.0381287020773763e-05,2.5945377598826321e-05,3.295014786363071e-05,0.93009010872818343,-2.0311317669945713e-05,7.4595291414641428e-05,12400
0,0,0.29999999999999999,1500,10200,0,0.080000000000000002,-1.1455559853291329e-05,3.2625732885731744e-05,3.0548463051007619e-05,-1.1421011380544334e-05,3.2511851656753984e-05,0.9195684764778892,3.0439792988722075e-05,7.4595291414641428e-05,12425
0,0,0.29999999999999999,1500,10200,0,0.080000000000000002,-6.0408444036644525e-06,3.2172128011185951e-05,-3.1599905374207239e-05,-6.0123926602708552e-06,3.2050462260481968e-05,0.9083424733405786,-3.1481474959240712e-05,7.4595291414641428e-05,12450
0,0,0.29999999999999999,1500,10200,0,0.080000000000000002,2.1290997753467162e-05,3.1695715001744762e-05,2.348002904882539e-05,2.1199994412988397e-05,3.1566421312434534e-05,0.89642069822793413,2.3388013839644061e-05,7.4595291414641428e-05,12475
0,0,0.29999999999999999,1500,10200,0,0.080000000000000002,-2.9924466769810595e-05,3.1196946153317733e-05,-8.8190553822678277e-06,-2.979172974907911e-05,3.1060185646798435e-05,0.88381228300162806,-8.7856684988348216e-06,7.4595291414641428e-05,12500
0,0,0.29999999999999999,1500,10200,0,0.080000000000000002,2.9636883549175422e-05,3.0676288719990768e-05,-7.9176905171172393e-06,2.9499093036600356e-05,3.0532226897341016e-05,0.87052688548162993,-7.8753024912514261e-06,7.4595291414641428e-05,12525
0,0,0.29999999999999999,1500,10200,0,0.080000000000000002,-2.0805478548003221e-05,3.0134224509347853e-05,2.1799163955719917e-05,-2.0704904589677599e-05,2.9983031091068258e-05,0.85657468204212683,2.168614948164642e-05,7.4595291414641428e-05,12550
0,0,0.29999999999999999,1500,10200,0,0.080000000000000002,6.2922105331618456e-06,2.9571249468272614e-05,-2.889406308778986e-05,6.2635953081037336e-06,2.941309823285534e-05,0.84196635981947265,-2.8738436308746844e-05,7.4595291414641428e-05,12575
0,0,0.29999999999999999,1500,10200,0,0.080000000000000002,9.4820841402133937e-06,2.8987873259718249e-05,2.7393190330434346e-05,9.4233782114262152e-06,2.8822941881383776e-05,0.82671310852885727,2.7238977987105988e-05,7.4595291414641428e-05,12600
0,0,0.29999999999999999,1500,10200,0,0.080000000000000002,-2.1893376542318317e-05,2.8384618830970206e-05,-1.8065620657916369e-05,-2.1757949703091453e-05,2.821308871672386e-05,0.81082661189243554,-1.7960233841892865e-05,7.4595291414641428e-05,12625
0,0,0.29999999999999999,1500,10200,0,0.080000000000000002,2.7481666634545281e-05,2.7762021973930474e-05,3.9354622433354566e-06,2.7304841886079471e-05,2.7584078099906773e-05,0.79431903868930009,3.9149679689566539e-06,7.4595291414641428e-05,12650
0,0,0.29999999999999999,1500,10200,0,0.080000000000000002,-2.4922078720962616e-05,2.7120630877912409e-05,1.0696663565903079e-05,-2.4754671704954574e-05,2.6936461624834794e-05,0.77720303343375019,1.0619754876931903e-05,7.4595291414641428e-05,12675
0,0,0.29999999999999999,1500,10200,0,0.080000000000000002,1.5325334321782525e-05,2.6461005675370404e-05,-2.1571252844412614e-05,1.5218852933890429e-05,2.6270802662882914e-05,0.75949170669022592,-2.1413584191553517e-05,7.4595291414641428e-05,12700
0,0,0.29999999999999999,1500,10200,0,0.080000000000000002,-1.8044386410501841e-06,2.5783717980908034e-05,2.5720499880633839e-05,-1.7950817891856248e-06,2.5587675900549303e-05,0.7411986250417858,2.5524632012267789e-05,7.4595291414641428e-05,12725
0,0,0.29999999999999999,1500,10200,0,0.080000000000000002,-1.1532875385424292e-05,2.508935042383115e-05,-2.2281568392599089e-05,-1.1436408159395847e-05,2.4887666870516159e-05,0.72233780068305331,-2.210440070821853e-05,7.4595291414641428e-05,12750
0,0,0.29999999999999999,1500,10200,0,0.080000000000000002,2.0840374744960205e-05,2.437849617445811e-05,1.2648709666115893e-05,2.0661189197324932e-05,2.4171371476486446e-05,0.70292368070191136,1.2544738339504972e-05,7.4595291414641428e-05,12775
0,0,0.29999999999999999,1500,10200,0,0.080000000000000002,-2.3651702826914015e-05,2.3651758464377514e-05,5.1301506810330685e-08,-2.3439348591401903e-05,2.3439395512165089e-05,0.68297113600228376,4.6899748938852082e-08,7.4595291414641428e-05,12800
0,0,0.29999999999999999,1500,10200,0,0.080000000000000002,1.9533015863342396e-05,2.2909750100860596e-05,-1.1971547141714659e-05,1.9349643407387472e-05,2.2692354174757785e-05,0.66249544993047804,-1.185471374599967e-05,7.4595291414641428e-05,12825
0,0,0.29999999999999999,1500,10200,0,0.080000000000000002,-1.0097539627970494e-05,2.2153092975693069e-05,1.9717992338249527e-05,-9.9994879982950584e-06,2.1930871573362963e-05,0.64151230655499358,1.9518539077996918e-05,7.4595291414641428e-05,12850
0,0,0.29999999999999999,1500,10200,0,0.080000000000000002,-1.589371326684144e-06,2.1382417568772826e-05,-2.1323266163308074e-05,-1.5690367581166403e-06,2.1155580232636565e-05,0.62003777867177412,-2.1097314962601327e-05,7.4595291414641428e-05,12875
0,0,0.29999999999999999,1500,10200,0,0.080000000000000002,1.200323174655311e-05,2.059836244691612e-05,1.6739622550495689e-05,1.1865778410988015e-05,2.036712059211241e-05,0.59808831547535013,1.6553637180842766e-05,7.4595291414641428e-05,12900
0,0,0.29999999999999999,1500,10200,0,0.080000000000000002,-1.8230502623394294e-05,1.9801573758398996e-05,-7.7298834019491891e-06,-1.8012513339307941e-05,1.9566140501564937e-05,0.57568072998517172,-7.6408911344314627e-06,7.4595291414641428e-05,12925
0,0,0.29999999999999999,1500,10200,0,0.080000000000000002,1.8788814891498833e-05,1.8992704723823846e-05,-2.7754761212001641e-06,1.8552413263786732e-05,1.8753294712805421e-05,0.55283218615862428,-2.7375216300525948e-06,7.4595291414641428e-05,12950
0,0,0.29999999999999999,1500,10200,0,0.080000000000000002,-1.3964916402264427e-05,1.8172415123919057e-05,1.1628318077598671e-05,-1.3779861086744155e-05,1.792924436830782e-05,0.52956018575749186,1.1470537565804484e-05,7.4595291414641428e-05,12975
0,0,0.29999999999999999,1500,10200,0,0.080000000000000002,5.5987345816475315e-06,1.7341370784856884e-05,-1.6412717988869237e-05,5.5216043985770876e-06,1.7094656487067178e-05,0.50588255494454815,-1.6178354838377177e-05,7.4595291414641428e-05,13000
